Middle layer Super Output Areas Code,Middle layer Super Output Areas,Sex (2 categories) Code,Sex (2 categories),Observation
E02000001,City of London 001,1,Female,3861
E02000001,City of London 001,2,Male,4722
E02000002,Barking and Dagenham 001,1,Female,4362
E02000002,Barking and Dagenham 001,2,Male,3919
E02000003,Barking and Dagenham 002,1,Female,5834
E02000003,Barking and Dagenham 002,2,Male,5708
E02000004,Barking and Dagenham 003,1,Female,3394
E02000004,Barking and Dagenham 003,2,Male,3246
E02000005,Barking and Dagenham 004,1,Female,5680
E02000005,Barking and Dagenham 004,2,Male,5402
E02000007,Barking and Dagenham 006,1,Female,5352
E02000007,Barking and Dagenham 006,2,Male,4810
E02000008,Barking and Dagenham 007,1,Female,6855
E02000008,Barking and Dagenham 007,2,Male,6395
E02000009,Barking and Dagenham 008,1,Female,6560
E02000009,Barking and Dagenham 008,2,Male,6304
E02000010,Barking and Dagenham 009,1,Female,4972
E02000010,Barking and Dagenham 009,2,Male,4513
E02000011,Barking and Dagenham 010,1,Female,3609
E02000011,Barking and Dagenham 010,2,Male,3422
E02000012,Barking and Dagenham 011,1,Female,5770
E02000012,Barking and Dagenham 011,2,Male,5741
E02000013,Barking and Dagenham 012,1,Female,4871
E02000013,Barking and Dagenham 012,2,Male,4527
E02000014,Barking and Dagenham 013,1,Female,5122
E02000014,Barking and Dagenham 013,2,Male,4743
E02000015,Barking and Dagenham 014,1,Female,4272
E02000015,Barking and Dagenham 014,2,Male,3956
E02000016,Barking and Dagenham 015,1,Female,5347
E02000016,Barking and Dagenham 015,2,Male,5221
E02000017,Barking and Dagenham 016,1,Female,4419
E02000017,Barking and Dagenham 016,2,Male,4714
E02000018,Barking and Dagenham 017,1,Female,4903
E02000018,Barking and Dagenham 017,2,Male,4649
E02000019,Barking and Dagenham 018,1,Female,5011
E02000019,Barking and Dagenham 018,2,Male,4652
E02000020,Barking and Dagenham 019,1,Female,7109
E02000020,Barking and Dagenham 019,2,Male,6946
E02000021,Barking and Dagenham 020,1,Female,4496
E02000021,Barking and Dagenham 020,2,Male,4263
E02000022,Barking and Dagenham 021,1,Female,3964
E02000022,Barking and Dagenham 021,2,Male,3777
E02000023,Barking and Dagenham 022,1,Female,4179
E02000023,Barking and Dagenham 022,2,Male,3840
E02000024,Barnet 001,1,Female,5631
E02000024,Barnet 001,2,Male,5210
E02000025,Barnet 002,1,Female,4501
E02000025,Barnet 002,2,Male,4081
E02000026,Barnet 003,1,Female,3324
E02000026,Barnet 003,2,Male,3133
E02000027,Barnet 004,1,Female,5039
E02000027,Barnet 004,2,Male,4607
E02000028,Barnet 005,1,Female,3342
E02000028,Barnet 005,2,Male,3191
E02000029,Barnet 006,1,Female,4927
E02000029,Barnet 006,2,Male,4751
E02000030,Barnet 007,1,Female,4853
E02000030,Barnet 007,2,Male,4604
E02000031,Barnet 008,1,Female,4375
E02000031,Barnet 008,2,Male,3956
E02000032,Barnet 009,1,Female,4034
E02000032,Barnet 009,2,Male,3905
E02000033,Barnet 010,1,Female,4597
E02000033,Barnet 010,2,Male,4294
E02000034,Barnet 011,1,Female,4757
E02000034,Barnet 011,2,Male,4330
E02000035,Barnet 012,1,Female,4401
E02000035,Barnet 012,2,Male,4129
E02000036,Barnet 013,1,Female,5748
E02000036,Barnet 013,2,Male,5496
E02000037,Barnet 014,1,Female,5587
E02000037,Barnet 014,2,Male,5248
E02000038,Barnet 015,1,Female,5544
E02000038,Barnet 015,2,Male,5175
E02000039,Barnet 016,1,Female,3674
E02000039,Barnet 016,2,Male,3494
E02000040,Barnet 017,1,Female,4743
E02000040,Barnet 017,2,Male,4396
E02000041,Barnet 018,1,Female,4900
E02000041,Barnet 018,2,Male,4555
E02000042,Barnet 019,1,Female,5885
E02000042,Barnet 019,2,Male,5674
E02000043,Barnet 020,1,Female,3889
E02000043,Barnet 020,2,Male,3681
E02000044,Barnet 021,1,Female,4597
E02000044,Barnet 021,2,Male,4247
E02000045,Barnet 022,1,Female,5505
E02000045,Barnet 022,2,Male,5019
E02000046,Barnet 023,1,Female,3608
E02000046,Barnet 023,2,Male,3354
E02000047,Barnet 024,1,Female,6381
E02000047,Barnet 024,2,Male,6016
E02000048,Barnet 025,1,Female,5398
E02000048,Barnet 025,2,Male,4885
E02000049,Barnet 026,1,Female,5498
E02000049,Barnet 026,2,Male,5034
E02000050,Barnet 027,1,Female,5300
E02000050,Barnet 027,2,Male,5078
E02000051,Barnet 028,1,Female,4806
E02000051,Barnet 028,2,Male,4354
E02000052,Barnet 029,1,Female,5200
E02000052,Barnet 029,2,Male,4649
E02000054,Barnet 031,1,Female,3850
E02000054,Barnet 031,2,Male,3781
E02000055,Barnet 032,1,Female,5948
E02000055,Barnet 032,2,Male,5777
E02000056,Barnet 033,1,Female,4849
E02000056,Barnet 033,2,Male,4281
E02000057,Barnet 034,1,Female,4048
E02000057,Barnet 034,2,Male,3965
E02000058,Barnet 035,1,Female,5439
E02000058,Barnet 035,2,Male,4788
E02000059,Barnet 036,1,Female,5902
E02000059,Barnet 036,2,Male,5724
E02000060,Barnet 037,1,Female,5748
E02000060,Barnet 037,2,Male,5810
E02000061,Barnet 038,1,Female,4284
E02000061,Barnet 038,2,Male,4062
E02000062,Barnet 039,1,Female,3568
E02000062,Barnet 039,2,Male,3390
E02000063,Barnet 040,1,Female,3928
E02000063,Barnet 040,2,Male,3656
E02000064,Barnet 041,1,Female,3464
E02000064,Barnet 041,2,Male,3212
E02000065,Bexley 001,1,Female,4144
E02000065,Bexley 001,2,Male,3918
E02000066,Bexley 002,1,Female,4873
E02000066,Bexley 002,2,Male,4557
E02000067,Bexley 003,1,Female,5225
E02000067,Bexley 003,2,Male,5006
E02000068,Bexley 004,1,Female,4323
E02000068,Bexley 004,2,Male,3853
E02000069,Bexley 005,1,Female,3750
E02000069,Bexley 005,2,Male,3462
E02000070,Bexley 006,1,Female,4237
E02000070,Bexley 006,2,Male,3874
E02000071,Bexley 007,1,Female,3952
E02000071,Bexley 007,2,Male,3720
E02000072,Bexley 008,1,Female,6827
E02000072,Bexley 008,2,Male,6097
E02000073,Bexley 009,1,Female,5508
E02000073,Bexley 009,2,Male,5218
E02000074,Bexley 010,1,Female,4666
E02000074,Bexley 010,2,Male,4195
E02000075,Bexley 011,1,Female,4133
E02000075,Bexley 011,2,Male,3853
E02000077,Bexley 013,1,Female,4270
E02000077,Bexley 013,2,Male,3870
E02000078,Bexley 014,1,Female,4092
E02000078,Bexley 014,2,Male,3841
E02000079,Bexley 015,1,Female,4633
E02000079,Bexley 015,2,Male,4137
E02000080,Bexley 016,1,Female,5147
E02000080,Bexley 016,2,Male,4918
E02000081,Bexley 017,1,Female,4336
E02000081,Bexley 017,2,Male,3970
E02000082,Bexley 018,1,Female,4702
E02000082,Bexley 018,2,Male,4634
E02000083,Bexley 019,1,Female,5817
E02000083,Bexley 019,2,Male,5453
E02000084,Bexley 020,1,Female,5717
E02000084,Bexley 020,2,Male,5398
E02000085,Bexley 021,1,Female,4173
E02000085,Bexley 021,2,Male,3788
E02000086,Bexley 022,1,Female,3718
E02000086,Bexley 022,2,Male,3460
E02000087,Bexley 023,1,Female,4195
E02000087,Bexley 023,2,Male,4014
E02000088,Bexley 024,1,Female,3979
E02000088,Bexley 024,2,Male,3771
E02000089,Bexley 025,1,Female,4000
E02000089,Bexley 025,2,Male,3869
E02000090,Bexley 026,1,Female,5141
E02000090,Bexley 026,2,Male,4497
E02000091,Bexley 027,1,Female,5378
E02000091,Bexley 027,2,Male,4786
E02000092,Bexley 028,1,Female,3607
E02000092,Bexley 028,2,Male,3146
E02000093,Brent 001,1,Female,5894
E02000093,Brent 001,2,Male,5983
E02000094,Brent 002,1,Female,5212
E02000094,Brent 002,2,Male,5250
E02000095,Brent 003,1,Female,5141
E02000095,Brent 003,2,Male,5320
E02000096,Brent 004,1,Female,3867
E02000096,Brent 004,2,Male,3765
E02000097,Brent 005,1,Female,4776
E02000097,Brent 005,2,Male,4756
E02000098,Brent 006,1,Female,4468
E02000098,Brent 006,2,Male,4276
E02000099,Brent 007,1,Female,4670
E02000099,Brent 007,2,Male,4890
E02000100,Brent 008,1,Female,4303
E02000100,Brent 008,2,Male,4016
E02000101,Brent 009,1,Female,5204
E02000101,Brent 009,2,Male,4733
E02000102,Brent 010,1,Female,4141
E02000102,Brent 010,2,Male,4187
E02000103,Brent 011,1,Female,5198
E02000103,Brent 011,2,Male,4775
E02000104,Brent 012,1,Female,3718
E02000104,Brent 012,2,Male,3787
E02000105,Brent 013,1,Female,4869
E02000105,Brent 013,2,Male,4975
E02000106,Brent 014,1,Female,5162
E02000106,Brent 014,2,Male,5191
E02000107,Brent 015,1,Female,5562
E02000107,Brent 015,2,Male,5375
E02000108,Brent 016,1,Female,3644
E02000108,Brent 016,2,Male,3615
E02000110,Brent 018,1,Female,4159
E02000110,Brent 018,2,Male,4016
E02000111,Brent 019,1,Female,5499
E02000111,Brent 019,2,Male,5785
E02000112,Brent 020,1,Female,5771
E02000112,Brent 020,2,Male,5978
E02000113,Brent 021,1,Female,5076
E02000113,Brent 021,2,Male,4554
E02000114,Brent 022,1,Female,4573
E02000114,Brent 022,2,Male,4423
E02000115,Brent 023,1,Female,4359
E02000115,Brent 023,2,Male,4263
E02000116,Brent 024,1,Female,4519
E02000116,Brent 024,2,Male,4030
E02000117,Brent 025,1,Female,6872
E02000117,Brent 025,2,Male,5861
E02000118,Brent 026,1,Female,5570
E02000118,Brent 026,2,Male,5724
E02000119,Brent 027,1,Female,5559
E02000119,Brent 027,2,Male,5065
E02000120,Brent 028,1,Female,4738
E02000120,Brent 028,2,Male,4279
E02000121,Brent 029,1,Female,6124
E02000121,Brent 029,2,Male,6116
E02000122,Brent 030,1,Female,4249
E02000122,Brent 030,2,Male,3928
E02000123,Brent 031,1,Female,7143
E02000123,Brent 031,2,Male,6435
E02000124,Brent 032,1,Female,5331
E02000124,Brent 032,2,Male,4623
E02000125,Brent 033,1,Female,5270
E02000125,Brent 033,2,Male,4671
E02000126,Brent 034,1,Female,4243
E02000126,Brent 034,2,Male,3951
E02000127,Bromley 001,1,Female,4963
E02000127,Bromley 001,2,Male,4367
E02000128,Bromley 002,1,Female,3999
E02000128,Bromley 002,2,Male,3790
E02000130,Bromley 004,1,Female,4471
E02000130,Bromley 004,2,Male,3955
E02000131,Bromley 005,1,Female,5474
E02000131,Bromley 005,2,Male,5011
E02000132,Bromley 006,1,Female,5089
E02000132,Bromley 006,2,Male,4743
E02000133,Bromley 007,1,Female,5594
E02000133,Bromley 007,2,Male,5159
E02000134,Bromley 008,1,Female,6112
E02000134,Bromley 008,2,Male,5639
E02000135,Bromley 009,1,Female,5270
E02000135,Bromley 009,2,Male,4601
E02000136,Bromley 010,1,Female,3011
E02000136,Bromley 010,2,Male,2733
E02000137,Bromley 011,1,Female,4423
E02000137,Bromley 011,2,Male,3979
E02000138,Bromley 012,1,Female,4462
E02000138,Bromley 012,2,Male,4040
E02000139,Bromley 013,1,Female,4001
E02000139,Bromley 013,2,Male,3713
E02000140,Bromley 014,1,Female,4562
E02000140,Bromley 014,2,Male,4118
E02000141,Bromley 015,1,Female,3801
E02000141,Bromley 015,2,Male,3431
E02000142,Bromley 016,1,Female,4635
E02000142,Bromley 016,2,Male,4181
E02000144,Bromley 018,1,Female,5147
E02000144,Bromley 018,2,Male,4916
E02000145,Bromley 019,1,Female,4768
E02000145,Bromley 019,2,Male,4056
E02000146,Bromley 020,1,Female,5106
E02000146,Bromley 020,2,Male,4597
E02000147,Bromley 021,1,Female,4124
E02000147,Bromley 021,2,Male,4066
E02000148,Bromley 022,1,Female,3481
E02000148,Bromley 022,2,Male,3242
E02000149,Bromley 023,1,Female,4244
E02000149,Bromley 023,2,Male,3922
E02000150,Bromley 024,1,Female,4380
E02000150,Bromley 024,2,Male,4136
E02000151,Bromley 025,1,Female,3895
E02000151,Bromley 025,2,Male,3647
E02000152,Bromley 026,1,Female,4150
E02000152,Bromley 026,2,Male,3816
E02000153,Bromley 027,1,Female,4164
E02000153,Bromley 027,2,Male,3942
E02000154,Bromley 028,1,Female,4357
E02000154,Bromley 028,2,Male,4171
E02000155,Bromley 029,1,Female,3700
E02000155,Bromley 029,2,Male,3456
E02000156,Bromley 030,1,Female,6314
E02000156,Bromley 030,2,Male,5978
E02000157,Bromley 031,1,Female,4322
E02000157,Bromley 031,2,Male,4045
E02000158,Bromley 032,1,Female,4102
E02000158,Bromley 032,2,Male,3686
E02000159,Bromley 033,1,Female,3666
E02000159,Bromley 033,2,Male,3451
E02000160,Bromley 034,1,Female,4160
E02000160,Bromley 034,2,Male,3948
E02000161,Bromley 035,1,Female,4464
E02000161,Bromley 035,2,Male,4238
E02000162,Bromley 036,1,Female,3806
E02000162,Bromley 036,2,Male,3315
E02000163,Bromley 037,1,Female,3973
E02000163,Bromley 037,2,Male,3743
E02000165,Bromley 039,1,Female,3667
E02000165,Bromley 039,2,Male,3505
E02000166,Camden 001,1,Female,4157
E02000166,Camden 001,2,Male,3588
E02000167,Camden 002,1,Female,3767
E02000167,Camden 002,2,Male,3432
E02000168,Camden 003,1,Female,4141
E02000168,Camden 003,2,Male,3673
E02000169,Camden 004,1,Female,3771
E02000169,Camden 004,2,Male,3406
E02000170,Camden 005,1,Female,4127
E02000170,Camden 005,2,Male,3789
E02000171,Camden 006,1,Female,3931
E02000171,Camden 006,2,Male,3460
E02000172,Camden 007,1,Female,5338
E02000172,Camden 007,2,Male,4660
E02000173,Camden 008,1,Female,3953
E02000173,Camden 008,2,Male,3540
E02000174,Camden 009,1,Female,4407
E02000174,Camden 009,2,Male,3679
E02000175,Camden 010,1,Female,4770
E02000175,Camden 010,2,Male,4312
E02000176,Camden 011,1,Female,3152
E02000176,Camden 011,2,Male,2762
E02000177,Camden 012,1,Female,4594
E02000177,Camden 012,2,Male,3894
E02000178,Camden 013,1,Female,4696
E02000178,Camden 013,2,Male,4207
E02000179,Camden 014,1,Female,3049
E02000179,Camden 014,2,Male,2699
E02000180,Camden 015,1,Female,4129
E02000180,Camden 015,2,Male,3750
E02000181,Camden 016,1,Female,4215
E02000181,Camden 016,2,Male,3861
E02000182,Camden 017,1,Female,3819
E02000182,Camden 017,2,Male,3298
E02000183,Camden 018,1,Female,3942
E02000183,Camden 018,2,Male,3649
E02000184,Camden 019,1,Female,4637
E02000184,Camden 019,2,Male,4271
E02000185,Camden 020,1,Female,4749
E02000185,Camden 020,2,Male,4132
E02000186,Camden 021,1,Female,3217
E02000186,Camden 021,2,Male,3006
E02000187,Camden 022,1,Female,5185
E02000187,Camden 022,2,Male,4599
E02000188,Camden 023,1,Female,3854
E02000188,Camden 023,2,Male,3325
E02000191,Camden 026,1,Female,2721
E02000191,Camden 026,2,Male,2616
E02000192,Camden 027,1,Female,3321
E02000192,Camden 027,2,Male,3338
E02000193,Camden 028,1,Female,2953
E02000193,Camden 028,2,Male,3008
E02000194,Croydon 001,1,Female,4840
E02000194,Croydon 001,2,Male,4371
E02000195,Croydon 002,1,Female,5043
E02000195,Croydon 002,2,Male,4606
E02000196,Croydon 003,1,Female,4152
E02000196,Croydon 003,2,Male,3761
E02000197,Croydon 004,1,Female,4688
E02000197,Croydon 004,2,Male,4337
E02000198,Croydon 005,1,Female,4695
E02000198,Croydon 005,2,Male,4190
E02000199,Croydon 006,1,Female,4379
E02000199,Croydon 006,2,Male,4034
E02000200,Croydon 007,1,Female,4767
E02000200,Croydon 007,2,Male,4282
E02000201,Croydon 008,1,Female,4663
E02000201,Croydon 008,2,Male,4029
E02000202,Croydon 009,1,Female,4600
E02000202,Croydon 009,2,Male,4329
E02000203,Croydon 010,1,Female,4162
E02000203,Croydon 010,2,Male,3803
E02000204,Croydon 011,1,Female,4955
E02000204,Croydon 011,2,Male,4700
E02000206,Croydon 013,1,Female,5672
E02000206,Croydon 013,2,Male,5146
E02000207,Croydon 014,1,Female,4713
E02000207,Croydon 014,2,Male,4189
E02000208,Croydon 015,1,Female,5675
E02000208,Croydon 015,2,Male,5187
E02000209,Croydon 016,1,Female,4704
E02000209,Croydon 016,2,Male,4363
E02000210,Croydon 017,1,Female,4527
E02000210,Croydon 017,2,Male,4186
E02000211,Croydon 018,1,Female,4311
E02000211,Croydon 018,2,Male,3962
E02000212,Croydon 019,1,Female,4883
E02000212,Croydon 019,2,Male,4579
E02000213,Croydon 020,1,Female,6458
E02000213,Croydon 020,2,Male,6340
E02000214,Croydon 021,1,Female,3187
E02000214,Croydon 021,2,Male,3049
E02000215,Croydon 022,1,Female,5944
E02000215,Croydon 022,2,Male,5881
E02000216,Croydon 023,1,Female,3653
E02000216,Croydon 023,2,Male,3509
E02000217,Croydon 024,1,Female,6129
E02000217,Croydon 024,2,Male,5796
E02000218,Croydon 025,1,Female,3583
E02000218,Croydon 025,2,Male,3088
E02000219,Croydon 026,1,Female,4001
E02000219,Croydon 026,2,Male,3628
E02000221,Croydon 028,1,Female,5684
E02000221,Croydon 028,2,Male,5174
E02000222,Croydon 029,1,Female,4324
E02000222,Croydon 029,2,Male,4026
E02000223,Croydon 030,1,Female,4690
E02000223,Croydon 030,2,Male,3840
E02000224,Croydon 031,1,Female,4185
E02000224,Croydon 031,2,Male,3868
E02000225,Croydon 032,1,Female,3961
E02000225,Croydon 032,2,Male,3538
E02000226,Croydon 033,1,Female,3896
E02000226,Croydon 033,2,Male,3719
E02000227,Croydon 034,1,Female,6211
E02000227,Croydon 034,2,Male,5470
E02000228,Croydon 035,1,Female,4055
E02000228,Croydon 035,2,Male,3901
E02000229,Croydon 036,1,Female,3249
E02000229,Croydon 036,2,Male,2986
E02000230,Croydon 037,1,Female,5394
E02000230,Croydon 037,2,Male,5108
E02000231,Croydon 038,1,Female,4056
E02000231,Croydon 038,2,Male,3874
E02000232,Croydon 039,1,Female,3257
E02000232,Croydon 039,2,Male,2942
E02000233,Croydon 040,1,Female,3304
E02000233,Croydon 040,2,Male,3060
E02000234,Croydon 041,1,Female,4898
E02000234,Croydon 041,2,Male,4551
E02000235,Croydon 042,1,Female,3546
E02000235,Croydon 042,2,Male,3345
E02000236,Croydon 043,1,Female,4632
E02000236,Croydon 043,2,Male,4498
E02000237,Croydon 044,1,Female,3970
E02000237,Croydon 044,2,Male,3631
E02000238,Ealing 001,1,Female,5325
E02000238,Ealing 001,2,Male,5382
E02000239,Ealing 002,1,Female,4605
E02000239,Ealing 002,2,Male,4437
E02000240,Ealing 003,1,Female,5753
E02000240,Ealing 003,2,Male,5456
E02000241,Ealing 004,1,Female,3782
E02000241,Ealing 004,2,Male,3613
E02000242,Ealing 005,1,Female,3386
E02000242,Ealing 005,2,Male,3499
E02000243,Ealing 006,1,Female,4417
E02000243,Ealing 006,2,Male,4305
E02000244,Ealing 007,1,Female,3811
E02000244,Ealing 007,2,Male,4078
E02000245,Ealing 008,1,Female,4855
E02000245,Ealing 008,2,Male,4453
E02000246,Ealing 009,1,Female,4768
E02000246,Ealing 009,2,Male,4693
E02000247,Ealing 010,1,Female,5748
E02000247,Ealing 010,2,Male,5407
E02000248,Ealing 011,1,Female,3838
E02000248,Ealing 011,2,Male,3879
E02000249,Ealing 012,1,Female,4256
E02000249,Ealing 012,2,Male,4122
E02000250,Ealing 013,1,Female,3338
E02000250,Ealing 013,2,Male,3144
E02000251,Ealing 014,1,Female,4132
E02000251,Ealing 014,2,Male,4181
E02000252,Ealing 015,1,Female,6290
E02000252,Ealing 015,2,Male,5948
E02000253,Ealing 016,1,Female,5436
E02000253,Ealing 016,2,Male,4908
E02000254,Ealing 017,1,Female,4549
E02000254,Ealing 017,2,Male,4660
E02000255,Ealing 018,1,Female,5137
E02000255,Ealing 018,2,Male,4725
E02000256,Ealing 019,1,Female,4678
E02000256,Ealing 019,2,Male,4505
E02000258,Ealing 021,1,Female,3479
E02000258,Ealing 021,2,Male,3422
E02000259,Ealing 022,1,Female,3340
E02000259,Ealing 022,2,Male,3244
E02000260,Ealing 023,1,Female,4803
E02000260,Ealing 023,2,Male,5032
E02000261,Ealing 024,1,Female,6573
E02000261,Ealing 024,2,Male,6079
E02000262,Ealing 025,1,Female,4801
E02000262,Ealing 025,2,Male,4547
E02000263,Ealing 026,1,Female,6601
E02000263,Ealing 026,2,Male,7105
E02000264,Ealing 027,1,Female,4274
E02000264,Ealing 027,2,Male,4220
E02000265,Ealing 028,1,Female,5777
E02000265,Ealing 028,2,Male,5457
E02000266,Ealing 029,1,Female,6672
E02000266,Ealing 029,2,Male,6442
E02000267,Ealing 030,1,Female,4209
E02000267,Ealing 030,2,Male,3941
E02000268,Ealing 031,1,Female,4754
E02000268,Ealing 031,2,Male,4496
E02000269,Ealing 032,1,Female,4257
E02000269,Ealing 032,2,Male,3910
E02000270,Ealing 033,1,Female,4976
E02000270,Ealing 033,2,Male,4631
E02000271,Ealing 034,1,Female,3665
E02000271,Ealing 034,2,Male,3285
E02000272,Ealing 035,1,Female,3445
E02000272,Ealing 035,2,Male,3268
E02000275,Ealing 038,1,Female,4028
E02000275,Ealing 038,2,Male,4142
E02000276,Ealing 039,1,Female,3479
E02000276,Ealing 039,2,Male,3282
E02000277,Enfield 001,1,Female,3931
E02000277,Enfield 001,2,Male,3593
E02000278,Enfield 002,1,Female,5053
E02000278,Enfield 002,2,Male,4377
E02000279,Enfield 003,1,Female,6547
E02000279,Enfield 003,2,Male,5773
E02000280,Enfield 004,1,Female,4560
E02000280,Enfield 004,2,Male,4074
E02000281,Enfield 005,1,Female,5113
E02000281,Enfield 005,2,Male,4540
E02000282,Enfield 006,1,Female,5373
E02000282,Enfield 006,2,Male,4578
E02000283,Enfield 007,1,Female,4452
E02000283,Enfield 007,2,Male,4085
E02000284,Enfield 008,1,Female,4582
E02000284,Enfield 008,2,Male,4159
E02000285,Enfield 009,1,Female,3441
E02000285,Enfield 009,2,Male,3202
E02000286,Enfield 010,1,Female,4659
E02000286,Enfield 010,2,Male,4029
E02000287,Enfield 011,1,Female,3811
E02000287,Enfield 011,2,Male,3546
E02000288,Enfield 012,1,Female,6729
E02000288,Enfield 012,2,Male,6055
E02000289,Enfield 013,1,Female,3493
E02000289,Enfield 013,2,Male,3281
E02000290,Enfield 014,1,Female,3534
E02000290,Enfield 014,2,Male,3153
E02000291,Enfield 015,1,Female,5368
E02000291,Enfield 015,2,Male,4794
E02000292,Enfield 016,1,Female,5187
E02000292,Enfield 016,2,Male,4650
E02000293,Enfield 017,1,Female,3276
E02000293,Enfield 017,2,Male,3121
E02000294,Enfield 018,1,Female,4896
E02000294,Enfield 018,2,Male,4473
E02000295,Enfield 019,1,Female,4531
E02000295,Enfield 019,2,Male,4157
E02000296,Enfield 020,1,Female,5405
E02000296,Enfield 020,2,Male,4938
E02000297,Enfield 021,1,Female,4795
E02000297,Enfield 021,2,Male,4603
E02000298,Enfield 022,1,Female,4208
E02000298,Enfield 022,2,Male,4045
E02000299,Enfield 023,1,Female,4972
E02000299,Enfield 023,2,Male,4523
E02000300,Enfield 024,1,Female,4624
E02000300,Enfield 024,2,Male,4231
E02000301,Enfield 025,1,Female,5506
E02000301,Enfield 025,2,Male,4714
E02000302,Enfield 026,1,Female,4372
E02000302,Enfield 026,2,Male,4296
E02000303,Enfield 027,1,Female,4411
E02000303,Enfield 027,2,Male,3956
E02000304,Enfield 028,1,Female,4154
E02000304,Enfield 028,2,Male,3885
E02000305,Enfield 029,1,Female,4558
E02000305,Enfield 029,2,Male,4320
E02000306,Enfield 030,1,Female,4886
E02000306,Enfield 030,2,Male,4248
E02000307,Enfield 031,1,Female,5258
E02000307,Enfield 031,2,Male,4854
E02000308,Enfield 032,1,Female,4433
E02000308,Enfield 032,2,Male,4326
E02000309,Enfield 033,1,Female,6050
E02000309,Enfield 033,2,Male,5744
E02000311,Enfield 035,1,Female,5378
E02000311,Enfield 035,2,Male,5166
E02000312,Enfield 036,1,Female,5754
E02000312,Enfield 036,2,Male,5549
E02000313,Greenwich 001,1,Female,3337
E02000313,Greenwich 001,2,Male,3152
E02000314,Greenwich 002,1,Female,6694
E02000314,Greenwich 002,2,Male,7412
E02000315,Greenwich 003,1,Female,5076
E02000315,Greenwich 003,2,Male,4795
E02000317,Greenwich 005,1,Female,3922
E02000317,Greenwich 005,2,Male,3639
E02000318,Greenwich 006,1,Female,5618
E02000318,Greenwich 006,2,Male,5443
E02000319,Greenwich 007,1,Female,5329
E02000319,Greenwich 007,2,Male,5289
E02000320,Greenwich 008,1,Female,3559
E02000320,Greenwich 008,2,Male,3482
E02000321,Greenwich 009,1,Female,4084
E02000321,Greenwich 009,2,Male,3637
E02000323,Greenwich 011,1,Female,6708
E02000323,Greenwich 011,2,Male,6152
E02000324,Greenwich 012,1,Female,4094
E02000324,Greenwich 012,2,Male,3773
E02000326,Greenwich 014,1,Female,3959
E02000326,Greenwich 014,2,Male,3839
E02000327,Greenwich 015,1,Female,3434
E02000327,Greenwich 015,2,Male,3191
E02000328,Greenwich 016,1,Female,3405
E02000328,Greenwich 016,2,Male,3107
E02000329,Greenwich 017,1,Female,3290
E02000329,Greenwich 017,2,Male,3041
E02000331,Greenwich 019,1,Female,4284
E02000331,Greenwich 019,2,Male,3951
E02000332,Greenwich 020,1,Female,3785
E02000332,Greenwich 020,2,Male,3666
E02000333,Greenwich 021,1,Female,3248
E02000333,Greenwich 021,2,Male,2994
E02000334,Greenwich 022,1,Female,3393
E02000334,Greenwich 022,2,Male,3246
E02000335,Greenwich 023,1,Female,3446
E02000335,Greenwich 023,2,Male,3229
E02000337,Greenwich 025,1,Female,4380
E02000337,Greenwich 025,2,Male,4091
E02000339,Greenwich 027,1,Female,3273
E02000339,Greenwich 027,2,Male,3018
E02000340,Greenwich 028,1,Female,3532
E02000340,Greenwich 028,2,Male,3333
E02000341,Greenwich 029,1,Female,4228
E02000341,Greenwich 029,2,Male,3767
E02000342,Greenwich 030,1,Female,3443
E02000342,Greenwich 030,2,Male,2904
E02000343,Greenwich 031,1,Female,3614
E02000343,Greenwich 031,2,Male,3433
E02000344,Greenwich 032,1,Female,3257
E02000344,Greenwich 032,2,Male,3173
E02000345,Hackney 001,1,Female,4168
E02000345,Hackney 001,2,Male,4031
E02000346,Hackney 002,1,Female,4901
E02000346,Hackney 002,2,Male,4497
E02000347,Hackney 003,1,Female,4197
E02000347,Hackney 003,2,Male,3956
E02000348,Hackney 004,1,Female,4177
E02000348,Hackney 004,2,Male,3929
E02000350,Hackney 006,1,Female,5294
E02000350,Hackney 006,2,Male,4947
E02000351,Hackney 007,1,Female,4855
E02000351,Hackney 007,2,Male,4431
E02000352,Hackney 008,1,Female,3601
E02000352,Hackney 008,2,Male,3148
E02000353,Hackney 009,1,Female,4029
E02000353,Hackney 009,2,Male,3734
E02000354,Hackney 010,1,Female,5075
E02000354,Hackney 010,2,Male,4534
E02000355,Hackney 011,1,Female,4359
E02000355,Hackney 011,2,Male,3835
E02000356,Hackney 012,1,Female,3679
E02000356,Hackney 012,2,Male,3355
E02000357,Hackney 013,1,Female,3579
E02000357,Hackney 013,2,Male,3266
E02000358,Hackney 014,1,Female,5867
E02000358,Hackney 014,2,Male,5223
E02000359,Hackney 015,1,Female,3578
E02000359,Hackney 015,2,Male,3119
E02000360,Hackney 016,1,Female,6016
E02000360,Hackney 016,2,Male,5496
E02000361,Hackney 017,1,Female,4288
E02000361,Hackney 017,2,Male,3770
E02000362,Hackney 018,1,Female,3525
E02000362,Hackney 018,2,Male,3436
E02000363,Hackney 019,1,Female,6370
E02000363,Hackney 019,2,Male,5513
E02000364,Hackney 020,1,Female,4828
E02000364,Hackney 020,2,Male,4389
E02000366,Hackney 022,1,Female,4406
E02000366,Hackney 022,2,Male,3922
E02000367,Hackney 023,1,Female,5438
E02000367,Hackney 023,2,Male,4982
E02000368,Hackney 024,1,Female,5262
E02000368,Hackney 024,2,Male,4660
E02000369,Hackney 025,1,Female,6900
E02000369,Hackney 025,2,Male,6558
E02000370,Hackney 026,1,Female,4605
E02000370,Hackney 026,2,Male,4258
E02000372,Hammersmith and Fulham 001,1,Female,5117
E02000372,Hammersmith and Fulham 001,2,Male,4867
E02000373,Hammersmith and Fulham 002,1,Female,3826
E02000373,Hammersmith and Fulham 002,2,Male,3208
E02000374,Hammersmith and Fulham 003,1,Female,3761
E02000374,Hammersmith and Fulham 003,2,Male,3153
E02000375,Hammersmith and Fulham 004,1,Female,3912
E02000375,Hammersmith and Fulham 004,2,Male,3571
E02000376,Hammersmith and Fulham 005,1,Female,3454
E02000376,Hammersmith and Fulham 005,2,Male,3247
E02000377,Hammersmith and Fulham 006,1,Female,4099
E02000377,Hammersmith and Fulham 006,2,Male,3696
E02000378,Hammersmith and Fulham 007,1,Female,3402
E02000378,Hammersmith and Fulham 007,2,Male,3031
E02000379,Hammersmith and Fulham 008,1,Female,3965
E02000379,Hammersmith and Fulham 008,2,Male,3423
E02000380,Hammersmith and Fulham 009,1,Female,2870
E02000380,Hammersmith and Fulham 009,2,Male,2638
E02000381,Hammersmith and Fulham 010,1,Female,4052
E02000381,Hammersmith and Fulham 010,2,Male,3576
E02000382,Hammersmith and Fulham 011,1,Female,3228
E02000382,Hammersmith and Fulham 011,2,Male,2962
E02000383,Hammersmith and Fulham 012,1,Female,4562
E02000383,Hammersmith and Fulham 012,2,Male,3900
E02000384,Hammersmith and Fulham 013,1,Female,4404
E02000384,Hammersmith and Fulham 013,2,Male,3863
E02000385,Hammersmith and Fulham 014,1,Female,2882
E02000385,Hammersmith and Fulham 014,2,Male,2732
E02000386,Hammersmith and Fulham 015,1,Female,4048
E02000386,Hammersmith and Fulham 015,2,Male,3534
E02000387,Hammersmith and Fulham 016,1,Female,3196
E02000387,Hammersmith and Fulham 016,2,Male,2829
E02000388,Hammersmith and Fulham 017,1,Female,4503
E02000388,Hammersmith and Fulham 017,2,Male,4154
E02000389,Hammersmith and Fulham 018,1,Female,4544
E02000389,Hammersmith and Fulham 018,2,Male,4104
E02000390,Hammersmith and Fulham 019,1,Female,3312
E02000390,Hammersmith and Fulham 019,2,Male,2880
E02000391,Hammersmith and Fulham 020,1,Female,3937
E02000391,Hammersmith and Fulham 020,2,Male,3650
E02000392,Hammersmith and Fulham 021,1,Female,5063
E02000392,Hammersmith and Fulham 021,2,Male,4166
E02000393,Hammersmith and Fulham 022,1,Female,3276
E02000393,Hammersmith and Fulham 022,2,Male,2699
E02000394,Hammersmith and Fulham 023,1,Female,5048
E02000394,Hammersmith and Fulham 023,2,Male,4233
E02000395,Hammersmith and Fulham 024,1,Female,3082
E02000395,Hammersmith and Fulham 024,2,Male,2598
E02000396,Hammersmith and Fulham 025,1,Female,3671
E02000396,Hammersmith and Fulham 025,2,Male,3227
E02000397,Haringey 001,1,Female,4064
E02000397,Haringey 001,2,Male,3843
E02000398,Haringey 002,1,Female,3927
E02000398,Haringey 002,2,Male,3592
E02000400,Haringey 004,1,Female,4223
E02000400,Haringey 004,2,Male,3765
E02000401,Haringey 005,1,Female,3611
E02000401,Haringey 005,2,Male,3253
E02000402,Haringey 006,1,Female,3515
E02000402,Haringey 006,2,Male,2957
E02000403,Haringey 007,1,Female,3854
E02000403,Haringey 007,2,Male,3659
E02000404,Haringey 008,1,Female,3676
E02000404,Haringey 008,2,Male,3435
E02000405,Haringey 009,1,Female,3375
E02000405,Haringey 009,2,Male,3099
E02000406,Haringey 010,1,Female,3553
E02000406,Haringey 010,2,Male,3183
E02000407,Haringey 011,1,Female,3868
E02000407,Haringey 011,2,Male,3737
E02000408,Haringey 012,1,Female,4338
E02000408,Haringey 012,2,Male,3914
E02000409,Haringey 013,1,Female,3194
E02000409,Haringey 013,2,Male,2867
E02000410,Haringey 014,1,Female,3375
E02000410,Haringey 014,2,Male,3043
E02000411,Haringey 015,1,Female,5892
E02000411,Haringey 015,2,Male,5536
E02000412,Haringey 016,1,Female,3721
E02000412,Haringey 016,2,Male,3602
E02000413,Haringey 017,1,Female,4099
E02000413,Haringey 017,2,Male,3664
E02000414,Haringey 018,1,Female,3560
E02000414,Haringey 018,2,Male,3519
E02000415,Haringey 019,1,Female,3750
E02000415,Haringey 019,2,Male,3492
E02000416,Haringey 020,1,Female,4400
E02000416,Haringey 020,2,Male,4053
E02000417,Haringey 021,1,Female,3362
E02000417,Haringey 021,2,Male,3194
E02000418,Haringey 022,1,Female,2846
E02000418,Haringey 022,2,Male,2585
E02000419,Haringey 023,1,Female,4428
E02000419,Haringey 023,2,Male,4308
E02000420,Haringey 024,1,Female,4139
E02000420,Haringey 024,2,Male,3849
E02000421,Haringey 025,1,Female,4419
E02000421,Haringey 025,2,Male,4092
E02000422,Haringey 026,1,Female,3860
E02000422,Haringey 026,2,Male,3598
E02000423,Haringey 027,1,Female,3496
E02000423,Haringey 027,2,Male,3411
E02000424,Haringey 028,1,Female,3671
E02000424,Haringey 028,2,Male,3083
E02000425,Haringey 029,1,Female,4020
E02000425,Haringey 029,2,Male,4149
E02000426,Haringey 030,1,Female,3407
E02000426,Haringey 030,2,Male,3085
E02000427,Haringey 031,1,Female,3327
E02000427,Haringey 031,2,Male,3294
E02000428,Haringey 032,1,Female,4298
E02000428,Haringey 032,2,Male,4136
E02000429,Haringey 033,1,Female,3520
E02000429,Haringey 033,2,Male,3273
E02000430,Haringey 034,1,Female,3608
E02000430,Haringey 034,2,Male,3314
E02000431,Haringey 035,1,Female,3063
E02000431,Haringey 035,2,Male,2785
E02000432,Haringey 036,1,Female,3161
E02000432,Haringey 036,2,Male,2959
E02000433,Harrow 001,1,Female,4615
E02000433,Harrow 001,2,Male,3987
E02000434,Harrow 002,1,Female,5063
E02000434,Harrow 002,2,Male,4785
E02000435,Harrow 003,1,Female,4289
E02000435,Harrow 003,2,Male,3902
E02000436,Harrow 004,1,Female,2957
E02000436,Harrow 004,2,Male,2801
E02000437,Harrow 005,1,Female,4523
E02000437,Harrow 005,2,Male,4237
E02000438,Harrow 006,1,Female,4577
E02000438,Harrow 006,2,Male,3971
E02000439,Harrow 007,1,Female,4646
E02000439,Harrow 007,2,Male,4620
E02000440,Harrow 008,1,Female,4862
E02000440,Harrow 008,2,Male,4743
E02000441,Harrow 009,1,Female,3880
E02000441,Harrow 009,2,Male,3601
E02000442,Harrow 010,1,Female,4561
E02000442,Harrow 010,2,Male,5024
E02000443,Harrow 011,1,Female,5492
E02000443,Harrow 011,2,Male,5255
E02000444,Harrow 012,1,Female,4338
E02000444,Harrow 012,2,Male,4377
E02000445,Harrow 013,1,Female,5927
E02000445,Harrow 013,2,Male,5846
E02000447,Harrow 015,1,Female,4123
E02000447,Harrow 015,2,Male,4069
E02000448,Harrow 016,1,Female,3668
E02000448,Harrow 016,2,Male,3402
E02000449,Harrow 017,1,Female,4133
E02000449,Harrow 017,2,Male,4162
E02000451,Harrow 019,1,Female,3436
E02000451,Harrow 019,2,Male,3275
E02000452,Harrow 020,1,Female,4754
E02000452,Harrow 020,2,Male,4749
E02000453,Harrow 021,1,Female,4232
E02000453,Harrow 021,2,Male,4154
E02000454,Harrow 022,1,Female,3785
E02000454,Harrow 022,2,Male,3554
E02000455,Harrow 023,1,Female,5869
E02000455,Harrow 023,2,Male,5800
E02000456,Harrow 024,1,Female,3900
E02000456,Harrow 024,2,Male,3923
E02000457,Harrow 025,1,Female,3550
E02000457,Harrow 025,2,Male,3509
E02000459,Harrow 027,1,Female,4810
E02000459,Harrow 027,2,Male,4516
E02000460,Harrow 028,1,Female,3776
E02000460,Harrow 028,2,Male,3536
E02000461,Harrow 029,1,Female,3330
E02000461,Harrow 029,2,Male,3960
E02000462,Harrow 030,1,Female,3547
E02000462,Harrow 030,2,Male,3435
E02000463,Harrow 031,1,Female,4424
E02000463,Harrow 031,2,Male,4282
E02000464,Havering 001,1,Female,4075
E02000464,Havering 001,2,Male,3682
E02000465,Havering 002,1,Female,4775
E02000465,Havering 002,2,Male,4571
E02000466,Havering 003,1,Female,4733
E02000466,Havering 003,2,Male,4336
E02000467,Havering 004,1,Female,5973
E02000467,Havering 004,2,Male,5484
E02000468,Havering 005,1,Female,4572
E02000468,Havering 005,2,Male,4078
E02000469,Havering 006,1,Female,3773
E02000469,Havering 006,2,Male,3510
E02000470,Havering 007,1,Female,5012
E02000470,Havering 007,2,Male,4770
E02000471,Havering 008,1,Female,3987
E02000471,Havering 008,2,Male,3833
E02000472,Havering 009,1,Female,4870
E02000472,Havering 009,2,Male,4602
E02000473,Havering 010,1,Female,5409
E02000473,Havering 010,2,Male,5084
E02000474,Havering 011,1,Female,4820
E02000474,Havering 011,2,Male,4365
E02000475,Havering 012,1,Female,4995
E02000475,Havering 012,2,Male,4617
E02000476,Havering 013,1,Female,4803
E02000476,Havering 013,2,Male,4560
E02000477,Havering 014,1,Female,4903
E02000477,Havering 014,2,Male,4632
E02000478,Havering 015,1,Female,3041
E02000478,Havering 015,2,Male,2949
E02000479,Havering 016,1,Female,4969
E02000479,Havering 016,2,Male,4480
E02000480,Havering 017,1,Female,7230
E02000480,Havering 017,2,Male,6612
E02000481,Havering 018,1,Female,4331
E02000481,Havering 018,2,Male,3903
E02000482,Havering 019,1,Female,3389
E02000482,Havering 019,2,Male,3199
E02000483,Havering 020,1,Female,4163
E02000483,Havering 020,2,Male,3838
E02000484,Havering 021,1,Female,4349
E02000484,Havering 021,2,Male,4143
E02000485,Havering 022,1,Female,4387
E02000485,Havering 022,2,Male,4089
E02000486,Havering 023,1,Female,3752
E02000486,Havering 023,2,Male,3603
E02000487,Havering 024,1,Female,4131
E02000487,Havering 024,2,Male,3781
E02000488,Havering 025,1,Female,3884
E02000488,Havering 025,2,Male,3695
E02000489,Havering 026,1,Female,4493
E02000489,Havering 026,2,Male,4142
E02000490,Havering 027,1,Female,4353
E02000490,Havering 027,2,Male,4118
E02000491,Havering 028,1,Female,5464
E02000491,Havering 028,2,Male,5175
E02000492,Havering 029,1,Female,3519
E02000492,Havering 029,2,Male,3311
E02000493,Havering 030,1,Female,3515
E02000493,Havering 030,2,Male,3222
E02000494,Hillingdon 001,1,Female,4204
E02000494,Hillingdon 001,2,Male,3754
E02000495,Hillingdon 002,1,Female,5425
E02000495,Hillingdon 002,2,Male,4992
E02000496,Hillingdon 003,1,Female,3982
E02000496,Hillingdon 003,2,Male,3819
E02000497,Hillingdon 004,1,Female,4940
E02000497,Hillingdon 004,2,Male,4582
E02000498,Hillingdon 005,1,Female,3331
E02000498,Hillingdon 005,2,Male,3046
E02000499,Hillingdon 006,1,Female,3950
E02000499,Hillingdon 006,2,Male,3777
E02000500,Hillingdon 007,1,Female,4256
E02000500,Hillingdon 007,2,Male,4022
E02000501,Hillingdon 008,1,Female,4414
E02000501,Hillingdon 008,2,Male,4061
E02000502,Hillingdon 009,1,Female,4603
E02000502,Hillingdon 009,2,Male,4326
E02000503,Hillingdon 010,1,Female,4440
E02000503,Hillingdon 010,2,Male,4248
E02000504,Hillingdon 011,1,Female,3905
E02000504,Hillingdon 011,2,Male,3739
E02000506,Hillingdon 013,1,Female,4021
E02000506,Hillingdon 013,2,Male,3940
E02000507,Hillingdon 014,1,Female,4199
E02000507,Hillingdon 014,2,Male,4045
E02000508,Hillingdon 015,1,Female,6029
E02000508,Hillingdon 015,2,Male,5920
E02000509,Hillingdon 016,1,Female,5165
E02000509,Hillingdon 016,2,Male,5390
E02000510,Hillingdon 017,1,Female,4697
E02000510,Hillingdon 017,2,Male,4418
E02000511,Hillingdon 018,1,Female,5011
E02000511,Hillingdon 018,2,Male,4921
E02000512,Hillingdon 019,1,Female,4482
E02000512,Hillingdon 019,2,Male,4341
E02000513,Hillingdon 020,1,Female,4988
E02000513,Hillingdon 020,2,Male,4772
E02000514,Hillingdon 021,1,Female,5196
E02000514,Hillingdon 021,2,Male,5478
E02000515,Hillingdon 022,1,Female,6580
E02000515,Hillingdon 022,2,Male,6713
E02000516,Hillingdon 023,1,Female,4347
E02000516,Hillingdon 023,2,Male,4299
E02000517,Hillingdon 024,1,Female,5310
E02000517,Hillingdon 024,2,Male,5160
E02000518,Hillingdon 025,1,Female,5055
E02000518,Hillingdon 025,2,Male,4577
E02000519,Hillingdon 026,1,Female,4815
E02000519,Hillingdon 026,2,Male,4739
E02000520,Hillingdon 027,1,Female,6986
E02000520,Hillingdon 027,2,Male,7076
E02000521,Hillingdon 028,1,Female,6687
E02000521,Hillingdon 028,2,Male,6503
E02000522,Hillingdon 029,1,Female,4815
E02000522,Hillingdon 029,2,Male,4759
E02000523,Hillingdon 030,1,Female,5542
E02000523,Hillingdon 030,2,Male,5826
E02000524,Hillingdon 031,1,Female,3628
E02000524,Hillingdon 031,2,Male,3907
E02000525,Hillingdon 032,1,Female,5017
E02000525,Hillingdon 032,2,Male,5045
E02000526,Hounslow 001,1,Female,4466
E02000526,Hounslow 001,2,Male,4174
E02000529,Hounslow 004,1,Female,4930
E02000529,Hounslow 004,2,Male,4786
E02000530,Hounslow 005,1,Female,4146
E02000530,Hounslow 005,2,Male,3971
E02000531,Hounslow 006,1,Female,5935
E02000531,Hounslow 006,2,Male,5648
E02000532,Hounslow 007,1,Female,4581
E02000532,Hounslow 007,2,Male,4395
E02000533,Hounslow 008,1,Female,4328
E02000533,Hounslow 008,2,Male,4074
E02000534,Hounslow 009,1,Female,4313
E02000534,Hounslow 009,2,Male,4245
E02000535,Hounslow 010,1,Female,4964
E02000535,Hounslow 010,2,Male,5088
E02000536,Hounslow 011,1,Female,5491
E02000536,Hounslow 011,2,Male,5350
E02000537,Hounslow 012,1,Female,4704
E02000537,Hounslow 012,2,Male,5141
E02000538,Hounslow 013,1,Female,4955
E02000538,Hounslow 013,2,Male,5154
E02000539,Hounslow 014,1,Female,6412
E02000539,Hounslow 014,2,Male,5812
E02000540,Hounslow 015,1,Female,6121
E02000540,Hounslow 015,2,Male,6002
E02000541,Hounslow 016,1,Female,5156
E02000541,Hounslow 016,2,Male,5462
E02000542,Hounslow 017,1,Female,6022
E02000542,Hounslow 017,2,Male,6281
E02000543,Hounslow 018,1,Female,6878
E02000543,Hounslow 018,2,Male,7123
E02000544,Hounslow 019,1,Female,4250
E02000544,Hounslow 019,2,Male,4307
E02000545,Hounslow 020,1,Female,4891
E02000545,Hounslow 020,2,Male,4346
E02000546,Hounslow 021,1,Female,5065
E02000546,Hounslow 021,2,Male,5362
E02000547,Hounslow 022,1,Female,5531
E02000547,Hounslow 022,2,Male,5468
E02000548,Hounslow 023,1,Female,5475
E02000548,Hounslow 023,2,Male,5101
E02000549,Hounslow 024,1,Female,6227
E02000549,Hounslow 024,2,Male,6309
E02000550,Hounslow 025,1,Female,5443
E02000550,Hounslow 025,2,Male,5269
E02000551,Hounslow 026,1,Female,4903
E02000551,Hounslow 026,2,Male,4849
E02000552,Hounslow 027,1,Female,4495
E02000552,Hounslow 027,2,Male,4761
E02000553,Hounslow 028,1,Female,3579
E02000553,Hounslow 028,2,Male,3536
E02000554,Islington 001,1,Female,4978
E02000554,Islington 001,2,Male,4378
E02000555,Islington 002,1,Female,5116
E02000555,Islington 002,2,Male,4455
E02000556,Islington 003,1,Female,6112
E02000556,Islington 003,2,Male,5284
E02000557,Islington 004,1,Female,4707
E02000557,Islington 004,2,Male,4076
E02000558,Islington 005,1,Female,4971
E02000558,Islington 005,2,Male,4462
E02000559,Islington 006,1,Female,4979
E02000559,Islington 006,2,Male,4602
E02000560,Islington 007,1,Female,3741
E02000560,Islington 007,2,Male,3614
E02000561,Islington 008,1,Female,3806
E02000561,Islington 008,2,Male,3581
E02000562,Islington 009,1,Female,4085
E02000562,Islington 009,2,Male,3780
E02000563,Islington 010,1,Female,4523
E02000563,Islington 010,2,Male,4159
E02000564,Islington 011,1,Female,6431
E02000564,Islington 011,2,Male,5989
E02000565,Islington 012,1,Female,4484
E02000565,Islington 012,2,Male,4058
E02000566,Islington 013,1,Female,4527
E02000566,Islington 013,2,Male,4029
E02000567,Islington 014,1,Female,5582
E02000567,Islington 014,2,Male,4856
E02000568,Islington 015,1,Female,5731
E02000568,Islington 015,2,Male,5609
E02000569,Islington 016,1,Female,5324
E02000569,Islington 016,2,Male,4615
E02000570,Islington 017,1,Female,4208
E02000570,Islington 017,2,Male,4078
E02000571,Islington 018,1,Female,4568
E02000571,Islington 018,2,Male,4354
E02000572,Islington 019,1,Female,4742
E02000572,Islington 019,2,Male,3860
E02000573,Islington 020,1,Female,5319
E02000573,Islington 020,2,Male,4995
E02000574,Islington 021,1,Female,4108
E02000574,Islington 021,2,Male,3725
E02000575,Islington 022,1,Female,5727
E02000575,Islington 022,2,Male,5586
E02000576,Islington 023,1,Female,5519
E02000576,Islington 023,2,Male,5156
E02000577,Kensington and Chelsea 001,1,Female,3972
E02000577,Kensington and Chelsea 001,2,Male,3741
E02000578,Kensington and Chelsea 002,1,Female,3196
E02000578,Kensington and Chelsea 002,2,Male,2808
E02000579,Kensington and Chelsea 003,1,Female,4793
E02000579,Kensington and Chelsea 003,2,Male,4200
E02000580,Kensington and Chelsea 004,1,Female,4153
E02000580,Kensington and Chelsea 004,2,Male,3742
E02000581,Kensington and Chelsea 005,1,Female,3800
E02000581,Kensington and Chelsea 005,2,Male,3592
E02000582,Kensington and Chelsea 006,1,Female,3622
E02000582,Kensington and Chelsea 006,2,Male,2921
E02000583,Kensington and Chelsea 007,1,Female,3434
E02000583,Kensington and Chelsea 007,2,Male,2994
E02000584,Kensington and Chelsea 008,1,Female,3768
E02000584,Kensington and Chelsea 008,2,Male,3407
E02000585,Kensington and Chelsea 009,1,Female,4455
E02000585,Kensington and Chelsea 009,2,Male,3633
E02000586,Kensington and Chelsea 010,1,Female,3451
E02000586,Kensington and Chelsea 010,2,Male,3023
E02000587,Kensington and Chelsea 011,1,Female,3482
E02000587,Kensington and Chelsea 011,2,Male,3014
E02000588,Kensington and Chelsea 012,1,Female,3151
E02000588,Kensington and Chelsea 012,2,Male,2832
E02000589,Kensington and Chelsea 013,1,Female,3654
E02000589,Kensington and Chelsea 013,2,Male,3596
E02000590,Kensington and Chelsea 014,1,Female,3317
E02000590,Kensington and Chelsea 014,2,Male,2657
E02000591,Kensington and Chelsea 015,1,Female,3286
E02000591,Kensington and Chelsea 015,2,Male,2926
E02000592,Kensington and Chelsea 016,1,Female,2994
E02000592,Kensington and Chelsea 016,2,Male,2770
E02000593,Kensington and Chelsea 017,1,Female,3773
E02000593,Kensington and Chelsea 017,2,Male,3620
E02000594,Kensington and Chelsea 018,1,Female,3642
E02000594,Kensington and Chelsea 018,2,Male,2840
E02000595,Kensington and Chelsea 019,1,Female,3454
E02000595,Kensington and Chelsea 019,2,Male,2710
E02000596,Kensington and Chelsea 020,1,Female,3454
E02000596,Kensington and Chelsea 020,2,Male,3164
E02000597,Kensington and Chelsea 021,1,Female,3463
E02000597,Kensington and Chelsea 021,2,Male,2873
E02000598,Kingston upon Thames 001,1,Female,4178
E02000598,Kingston upon Thames 001,2,Male,3915
E02000599,Kingston upon Thames 002,1,Female,3682
E02000599,Kingston upon Thames 002,2,Male,3326
E02000600,Kingston upon Thames 003,1,Female,4411
E02000600,Kingston upon Thames 003,2,Male,3949
E02000601,Kingston upon Thames 004,1,Female,6099
E02000601,Kingston upon Thames 004,2,Male,5805
E02000602,Kingston upon Thames 005,1,Female,5482
E02000602,Kingston upon Thames 005,2,Male,4831
E02000603,Kingston upon Thames 006,1,Female,4509
E02000603,Kingston upon Thames 006,2,Male,4127
E02000604,Kingston upon Thames 007,1,Female,4831
E02000604,Kingston upon Thames 007,2,Male,4410
E02000605,Kingston upon Thames 008,1,Female,4396
E02000605,Kingston upon Thames 008,2,Male,4093
E02000606,Kingston upon Thames 009,1,Female,5495
E02000606,Kingston upon Thames 009,2,Male,5066
E02000607,Kingston upon Thames 010,1,Female,3549
E02000607,Kingston upon Thames 010,2,Male,3244
E02000608,Kingston upon Thames 011,1,Female,3644
E02000608,Kingston upon Thames 011,2,Male,3555
E02000609,Kingston upon Thames 012,1,Female,3857
E02000609,Kingston upon Thames 012,2,Male,3771
E02000610,Kingston upon Thames 013,1,Female,4118
E02000610,Kingston upon Thames 013,2,Male,3835
E02000611,Kingston upon Thames 014,1,Female,3802
E02000611,Kingston upon Thames 014,2,Male,3638
E02000612,Kingston upon Thames 015,1,Female,4252
E02000612,Kingston upon Thames 015,2,Male,4000
E02000613,Kingston upon Thames 016,1,Female,4215
E02000613,Kingston upon Thames 016,2,Male,3878
E02000614,Kingston upon Thames 017,1,Female,4745
E02000614,Kingston upon Thames 017,2,Male,4549
E02000615,Kingston upon Thames 018,1,Female,4076
E02000615,Kingston upon Thames 018,2,Male,3804
E02000616,Kingston upon Thames 019,1,Female,3093
E02000616,Kingston upon Thames 019,2,Male,2968
E02000617,Kingston upon Thames 020,1,Female,4611
E02000617,Kingston upon Thames 020,2,Male,4252
E02000619,Lambeth 002,1,Female,4660
E02000619,Lambeth 002,2,Male,4439
E02000620,Lambeth 003,1,Female,4844
E02000620,Lambeth 003,2,Male,5001
E02000621,Lambeth 004,1,Female,6131
E02000621,Lambeth 004,2,Male,6389
E02000622,Lambeth 005,1,Female,4120
E02000622,Lambeth 005,2,Male,4284
E02000623,Lambeth 006,1,Female,4017
E02000623,Lambeth 006,2,Male,3842
E02000624,Lambeth 007,1,Female,4792
E02000624,Lambeth 007,2,Male,4839
E02000625,Lambeth 008,1,Female,4717
E02000625,Lambeth 008,2,Male,4585
E02000626,Lambeth 009,1,Female,4399
E02000626,Lambeth 009,2,Male,3963
E02000627,Lambeth 010,1,Female,5040
E02000627,Lambeth 010,2,Male,4516
E02000628,Lambeth 011,1,Female,5520
E02000628,Lambeth 011,2,Male,5265
E02000629,Lambeth 012,1,Female,4597
E02000629,Lambeth 012,2,Male,4520
E02000630,Lambeth 013,1,Female,3884
E02000630,Lambeth 013,2,Male,3654
E02000631,Lambeth 014,1,Female,4939
E02000631,Lambeth 014,2,Male,4586
E02000632,Lambeth 015,1,Female,4898
E02000632,Lambeth 015,2,Male,4688
E02000633,Lambeth 016,1,Female,4783
E02000633,Lambeth 016,2,Male,4377
E02000634,Lambeth 017,1,Female,3605
E02000634,Lambeth 017,2,Male,3168
E02000635,Lambeth 018,1,Female,5069
E02000635,Lambeth 018,2,Male,4743
E02000636,Lambeth 019,1,Female,3988
E02000636,Lambeth 019,2,Male,3729
E02000637,Lambeth 020,1,Female,4390
E02000637,Lambeth 020,2,Male,4013
E02000638,Lambeth 021,1,Female,5122
E02000638,Lambeth 021,2,Male,5133
E02000639,Lambeth 022,1,Female,4226
E02000639,Lambeth 022,2,Male,4095
E02000640,Lambeth 023,1,Female,4957
E02000640,Lambeth 023,2,Male,4336
E02000641,Lambeth 024,1,Female,4706
E02000641,Lambeth 024,2,Male,3924
E02000642,Lambeth 025,1,Female,5138
E02000642,Lambeth 025,2,Male,4671
E02000643,Lambeth 026,1,Female,4780
E02000643,Lambeth 026,2,Male,4598
E02000644,Lambeth 027,1,Female,4466
E02000644,Lambeth 027,2,Male,4055
E02000645,Lambeth 028,1,Female,5015
E02000645,Lambeth 028,2,Male,4518
E02000646,Lambeth 029,1,Female,4971
E02000646,Lambeth 029,2,Male,4526
E02000647,Lambeth 030,1,Female,4478
E02000647,Lambeth 030,2,Male,4115
E02000648,Lambeth 031,1,Female,4277
E02000648,Lambeth 031,2,Male,3548
E02000649,Lambeth 032,1,Female,6351
E02000649,Lambeth 032,2,Male,6126
E02000650,Lambeth 033,1,Female,4051
E02000650,Lambeth 033,2,Male,3615
E02000651,Lambeth 034,1,Female,4518
E02000651,Lambeth 034,2,Male,4217
E02000652,Lambeth 035,1,Female,3875
E02000652,Lambeth 035,2,Male,3684
E02000653,Lewisham 001,1,Female,6435
E02000653,Lewisham 001,2,Male,6173
E02000654,Lewisham 002,1,Female,4653
E02000654,Lewisham 002,2,Male,4134
E02000655,Lewisham 003,1,Female,5372
E02000655,Lewisham 003,2,Male,4910
E02000657,Lewisham 005,1,Female,5298
E02000657,Lewisham 005,2,Male,4608
E02000658,Lewisham 006,1,Female,4519
E02000658,Lewisham 006,2,Male,4100
E02000659,Lewisham 007,1,Female,4216
E02000659,Lewisham 007,2,Male,3847
E02000660,Lewisham 008,1,Female,4318
E02000660,Lewisham 008,2,Male,3888
E02000661,Lewisham 009,1,Female,3443
E02000661,Lewisham 009,2,Male,3050
E02000662,Lewisham 010,1,Female,4389
E02000662,Lewisham 010,2,Male,3906
E02000663,Lewisham 011,1,Female,3633
E02000663,Lewisham 011,2,Male,3163
E02000665,Lewisham 013,1,Female,4245
E02000665,Lewisham 013,2,Male,3910
E02000666,Lewisham 014,1,Female,3859
E02000666,Lewisham 014,2,Male,3330
E02000667,Lewisham 015,1,Female,3521
E02000667,Lewisham 015,2,Male,3166
E02000668,Lewisham 016,1,Female,3579
E02000668,Lewisham 016,2,Male,3281
E02000669,Lewisham 017,1,Female,4116
E02000669,Lewisham 017,2,Male,3856
E02000670,Lewisham 018,1,Female,3524
E02000670,Lewisham 018,2,Male,3182
E02000671,Lewisham 019,1,Female,4597
E02000671,Lewisham 019,2,Male,4143
E02000672,Lewisham 020,1,Female,5278
E02000672,Lewisham 020,2,Male,4994
E02000673,Lewisham 021,1,Female,4223
E02000673,Lewisham 021,2,Male,3916
E02000674,Lewisham 022,1,Female,4385
E02000674,Lewisham 022,2,Male,4069
E02000675,Lewisham 023,1,Female,4415
E02000675,Lewisham 023,2,Male,4112
E02000676,Lewisham 024,1,Female,4220
E02000676,Lewisham 024,2,Male,3596
E02000677,Lewisham 025,1,Female,3782
E02000677,Lewisham 025,2,Male,3428
E02000678,Lewisham 026,1,Female,3705
E02000678,Lewisham 026,2,Male,3256
E02000679,Lewisham 027,1,Female,4282
E02000679,Lewisham 027,2,Male,3851
E02000680,Lewisham 028,1,Female,3715
E02000680,Lewisham 028,2,Male,3320
E02000681,Lewisham 029,1,Female,4464
E02000681,Lewisham 029,2,Male,4009
E02000682,Lewisham 030,1,Female,4727
E02000682,Lewisham 030,2,Male,4205
E02000683,Lewisham 031,1,Female,3548
E02000683,Lewisham 031,2,Male,3220
E02000685,Lewisham 033,1,Female,4381
E02000685,Lewisham 033,2,Male,3750
E02000686,Lewisham 034,1,Female,3982
E02000686,Lewisham 034,2,Male,3555
E02000687,Lewisham 035,1,Female,4438
E02000687,Lewisham 035,2,Male,3831
E02000689,Merton 001,1,Female,4735
E02000689,Merton 001,2,Male,4319
E02000690,Merton 002,1,Female,2914
E02000690,Merton 002,2,Male,2609
E02000691,Merton 003,1,Female,3789
E02000691,Merton 003,2,Male,3566
E02000692,Merton 004,1,Female,4036
E02000692,Merton 004,2,Male,3619
E02000693,Merton 005,1,Female,5064
E02000693,Merton 005,2,Male,4789
E02000694,Merton 006,1,Female,4708
E02000694,Merton 006,2,Male,4395
E02000695,Merton 007,1,Female,4296
E02000695,Merton 007,2,Male,4345
E02000696,Merton 008,1,Female,4356
E02000696,Merton 008,2,Male,4274
E02000697,Merton 009,1,Female,4380
E02000697,Merton 009,2,Male,4348
E02000698,Merton 010,1,Female,4334
E02000698,Merton 010,2,Male,3901
E02000699,Merton 011,1,Female,4177
E02000699,Merton 011,2,Male,4037
E02000700,Merton 012,1,Female,4500
E02000700,Merton 012,2,Male,4161
E02000701,Merton 013,1,Female,4597
E02000701,Merton 013,2,Male,4414
E02000702,Merton 014,1,Female,4858
E02000702,Merton 014,2,Male,4465
E02000703,Merton 015,1,Female,4041
E02000703,Merton 015,2,Male,3923
E02000704,Merton 016,1,Female,4469
E02000704,Merton 016,2,Male,4132
E02000705,Merton 017,1,Female,4707
E02000705,Merton 017,2,Male,4620
E02000706,Merton 018,1,Female,5245
E02000706,Merton 018,2,Male,4790
E02000707,Merton 019,1,Female,4286
E02000707,Merton 019,2,Male,4020
E02000708,Merton 020,1,Female,4533
E02000708,Merton 020,2,Male,4354
E02000709,Merton 021,1,Female,4063
E02000709,Merton 021,2,Male,3914
E02000710,Merton 022,1,Female,4732
E02000710,Merton 022,2,Male,4454
E02000711,Merton 023,1,Female,4812
E02000711,Merton 023,2,Male,4634
E02000712,Merton 024,1,Female,4891
E02000712,Merton 024,2,Male,4775
E02000713,Merton 025,1,Female,4007
E02000713,Merton 025,2,Male,3795
E02000714,Newham 001,1,Female,3935
E02000714,Newham 001,2,Male,3776
E02000715,Newham 002,1,Female,3726
E02000715,Newham 002,2,Male,3571
E02000716,Newham 003,1,Female,3603
E02000716,Newham 003,2,Male,3747
E02000717,Newham 004,1,Female,4159
E02000717,Newham 004,2,Male,4198
E02000718,Newham 005,1,Female,3825
E02000718,Newham 005,2,Male,3581
E02000719,Newham 006,1,Female,4081
E02000719,Newham 006,2,Male,3995
E02000720,Newham 007,1,Female,3696
E02000720,Newham 007,2,Male,3793
E02000721,Newham 008,1,Female,4682
E02000721,Newham 008,2,Male,4862
E02000722,Newham 009,1,Female,4107
E02000722,Newham 009,2,Male,4034
E02000723,Newham 010,1,Female,5317
E02000723,Newham 010,2,Male,5878
E02000724,Newham 011,1,Female,4949
E02000724,Newham 011,2,Male,5078
E02000725,Newham 012,1,Female,4966
E02000725,Newham 012,2,Male,5021
E02000727,Newham 014,1,Female,4192
E02000727,Newham 014,2,Male,4326
E02000728,Newham 015,1,Female,4167
E02000728,Newham 015,2,Male,4360
E02000729,Newham 016,1,Female,3603
E02000729,Newham 016,2,Male,3724
E02000730,Newham 017,1,Female,4582
E02000730,Newham 017,2,Male,5348
E02000731,Newham 018,1,Female,4945
E02000731,Newham 018,2,Male,5017
E02000732,Newham 019,1,Female,4461
E02000732,Newham 019,2,Male,4439
E02000733,Newham 020,1,Female,5118
E02000733,Newham 020,2,Male,4978
E02000734,Newham 021,1,Female,3640
E02000734,Newham 021,2,Male,3662
E02000735,Newham 022,1,Female,4323
E02000735,Newham 022,2,Male,4286
E02000736,Newham 023,1,Female,4584
E02000736,Newham 023,2,Male,4620
E02000737,Newham 024,1,Female,5374
E02000737,Newham 024,2,Male,5005
E02000738,Newham 025,1,Female,4687
E02000738,Newham 025,2,Male,4891
E02000739,Newham 026,1,Female,3973
E02000739,Newham 026,2,Male,3751
E02000740,Newham 027,1,Female,3516
E02000740,Newham 027,2,Male,3251
E02000741,Newham 028,1,Female,4223
E02000741,Newham 028,2,Male,4022
E02000742,Newham 029,1,Female,4385
E02000742,Newham 029,2,Male,4320
E02000743,Newham 030,1,Female,5169
E02000743,Newham 030,2,Male,5112
E02000744,Newham 031,1,Female,4750
E02000744,Newham 031,2,Male,4422
E02000745,Newham 032,1,Female,4382
E02000745,Newham 032,2,Male,4216
E02000746,Newham 033,1,Female,4908
E02000746,Newham 033,2,Male,4519
E02000747,Newham 034,1,Female,6490
E02000747,Newham 034,2,Male,6608
E02000748,Newham 035,1,Female,3222
E02000748,Newham 035,2,Male,3051
E02000749,Newham 036,1,Female,4948
E02000749,Newham 036,2,Male,4604
E02000751,Redbridge 001,1,Female,5676
E02000751,Redbridge 001,2,Male,5483
E02000752,Redbridge 002,1,Female,4565
E02000752,Redbridge 002,2,Male,4217
E02000753,Redbridge 003,1,Female,3597
E02000753,Redbridge 003,2,Male,3323
E02000754,Redbridge 004,1,Female,3437
E02000754,Redbridge 004,2,Male,3331
E02000755,Redbridge 005,1,Female,2849
E02000755,Redbridge 005,2,Male,2634
E02000756,Redbridge 006,1,Female,7533
E02000756,Redbridge 006,2,Male,7061
E02000757,Redbridge 007,1,Female,6341
E02000757,Redbridge 007,2,Male,6052
E02000758,Redbridge 008,1,Female,3536
E02000758,Redbridge 008,2,Male,3349
E02000759,Redbridge 009,1,Female,6748
E02000759,Redbridge 009,2,Male,6340
E02000760,Redbridge 010,1,Female,3914
E02000760,Redbridge 010,2,Male,3620
E02000762,Redbridge 012,1,Female,3333
E02000762,Redbridge 012,2,Male,3288
E02000763,Redbridge 013,1,Female,4047
E02000763,Redbridge 013,2,Male,3968
E02000764,Redbridge 014,1,Female,6509
E02000764,Redbridge 014,2,Male,5798
E02000765,Redbridge 015,1,Female,3743
E02000765,Redbridge 015,2,Male,3785
E02000767,Redbridge 017,1,Female,4366
E02000767,Redbridge 017,2,Male,4259
E02000768,Redbridge 018,1,Female,2965
E02000768,Redbridge 018,2,Male,2823
E02000770,Redbridge 020,1,Female,4066
E02000770,Redbridge 020,2,Male,4059
E02000772,Redbridge 022,1,Female,4241
E02000772,Redbridge 022,2,Male,4142
E02000773,Redbridge 023,1,Female,5449
E02000773,Redbridge 023,2,Male,5283
E02000774,Redbridge 024,1,Female,3912
E02000774,Redbridge 024,2,Male,4197
E02000776,Redbridge 026,1,Female,3420
E02000776,Redbridge 026,2,Male,3619
E02000777,Redbridge 027,1,Female,3076
E02000777,Redbridge 027,2,Male,2927
E02000779,Redbridge 029,1,Female,4240
E02000779,Redbridge 029,2,Male,4178
E02000781,Redbridge 031,1,Female,8113
E02000781,Redbridge 031,2,Male,8179
E02000782,Redbridge 032,1,Female,5802
E02000782,Redbridge 032,2,Male,5685
E02000783,Redbridge 033,1,Female,3631
E02000783,Redbridge 033,2,Male,3764
E02000784,Richmond upon Thames 001,1,Female,5299
E02000784,Richmond upon Thames 001,2,Male,4831
E02000785,Richmond upon Thames 002,1,Female,5066
E02000785,Richmond upon Thames 002,2,Male,4648
E02000786,Richmond upon Thames 003,1,Female,6031
E02000786,Richmond upon Thames 003,2,Male,5341
E02000787,Richmond upon Thames 004,1,Female,6294
E02000787,Richmond upon Thames 004,2,Male,5792
E02000788,Richmond upon Thames 005,1,Female,4715
E02000788,Richmond upon Thames 005,2,Male,4379
E02000789,Richmond upon Thames 006,1,Female,3318
E02000789,Richmond upon Thames 006,2,Male,2983
E02000790,Richmond upon Thames 007,1,Female,3409
E02000790,Richmond upon Thames 007,2,Male,3177
E02000791,Richmond upon Thames 008,1,Female,3343
E02000791,Richmond upon Thames 008,2,Male,3129
E02000792,Richmond upon Thames 009,1,Female,3702
E02000792,Richmond upon Thames 009,2,Male,3446
E02000793,Richmond upon Thames 010,1,Female,4031
E02000793,Richmond upon Thames 010,2,Male,4076
E02000794,Richmond upon Thames 011,1,Female,3558
E02000794,Richmond upon Thames 011,2,Male,3457
E02000795,Richmond upon Thames 012,1,Female,3575
E02000795,Richmond upon Thames 012,2,Male,3352
E02000796,Richmond upon Thames 013,1,Female,5662
E02000796,Richmond upon Thames 013,2,Male,5425
E02000797,Richmond upon Thames 014,1,Female,4030
E02000797,Richmond upon Thames 014,2,Male,3838
E02000798,Richmond upon Thames 015,1,Female,5987
E02000798,Richmond upon Thames 015,2,Male,5319
E02000799,Richmond upon Thames 016,1,Female,3439
E02000799,Richmond upon Thames 016,2,Male,3166
E02000800,Richmond upon Thames 017,1,Female,2822
E02000800,Richmond upon Thames 017,2,Male,2589
E02000801,Richmond upon Thames 018,1,Female,3760
E02000801,Richmond upon Thames 018,2,Male,3350
E02000802,Richmond upon Thames 019,1,Female,3644
E02000802,Richmond upon Thames 019,2,Male,3378
E02000803,Richmond upon Thames 020,1,Female,5066
E02000803,Richmond upon Thames 020,2,Male,4650
E02000804,Richmond upon Thames 021,1,Female,3791
E02000804,Richmond upon Thames 021,2,Male,3358
E02000805,Richmond upon Thames 022,1,Female,5489
E02000805,Richmond upon Thames 022,2,Male,5266
E02000806,Richmond upon Thames 023,1,Female,5288
E02000806,Richmond upon Thames 023,2,Male,5011
E02000807,Southwark 001,1,Female,4042
E02000807,Southwark 001,2,Male,4185
E02000808,Southwark 002,1,Female,5070
E02000808,Southwark 002,2,Male,5099
E02000810,Southwark 004,1,Female,6035
E02000810,Southwark 004,2,Male,5861
E02000812,Southwark 006,1,Female,5638
E02000812,Southwark 006,2,Male,5150
E02000813,Southwark 007,1,Female,5235
E02000813,Southwark 007,2,Male,4988
E02000814,Southwark 008,1,Female,5065
E02000814,Southwark 008,2,Male,5226
E02000815,Southwark 009,1,Female,3937
E02000815,Southwark 009,2,Male,3676
E02000816,Southwark 010,1,Female,4956
E02000816,Southwark 010,2,Male,4653
E02000817,Southwark 011,1,Female,3507
E02000817,Southwark 011,2,Male,3314
E02000818,Southwark 012,1,Female,4899
E02000818,Southwark 012,2,Male,4892
E02000819,Southwark 013,1,Female,4358
E02000819,Southwark 013,2,Male,4141
E02000820,Southwark 014,1,Female,4680
E02000820,Southwark 014,2,Male,4565
E02000821,Southwark 015,1,Female,4885
E02000821,Southwark 015,2,Male,4473
E02000822,Southwark 016,1,Female,3520
E02000822,Southwark 016,2,Male,3199
E02000823,Southwark 017,1,Female,4543
E02000823,Southwark 017,2,Male,4142
E02000824,Southwark 018,1,Female,5228
E02000824,Southwark 018,2,Male,4675
E02000825,Southwark 019,1,Female,5444
E02000825,Southwark 019,2,Male,4781
E02000826,Southwark 020,1,Female,5125
E02000826,Southwark 020,2,Male,4755
E02000827,Southwark 021,1,Female,5843
E02000827,Southwark 021,2,Male,5469
E02000828,Southwark 022,1,Female,4627
E02000828,Southwark 022,2,Male,4186
E02000829,Southwark 023,1,Female,5820
E02000829,Southwark 023,2,Male,5105
E02000830,Southwark 024,1,Female,4480
E02000830,Southwark 024,2,Male,4404
E02000831,Southwark 025,1,Female,4922
E02000831,Southwark 025,2,Male,4431
E02000832,Southwark 026,1,Female,5100
E02000832,Southwark 026,2,Male,4588
E02000833,Southwark 027,1,Female,3982
E02000833,Southwark 027,2,Male,3505
E02000834,Southwark 028,1,Female,5028
E02000834,Southwark 028,2,Male,4360
E02000835,Southwark 029,1,Female,4102
E02000835,Southwark 029,2,Male,3580
E02000836,Southwark 030,1,Female,4263
E02000836,Southwark 030,2,Male,4033
E02000837,Southwark 031,1,Female,4425
E02000837,Southwark 031,2,Male,4134
E02000838,Southwark 032,1,Female,4983
E02000838,Southwark 032,2,Male,4514
E02000839,Southwark 033,1,Female,4337
E02000839,Southwark 033,2,Male,4143
E02000840,Sutton 001,1,Female,4867
E02000840,Sutton 001,2,Male,4454
E02000841,Sutton 002,1,Female,4846
E02000841,Sutton 002,2,Male,4342
E02000842,Sutton 003,1,Female,4260
E02000842,Sutton 003,2,Male,4019
E02000843,Sutton 004,1,Female,4896
E02000843,Sutton 004,2,Male,4574
E02000844,Sutton 005,1,Female,4465
E02000844,Sutton 005,2,Male,4192
E02000845,Sutton 006,1,Female,4872
E02000845,Sutton 006,2,Male,4548
E02000846,Sutton 007,1,Female,3940
E02000846,Sutton 007,2,Male,3675
E02000847,Sutton 008,1,Female,4808
E02000847,Sutton 008,2,Male,4613
E02000848,Sutton 009,1,Female,4131
E02000848,Sutton 009,2,Male,4008
E02000849,Sutton 010,1,Female,4211
E02000849,Sutton 010,2,Male,3966
E02000850,Sutton 011,1,Female,5541
E02000850,Sutton 011,2,Male,5295
E02000851,Sutton 012,1,Female,5991
E02000851,Sutton 012,2,Male,5590
E02000852,Sutton 013,1,Female,4228
E02000852,Sutton 013,2,Male,3918
E02000853,Sutton 014,1,Female,4221
E02000853,Sutton 014,2,Male,3951
E02000854,Sutton 015,1,Female,3937
E02000854,Sutton 015,2,Male,3673
E02000855,Sutton 016,1,Female,4265
E02000855,Sutton 016,2,Male,3939
E02000856,Sutton 017,1,Female,4699
E02000856,Sutton 017,2,Male,4631
E02000857,Sutton 018,1,Female,4716
E02000857,Sutton 018,2,Male,4279
E02000858,Sutton 019,1,Female,4463
E02000858,Sutton 019,2,Male,4105
E02000859,Sutton 020,1,Female,4506
E02000859,Sutton 020,2,Male,3981
E02000860,Sutton 021,1,Female,4476
E02000860,Sutton 021,2,Male,4309
E02000861,Sutton 022,1,Female,3923
E02000861,Sutton 022,2,Male,3853
E02000863,Sutton 024,1,Female,3415
E02000863,Sutton 024,2,Male,3322
E02000864,Tower Hamlets 001,1,Female,5791
E02000864,Tower Hamlets 001,2,Male,5472
E02000865,Tower Hamlets 002,1,Female,4162
E02000865,Tower Hamlets 002,2,Male,3799
E02000866,Tower Hamlets 003,1,Female,5347
E02000866,Tower Hamlets 003,2,Male,5298
E02000867,Tower Hamlets 004,1,Female,5781
E02000867,Tower Hamlets 004,2,Male,5547
E02000868,Tower Hamlets 005,1,Female,3658
E02000868,Tower Hamlets 005,2,Male,3538
E02000869,Tower Hamlets 006,1,Female,3023
E02000869,Tower Hamlets 006,2,Male,2908
E02000870,Tower Hamlets 007,1,Female,3230
E02000870,Tower Hamlets 007,2,Male,3141
E02000871,Tower Hamlets 008,1,Female,5836
E02000871,Tower Hamlets 008,2,Male,5678
E02000872,Tower Hamlets 009,1,Female,4033
E02000872,Tower Hamlets 009,2,Male,4112
E02000873,Tower Hamlets 010,1,Female,5099
E02000873,Tower Hamlets 010,2,Male,4751
E02000874,Tower Hamlets 011,1,Female,3774
E02000874,Tower Hamlets 011,2,Male,3722
E02000875,Tower Hamlets 012,1,Female,6809
E02000875,Tower Hamlets 012,2,Male,6762
E02000876,Tower Hamlets 013,1,Female,3443
E02000876,Tower Hamlets 013,2,Male,3830
E02000877,Tower Hamlets 014,1,Female,6771
E02000877,Tower Hamlets 014,2,Male,7038
E02000878,Tower Hamlets 015,1,Female,5068
E02000878,Tower Hamlets 015,2,Male,5365
E02000879,Tower Hamlets 016,1,Female,4141
E02000879,Tower Hamlets 016,2,Male,4202
E02000880,Tower Hamlets 017,1,Female,3234
E02000880,Tower Hamlets 017,2,Male,3280
E02000881,Tower Hamlets 018,1,Female,5418
E02000881,Tower Hamlets 018,2,Male,5413
E02000882,Tower Hamlets 019,1,Female,5917
E02000882,Tower Hamlets 019,2,Male,5583
E02000883,Tower Hamlets 020,1,Female,4605
E02000883,Tower Hamlets 020,2,Male,4682
E02000884,Tower Hamlets 021,1,Female,6168
E02000884,Tower Hamlets 021,2,Male,6601
E02000885,Tower Hamlets 022,1,Female,3521
E02000885,Tower Hamlets 022,2,Male,3533
E02000886,Tower Hamlets 023,1,Female,4443
E02000886,Tower Hamlets 023,2,Male,5148
E02000887,Tower Hamlets 024,1,Female,5383
E02000887,Tower Hamlets 024,2,Male,5418
E02000888,Tower Hamlets 025,1,Female,4182
E02000888,Tower Hamlets 025,2,Male,4438
E02000889,Tower Hamlets 026,1,Female,4306
E02000889,Tower Hamlets 026,2,Male,4659
E02000890,Tower Hamlets 027,1,Female,2818
E02000890,Tower Hamlets 027,2,Male,2997
E02000893,Tower Hamlets 030,1,Female,3791
E02000893,Tower Hamlets 030,2,Male,3621
E02000894,Tower Hamlets 031,1,Female,5536
E02000894,Tower Hamlets 031,2,Male,5471
E02000895,Waltham Forest 001,1,Female,4270
E02000895,Waltham Forest 001,2,Male,4099
E02000896,Waltham Forest 002,1,Female,4830
E02000896,Waltham Forest 002,2,Male,4498
E02000897,Waltham Forest 003,1,Female,4550
E02000897,Waltham Forest 003,2,Male,4017
E02000898,Waltham Forest 004,1,Female,4075
E02000898,Waltham Forest 004,2,Male,3936
E02000899,Waltham Forest 005,1,Female,4522
E02000899,Waltham Forest 005,2,Male,4289
E02000900,Waltham Forest 006,1,Female,4562
E02000900,Waltham Forest 006,2,Male,4411
E02000901,Waltham Forest 007,1,Female,5340
E02000901,Waltham Forest 007,2,Male,5152
E02000902,Waltham Forest 008,1,Female,5150
E02000902,Waltham Forest 008,2,Male,4810
E02000903,Waltham Forest 009,1,Female,5352
E02000903,Waltham Forest 009,2,Male,4923
E02000904,Waltham Forest 010,1,Female,4265
E02000904,Waltham Forest 010,2,Male,4159
E02000905,Waltham Forest 011,1,Female,5389
E02000905,Waltham Forest 011,2,Male,5084
E02000906,Waltham Forest 012,1,Female,5030
E02000906,Waltham Forest 012,2,Male,4623
E02000907,Waltham Forest 013,1,Female,5458
E02000907,Waltham Forest 013,2,Male,5122
E02000908,Waltham Forest 014,1,Female,6703
E02000908,Waltham Forest 014,2,Male,6199
E02000909,Waltham Forest 015,1,Female,4797
E02000909,Waltham Forest 015,2,Male,4450
E02000910,Waltham Forest 016,1,Female,5783
E02000910,Waltham Forest 016,2,Male,5646
E02000911,Waltham Forest 017,1,Female,6618
E02000911,Waltham Forest 017,2,Male,6345
E02000912,Waltham Forest 018,1,Female,4919
E02000912,Waltham Forest 018,2,Male,4824
E02000913,Waltham Forest 019,1,Female,4776
E02000913,Waltham Forest 019,2,Male,4866
E02000914,Waltham Forest 020,1,Female,5891
E02000914,Waltham Forest 020,2,Male,5907
E02000915,Waltham Forest 021,1,Female,4143
E02000915,Waltham Forest 021,2,Male,3968
E02000916,Waltham Forest 022,1,Female,5321
E02000916,Waltham Forest 022,2,Male,5242
E02000917,Waltham Forest 023,1,Female,4914
E02000917,Waltham Forest 023,2,Male,4675
E02000918,Waltham Forest 024,1,Female,4548
E02000918,Waltham Forest 024,2,Male,4775
E02000919,Waltham Forest 025,1,Female,4636
E02000919,Waltham Forest 025,2,Male,4603
E02000920,Waltham Forest 026,1,Female,5224
E02000920,Waltham Forest 026,2,Male,5075
E02000921,Waltham Forest 027,1,Female,5616
E02000921,Waltham Forest 027,2,Male,5583
E02000922,Waltham Forest 028,1,Female,5268
E02000922,Waltham Forest 028,2,Male,5193
E02000923,Wandsworth 001,1,Female,3953
E02000923,Wandsworth 001,2,Male,3573
E02000925,Wandsworth 003,1,Female,4203
E02000925,Wandsworth 003,2,Male,3697
E02000926,Wandsworth 004,1,Female,6075
E02000926,Wandsworth 004,2,Male,5565
E02000927,Wandsworth 005,1,Female,3728
E02000927,Wandsworth 005,2,Male,3372
E02000928,Wandsworth 006,1,Female,4407
E02000928,Wandsworth 006,2,Male,3949
E02000929,Wandsworth 007,1,Female,4330
E02000929,Wandsworth 007,2,Male,3774
E02000930,Wandsworth 008,1,Female,5337
E02000930,Wandsworth 008,2,Male,4744
E02000931,Wandsworth 009,1,Female,4491
E02000931,Wandsworth 009,2,Male,4327
E02000932,Wandsworth 010,1,Female,6671
E02000932,Wandsworth 010,2,Male,6172
E02000933,Wandsworth 011,1,Female,4716
E02000933,Wandsworth 011,2,Male,4151
E02000934,Wandsworth 012,1,Female,4679
E02000934,Wandsworth 012,2,Male,4237
E02000935,Wandsworth 013,1,Female,4038
E02000935,Wandsworth 013,2,Male,3334
E02000936,Wandsworth 014,1,Female,5029
E02000936,Wandsworth 014,2,Male,4337
E02000937,Wandsworth 015,1,Female,4297
E02000937,Wandsworth 015,2,Male,3864
E02000938,Wandsworth 016,1,Female,5724
E02000938,Wandsworth 016,2,Male,5042
E02000939,Wandsworth 017,1,Female,4003
E02000939,Wandsworth 017,2,Male,3816
E02000940,Wandsworth 018,1,Female,4820
E02000940,Wandsworth 018,2,Male,4504
E02000941,Wandsworth 019,1,Female,5360
E02000941,Wandsworth 019,2,Male,4815
E02000942,Wandsworth 020,1,Female,5030
E02000942,Wandsworth 020,2,Male,4656
E02000943,Wandsworth 021,1,Female,4617
E02000943,Wandsworth 021,2,Male,4104
E02000944,Wandsworth 022,1,Female,4022
E02000944,Wandsworth 022,2,Male,3616
E02000945,Wandsworth 023,1,Female,4115
E02000945,Wandsworth 023,2,Male,3727
E02000946,Wandsworth 024,1,Female,4066
E02000946,Wandsworth 024,2,Male,4369
E02000947,Wandsworth 025,1,Female,4959
E02000947,Wandsworth 025,2,Male,4382
E02000948,Wandsworth 026,1,Female,5258
E02000948,Wandsworth 026,2,Male,4769
E02000949,Wandsworth 027,1,Female,5298
E02000949,Wandsworth 027,2,Male,4705
E02000950,Wandsworth 028,1,Female,3996
E02000950,Wandsworth 028,2,Male,3589
E02000951,Wandsworth 029,1,Female,3434
E02000951,Wandsworth 029,2,Male,2995
E02000952,Wandsworth 030,1,Female,3267
E02000952,Wandsworth 030,2,Male,2879
E02000953,Wandsworth 031,1,Female,4113
E02000953,Wandsworth 031,2,Male,3392
E02000954,Wandsworth 032,1,Female,3274
E02000954,Wandsworth 032,2,Male,2825
E02000955,Wandsworth 033,1,Female,3648
E02000955,Wandsworth 033,2,Male,3241
E02000956,Wandsworth 034,1,Female,4044
E02000956,Wandsworth 034,2,Male,3376
E02000957,Wandsworth 035,1,Female,5671
E02000957,Wandsworth 035,2,Male,5190
E02000958,Wandsworth 036,1,Female,4317
E02000958,Wandsworth 036,2,Male,3959
E02000959,Wandsworth 037,1,Female,4110
E02000959,Wandsworth 037,2,Male,3756
E02000960,Westminster 001,1,Female,3293
E02000960,Westminster 001,2,Male,2862
E02000961,Westminster 002,1,Female,5118
E02000961,Westminster 002,2,Male,4696
E02000962,Westminster 003,1,Female,4117
E02000962,Westminster 003,2,Male,3586
E02000963,Westminster 004,1,Female,5548
E02000963,Westminster 004,2,Male,4974
E02000964,Westminster 005,1,Female,6493
E02000964,Westminster 005,2,Male,5649
E02000965,Westminster 006,1,Female,4085
E02000965,Westminster 006,2,Male,3791
E02000966,Westminster 007,1,Female,4758
E02000966,Westminster 007,2,Male,4494
E02000967,Westminster 008,1,Female,3149
E02000967,Westminster 008,2,Male,2907
E02000968,Westminster 009,1,Female,7610
E02000968,Westminster 009,2,Male,6870
E02000969,Westminster 010,1,Female,5108
E02000969,Westminster 010,2,Male,4499
E02000970,Westminster 011,1,Female,3464
E02000970,Westminster 011,2,Male,3373
E02000971,Westminster 012,1,Female,3615
E02000971,Westminster 012,2,Male,3858
E02000972,Westminster 013,1,Female,3828
E02000972,Westminster 013,2,Male,4051
E02000973,Westminster 014,1,Female,5094
E02000973,Westminster 014,2,Male,4861
E02000974,Westminster 015,1,Female,4403
E02000974,Westminster 015,2,Male,4302
E02000975,Westminster 016,1,Female,3709
E02000975,Westminster 016,2,Male,3709
E02000976,Westminster 017,1,Female,4352
E02000976,Westminster 017,2,Male,4080
E02000977,Westminster 018,1,Female,2976
E02000977,Westminster 018,2,Male,3412
E02000978,Westminster 019,1,Female,3769
E02000978,Westminster 019,2,Male,3359
E02000979,Westminster 020,1,Female,4136
E02000979,Westminster 020,2,Male,3954
E02000980,Westminster 021,1,Female,4478
E02000980,Westminster 021,2,Male,4246
E02000981,Westminster 022,1,Female,4042
E02000981,Westminster 022,2,Male,4229
E02000982,Westminster 023,1,Female,4153
E02000982,Westminster 023,2,Male,3485
E02000983,Westminster 024,1,Female,4032
E02000983,Westminster 024,2,Male,3663
E02000984,Bolton 001,1,Female,3886
E02000984,Bolton 001,2,Male,3792
E02000985,Bolton 002,1,Female,3861
E02000985,Bolton 002,2,Male,3556
E02000986,Bolton 003,1,Female,4324
E02000986,Bolton 003,2,Male,4073
E02000987,Bolton 004,1,Female,3775
E02000987,Bolton 004,2,Male,3522
E02000988,Bolton 005,1,Female,4560
E02000988,Bolton 005,2,Male,4483
E02000989,Bolton 006,1,Female,4341
E02000989,Bolton 006,2,Male,4009
E02000990,Bolton 007,1,Female,4219
E02000990,Bolton 007,2,Male,4133
E02000991,Bolton 008,1,Female,4001
E02000991,Bolton 008,2,Male,3810
E02000992,Bolton 009,1,Female,3243
E02000992,Bolton 009,2,Male,3060
E02000993,Bolton 010,1,Female,4373
E02000993,Bolton 010,2,Male,4061
E02000994,Bolton 011,1,Female,4477
E02000994,Bolton 011,2,Male,4570
E02000995,Bolton 012,1,Female,4274
E02000995,Bolton 012,2,Male,4074
E02000996,Bolton 013,1,Female,4439
E02000996,Bolton 013,2,Male,4136
E02000997,Bolton 014,1,Female,3326
E02000997,Bolton 014,2,Male,3152
E02000998,Bolton 015,1,Female,5100
E02000998,Bolton 015,2,Male,5334
E02000999,Bolton 016,1,Female,4110
E02000999,Bolton 016,2,Male,4420
E02001000,Bolton 017,1,Female,4520
E02001000,Bolton 017,2,Male,4658
E02001001,Bolton 018,1,Female,4463
E02001001,Bolton 018,2,Male,4395
E02001002,Bolton 019,1,Female,4969
E02001002,Bolton 019,2,Male,4759
E02001003,Bolton 020,1,Female,3736
E02001003,Bolton 020,2,Male,3618
E02001004,Bolton 021,1,Female,4564
E02001004,Bolton 021,2,Male,4779
E02001005,Bolton 022,1,Female,4951
E02001005,Bolton 022,2,Male,4894
E02001006,Bolton 023,1,Female,4306
E02001006,Bolton 023,2,Male,4165
E02001007,Bolton 024,1,Female,5157
E02001007,Bolton 024,2,Male,4908
E02001008,Bolton 025,1,Female,4685
E02001008,Bolton 025,2,Male,4470
E02001009,Bolton 026,1,Female,3776
E02001009,Bolton 026,2,Male,3705
E02001010,Bolton 027,1,Female,3282
E02001010,Bolton 027,2,Male,3242
E02001011,Bolton 028,1,Female,4910
E02001011,Bolton 028,2,Male,4837
E02001012,Bolton 029,1,Female,4974
E02001012,Bolton 029,2,Male,4828
E02001013,Bolton 030,1,Female,3145
E02001013,Bolton 030,2,Male,2961
E02001014,Bolton 031,1,Female,4275
E02001014,Bolton 031,2,Male,4190
E02001015,Bolton 032,1,Female,4190
E02001015,Bolton 032,2,Male,4014
E02001016,Bolton 033,1,Female,4441
E02001016,Bolton 033,2,Male,4265
E02001017,Bolton 034,1,Female,5546
E02001017,Bolton 034,2,Male,5227
E02001018,Bolton 035,1,Female,3855
E02001018,Bolton 035,2,Male,3807
E02001019,Bury 001,1,Female,4570
E02001019,Bury 001,2,Male,4470
E02001020,Bury 002,1,Female,3097
E02001020,Bury 002,2,Male,2820
E02001021,Bury 003,1,Female,3816
E02001021,Bury 003,2,Male,3688
E02001022,Bury 004,1,Female,4141
E02001022,Bury 004,2,Male,3930
E02001023,Bury 005,1,Female,2908
E02001023,Bury 005,2,Male,2787
E02001024,Bury 006,1,Female,4155
E02001024,Bury 006,2,Male,3903
E02001025,Bury 007,1,Female,4213
E02001025,Bury 007,2,Male,3939
E02001026,Bury 008,1,Female,5626
E02001026,Bury 008,2,Male,5724
E02001027,Bury 009,1,Female,3694
E02001027,Bury 009,2,Male,3588
E02001028,Bury 010,1,Female,3753
E02001028,Bury 010,2,Male,3580
E02001029,Bury 011,1,Female,3914
E02001029,Bury 011,2,Male,3863
E02001030,Bury 012,1,Female,3178
E02001030,Bury 012,2,Male,3002
E02001031,Bury 013,1,Female,3508
E02001031,Bury 013,2,Male,3369
E02001032,Bury 014,1,Female,3938
E02001032,Bury 014,2,Male,3737
E02001033,Bury 015,1,Female,3156
E02001033,Bury 015,2,Male,3027
E02001034,Bury 016,1,Female,4327
E02001034,Bury 016,2,Male,4290
E02001035,Bury 017,1,Female,3684
E02001035,Bury 017,2,Male,3534
E02001036,Bury 018,1,Female,3876
E02001036,Bury 018,2,Male,3608
E02001037,Bury 019,1,Female,3622
E02001037,Bury 019,2,Male,3593
E02001038,Bury 020,1,Female,2891
E02001038,Bury 020,2,Male,2788
E02001039,Bury 021,1,Female,4539
E02001039,Bury 021,2,Male,4063
E02001040,Bury 022,1,Female,3159
E02001040,Bury 022,2,Male,3245
E02001041,Bury 023,1,Female,3980
E02001041,Bury 023,2,Male,3750
E02001042,Bury 024,1,Female,3262
E02001042,Bury 024,2,Male,3298
E02001043,Bury 025,1,Female,2932
E02001043,Bury 025,2,Male,2754
E02001044,Bury 026,1,Female,4805
E02001044,Bury 026,2,Male,4760
E02001045,Manchester 001,1,Female,4518
E02001045,Manchester 001,2,Male,3915
E02001046,Manchester 002,1,Female,5730
E02001046,Manchester 002,2,Male,5483
E02001047,Manchester 003,1,Female,5355
E02001047,Manchester 003,2,Male,5119
E02001048,Manchester 004,1,Female,4717
E02001048,Manchester 004,2,Male,4729
E02001049,Manchester 005,1,Female,5489
E02001049,Manchester 005,2,Male,5005
E02001050,Manchester 006,1,Female,4255
E02001050,Manchester 006,2,Male,4174
E02001051,Manchester 007,1,Female,4824
E02001051,Manchester 007,2,Male,4448
E02001052,Manchester 008,1,Female,7415
E02001052,Manchester 008,2,Male,7599
E02001053,Manchester 009,1,Female,6109
E02001053,Manchester 009,2,Male,5799
E02001055,Manchester 011,1,Female,5009
E02001055,Manchester 011,2,Male,4679
E02001056,Manchester 012,1,Female,4603
E02001056,Manchester 012,2,Male,4332
E02001059,Manchester 015,1,Female,5933
E02001059,Manchester 015,2,Male,5917
E02001061,Manchester 017,1,Female,5582
E02001061,Manchester 017,2,Male,5380
E02001062,Manchester 018,1,Female,4973
E02001062,Manchester 018,2,Male,5165
E02001063,Manchester 019,1,Female,5678
E02001063,Manchester 019,2,Male,5394
E02001064,Manchester 020,1,Female,5435
E02001064,Manchester 020,2,Male,5344
E02001065,Manchester 021,1,Female,4853
E02001065,Manchester 021,2,Male,4675
E02001066,Manchester 022,1,Female,5711
E02001066,Manchester 022,2,Male,5855
E02001067,Manchester 023,1,Female,5898
E02001067,Manchester 023,2,Male,5652
E02001068,Manchester 024,1,Female,6110
E02001068,Manchester 024,2,Male,5777
E02001069,Manchester 025,1,Female,6246
E02001069,Manchester 025,2,Male,6247
E02001070,Manchester 026,1,Female,5913
E02001070,Manchester 026,2,Male,6081
E02001072,Manchester 028,1,Female,4294
E02001072,Manchester 028,2,Male,4645
E02001073,Manchester 029,1,Female,4685
E02001073,Manchester 029,2,Male,4679
E02001074,Manchester 030,1,Female,6071
E02001074,Manchester 030,2,Male,5727
E02001075,Manchester 031,1,Female,4406
E02001075,Manchester 031,2,Male,4729
E02001076,Manchester 032,1,Female,5814
E02001076,Manchester 032,2,Male,5461
E02001077,Manchester 033,1,Female,3819
E02001077,Manchester 033,2,Male,3608
E02001078,Manchester 034,1,Female,5396
E02001078,Manchester 034,2,Male,5293
E02001079,Manchester 035,1,Female,4947
E02001079,Manchester 035,2,Male,4514
E02001080,Manchester 036,1,Female,4890
E02001080,Manchester 036,2,Male,4840
E02001081,Manchester 037,1,Female,3260
E02001081,Manchester 037,2,Male,3046
E02001082,Manchester 038,1,Female,3437
E02001082,Manchester 038,2,Male,3236
E02001083,Manchester 039,1,Female,4162
E02001083,Manchester 039,2,Male,4080
E02001084,Manchester 040,1,Female,4377
E02001084,Manchester 040,2,Male,4227
E02001085,Manchester 041,1,Female,4698
E02001085,Manchester 041,2,Male,4272
E02001086,Manchester 042,1,Female,3545
E02001086,Manchester 042,2,Male,3337
E02001087,Manchester 043,1,Female,4690
E02001087,Manchester 043,2,Male,4591
E02001088,Manchester 044,1,Female,4817
E02001088,Manchester 044,2,Male,4307
E02001089,Manchester 045,1,Female,4087
E02001089,Manchester 045,2,Male,3955
E02001090,Manchester 046,1,Female,3442
E02001090,Manchester 046,2,Male,3539
E02001091,Manchester 047,1,Female,4362
E02001091,Manchester 047,2,Male,4022
E02001092,Manchester 048,1,Female,4690
E02001092,Manchester 048,2,Male,4540
E02001093,Manchester 049,1,Female,5198
E02001093,Manchester 049,2,Male,4696
E02001094,Manchester 050,1,Female,5224
E02001094,Manchester 050,2,Male,4765
E02001095,Manchester 051,1,Female,4771
E02001095,Manchester 051,2,Male,4262
E02001096,Manchester 052,1,Female,4124
E02001096,Manchester 052,2,Male,3898
E02001097,Manchester 053,1,Female,4511
E02001097,Manchester 053,2,Male,4055
E02001098,Oldham 001,1,Female,3026
E02001098,Oldham 001,2,Male,2914
E02001099,Oldham 002,1,Female,2917
E02001099,Oldham 002,2,Male,2761
E02001100,Oldham 003,1,Female,3178
E02001100,Oldham 003,2,Male,2860
E02001101,Oldham 004,1,Female,2878
E02001101,Oldham 004,2,Male,2796
E02001102,Oldham 005,1,Female,3069
E02001102,Oldham 005,2,Male,2961
E02001103,Oldham 006,1,Female,2830
E02001103,Oldham 006,2,Male,2672
E02001104,Oldham 007,1,Female,3764
E02001104,Oldham 007,2,Male,3548
E02001105,Oldham 008,1,Female,3089
E02001105,Oldham 008,2,Male,2864
E02001106,Oldham 009,1,Female,3090
E02001106,Oldham 009,2,Male,2938
E02001107,Oldham 010,1,Female,3540
E02001107,Oldham 010,2,Male,3384
E02001108,Oldham 011,1,Female,3159
E02001108,Oldham 011,2,Male,2793
E02001109,Oldham 012,1,Female,3934
E02001109,Oldham 012,2,Male,3816
E02001110,Oldham 013,1,Female,3310
E02001110,Oldham 013,2,Male,3167
E02001111,Oldham 014,1,Female,4379
E02001111,Oldham 014,2,Male,4756
E02001112,Oldham 015,1,Female,3003
E02001112,Oldham 015,2,Male,2991
E02001113,Oldham 016,1,Female,4690
E02001113,Oldham 016,2,Male,4744
E02001114,Oldham 017,1,Female,4571
E02001114,Oldham 017,2,Male,4277
E02001115,Oldham 018,1,Female,3118
E02001115,Oldham 018,2,Male,2872
E02001116,Oldham 019,1,Female,4085
E02001116,Oldham 019,2,Male,3827
E02001117,Oldham 020,1,Female,3112
E02001117,Oldham 020,2,Male,2888
E02001118,Oldham 021,1,Female,3114
E02001118,Oldham 021,2,Male,2950
E02001119,Oldham 022,1,Female,6124
E02001119,Oldham 022,2,Male,6193
E02001121,Oldham 024,1,Female,4394
E02001121,Oldham 024,2,Male,4285
E02001123,Oldham 026,1,Female,3782
E02001123,Oldham 026,2,Male,3278
E02001124,Oldham 027,1,Female,3431
E02001124,Oldham 027,2,Male,3445
E02001125,Oldham 028,1,Female,4037
E02001125,Oldham 028,2,Male,3880
E02001126,Oldham 029,1,Female,4628
E02001126,Oldham 029,2,Male,4536
E02001127,Oldham 030,1,Female,4085
E02001127,Oldham 030,2,Male,3670
E02001128,Oldham 031,1,Female,3859
E02001128,Oldham 031,2,Male,3599
E02001129,Oldham 032,1,Female,3537
E02001129,Oldham 032,2,Male,3250
E02001130,Oldham 033,1,Female,3044
E02001130,Oldham 033,2,Male,2759
E02001131,Oldham 034,1,Female,2844
E02001131,Oldham 034,2,Male,2614
E02001132,Rochdale 001,1,Female,3400
E02001132,Rochdale 001,2,Male,3225
E02001133,Rochdale 002,1,Female,3330
E02001133,Rochdale 002,2,Male,3275
E02001134,Rochdale 003,1,Female,3214
E02001134,Rochdale 003,2,Male,3111
E02001135,Rochdale 004,1,Female,4262
E02001135,Rochdale 004,2,Male,4141
E02001136,Rochdale 005,1,Female,4721
E02001136,Rochdale 005,2,Male,4824
E02001137,Rochdale 006,1,Female,3178
E02001137,Rochdale 006,2,Male,3023
E02001138,Rochdale 007,1,Female,4477
E02001138,Rochdale 007,2,Male,4173
E02001139,Rochdale 008,1,Female,5186
E02001139,Rochdale 008,2,Male,5176
E02001140,Rochdale 009,1,Female,4170
E02001140,Rochdale 009,2,Male,3979
E02001141,Rochdale 010,1,Female,5916
E02001141,Rochdale 010,2,Male,6098
E02001142,Rochdale 011,1,Female,3102
E02001142,Rochdale 011,2,Male,2914
E02001143,Rochdale 012,1,Female,5977
E02001143,Rochdale 012,2,Male,5663
E02001144,Rochdale 013,1,Female,3245
E02001144,Rochdale 013,2,Male,3093
E02001145,Rochdale 014,1,Female,3585
E02001145,Rochdale 014,2,Male,3455
E02001146,Rochdale 015,1,Female,5083
E02001146,Rochdale 015,2,Male,5212
E02001147,Rochdale 016,1,Female,5423
E02001147,Rochdale 016,2,Male,4979
E02001148,Rochdale 017,1,Female,5333
E02001148,Rochdale 017,2,Male,5125
E02001149,Rochdale 018,1,Female,5283
E02001149,Rochdale 018,2,Male,5038
E02001150,Rochdale 019,1,Female,4712
E02001150,Rochdale 019,2,Male,4269
E02001151,Rochdale 020,1,Female,5134
E02001151,Rochdale 020,2,Male,4969
E02001152,Rochdale 021,1,Female,4975
E02001152,Rochdale 021,2,Male,4801
E02001153,Rochdale 022,1,Female,6427
E02001153,Rochdale 022,2,Male,5854
E02001154,Rochdale 023,1,Female,5193
E02001154,Rochdale 023,2,Male,4939
E02001155,Rochdale 024,1,Female,3643
E02001155,Rochdale 024,2,Male,3567
E02001156,Rochdale 025,1,Female,5088
E02001156,Rochdale 025,2,Male,4815
E02001157,Salford 001,1,Female,4611
E02001157,Salford 001,2,Male,4093
E02001158,Salford 002,1,Female,3118
E02001158,Salford 002,2,Male,2943
E02001159,Salford 003,1,Female,3872
E02001159,Salford 003,2,Male,3622
E02001160,Salford 004,1,Female,3752
E02001160,Salford 004,2,Male,3520
E02001161,Salford 005,1,Female,2985
E02001161,Salford 005,2,Male,2858
E02001162,Salford 006,1,Female,2971
E02001162,Salford 006,2,Male,2850
E02001163,Salford 007,1,Female,5031
E02001163,Salford 007,2,Male,4887
E02001164,Salford 008,1,Female,3539
E02001164,Salford 008,2,Male,4137
E02001165,Salford 009,1,Female,3180
E02001165,Salford 009,2,Male,2991
E02001166,Salford 010,1,Female,3890
E02001166,Salford 010,2,Male,4356
E02001167,Salford 011,1,Female,3564
E02001167,Salford 011,2,Male,3405
E02001168,Salford 012,1,Female,5110
E02001168,Salford 012,2,Male,4784
E02001169,Salford 013,1,Female,5588
E02001169,Salford 013,2,Male,5318
E02001170,Salford 014,1,Female,4946
E02001170,Salford 014,2,Male,4905
E02001171,Salford 015,1,Female,3113
E02001171,Salford 015,2,Male,3050
E02001173,Salford 017,1,Female,4780
E02001173,Salford 017,2,Male,4724
E02001174,Salford 018,1,Female,2864
E02001174,Salford 018,2,Male,2858
E02001175,Salford 019,1,Female,3828
E02001175,Salford 019,2,Male,3677
E02001176,Salford 020,1,Female,5737
E02001176,Salford 020,2,Male,6015
E02001177,Salford 021,1,Female,6677
E02001177,Salford 021,2,Male,6667
E02001179,Salford 023,1,Female,3468
E02001179,Salford 023,2,Male,3549
E02001180,Salford 024,1,Female,2751
E02001180,Salford 024,2,Male,2935
E02001181,Salford 025,1,Female,2964
E02001181,Salford 025,2,Male,3012
E02001182,Salford 026,1,Female,3663
E02001182,Salford 026,2,Male,3690
E02001183,Salford 027,1,Female,3692
E02001183,Salford 027,2,Male,3637
E02001185,Salford 029,1,Female,5019
E02001185,Salford 029,2,Male,4681
E02001186,Salford 030,1,Female,5401
E02001186,Salford 030,2,Male,5155
E02001187,Stockport 001,1,Female,3656
E02001187,Stockport 001,2,Male,3348
E02001188,Stockport 002,1,Female,4404
E02001188,Stockport 002,2,Male,4247
E02001189,Stockport 003,1,Female,4294
E02001189,Stockport 003,2,Male,4004
E02001190,Stockport 004,1,Female,4045
E02001190,Stockport 004,2,Male,3915
E02001191,Stockport 005,1,Female,2952
E02001191,Stockport 005,2,Male,2788
E02001192,Stockport 006,1,Female,3288
E02001192,Stockport 006,2,Male,3269
E02001193,Stockport 007,1,Female,3240
E02001193,Stockport 007,2,Male,3170
E02001194,Stockport 008,1,Female,3222
E02001194,Stockport 008,2,Male,3154
E02001195,Stockport 009,1,Female,3882
E02001195,Stockport 009,2,Male,3671
E02001196,Stockport 010,1,Female,4040
E02001196,Stockport 010,2,Male,3791
E02001197,Stockport 011,1,Female,3243
E02001197,Stockport 011,2,Male,3035
E02001198,Stockport 012,1,Female,3960
E02001198,Stockport 012,2,Male,3559
E02001199,Stockport 013,1,Female,4030
E02001199,Stockport 013,2,Male,3875
E02001200,Stockport 014,1,Female,3889
E02001200,Stockport 014,2,Male,3998
E02001201,Stockport 015,1,Female,2956
E02001201,Stockport 015,2,Male,2831
E02001202,Stockport 016,1,Female,3275
E02001202,Stockport 016,2,Male,3179
E02001203,Stockport 017,1,Female,3017
E02001203,Stockport 017,2,Male,2844
E02001204,Stockport 018,1,Female,4596
E02001204,Stockport 018,2,Male,4327
E02001205,Stockport 019,1,Female,4328
E02001205,Stockport 019,2,Male,4102
E02001206,Stockport 020,1,Female,3780
E02001206,Stockport 020,2,Male,3489
E02001207,Stockport 021,1,Female,3476
E02001207,Stockport 021,2,Male,3373
E02001208,Stockport 022,1,Female,3949
E02001208,Stockport 022,2,Male,3621
E02001209,Stockport 023,1,Female,4015
E02001209,Stockport 023,2,Male,3754
E02001210,Stockport 024,1,Female,3890
E02001210,Stockport 024,2,Male,3548
E02001211,Stockport 025,1,Female,3441
E02001211,Stockport 025,2,Male,3226
E02001212,Stockport 026,1,Female,3608
E02001212,Stockport 026,2,Male,3381
E02001213,Stockport 027,1,Female,5044
E02001213,Stockport 027,2,Male,4874
E02001214,Stockport 028,1,Female,4171
E02001214,Stockport 028,2,Male,3849
E02001215,Stockport 029,1,Female,3090
E02001215,Stockport 029,2,Male,2883
E02001216,Stockport 030,1,Female,3997
E02001216,Stockport 030,2,Male,3844
E02001217,Stockport 031,1,Female,3483
E02001217,Stockport 031,2,Male,3275
E02001218,Stockport 032,1,Female,3110
E02001218,Stockport 032,2,Male,2912
E02001219,Stockport 033,1,Female,2700
E02001219,Stockport 033,2,Male,2584
E02001220,Stockport 034,1,Female,2904
E02001220,Stockport 034,2,Male,2771
E02001221,Stockport 035,1,Female,2954
E02001221,Stockport 035,2,Male,2912
E02001222,Stockport 036,1,Female,3350
E02001222,Stockport 036,2,Male,3128
E02001223,Stockport 037,1,Female,3460
E02001223,Stockport 037,2,Male,3207
E02001224,Stockport 038,1,Female,2963
E02001224,Stockport 038,2,Male,2821
E02001225,Stockport 039,1,Female,3842
E02001225,Stockport 039,2,Male,3535
E02001226,Stockport 040,1,Female,3647
E02001226,Stockport 040,2,Male,3533
E02001227,Stockport 041,1,Female,2959
E02001227,Stockport 041,2,Male,2731
E02001228,Stockport 042,1,Female,3220
E02001228,Stockport 042,2,Male,3040
E02001229,Tameside 001,1,Female,5242
E02001229,Tameside 001,2,Male,5069
E02001230,Tameside 002,1,Female,2939
E02001230,Tameside 002,2,Male,2932
E02001231,Tameside 003,1,Female,3645
E02001231,Tameside 003,2,Male,3456
E02001232,Tameside 004,1,Female,4538
E02001232,Tameside 004,2,Male,4156
E02001233,Tameside 005,1,Female,4085
E02001233,Tameside 005,2,Male,3907
E02001234,Tameside 006,1,Female,4074
E02001234,Tameside 006,2,Male,3870
E02001235,Tameside 007,1,Female,3551
E02001235,Tameside 007,2,Male,3664
E02001236,Tameside 008,1,Female,3096
E02001236,Tameside 008,2,Male,3018
E02001237,Tameside 009,1,Female,3707
E02001237,Tameside 009,2,Male,3511
E02001238,Tameside 010,1,Female,4065
E02001238,Tameside 010,2,Male,3928
E02001239,Tameside 011,1,Female,4909
E02001239,Tameside 011,2,Male,4629
E02001240,Tameside 012,1,Female,3209
E02001240,Tameside 012,2,Male,3174
E02001241,Tameside 013,1,Female,5475
E02001241,Tameside 013,2,Male,5730
E02001242,Tameside 014,1,Female,3639
E02001242,Tameside 014,2,Male,3416
E02001243,Tameside 015,1,Female,4092
E02001243,Tameside 015,2,Male,4145
E02001244,Tameside 016,1,Female,2728
E02001244,Tameside 016,2,Male,2681
E02001245,Tameside 017,1,Female,4036
E02001245,Tameside 017,2,Male,4005
E02001246,Tameside 018,1,Female,3900
E02001246,Tameside 018,2,Male,3538
E02001247,Tameside 019,1,Female,3781
E02001247,Tameside 019,2,Male,3637
E02001248,Tameside 020,1,Female,6129
E02001248,Tameside 020,2,Male,5854
E02001249,Tameside 021,1,Female,3294
E02001249,Tameside 021,2,Male,3077
E02001250,Tameside 022,1,Female,3308
E02001250,Tameside 022,2,Male,3167
E02001251,Tameside 023,1,Female,3074
E02001251,Tameside 023,2,Male,3021
E02001252,Tameside 024,1,Female,3873
E02001252,Tameside 024,2,Male,3667
E02001253,Tameside 025,1,Female,2553
E02001253,Tameside 025,2,Male,2459
E02001254,Tameside 026,1,Female,2911
E02001254,Tameside 026,2,Male,2723
E02001255,Tameside 027,1,Female,3972
E02001255,Tameside 027,2,Male,3711
E02001256,Tameside 028,1,Female,5371
E02001256,Tameside 028,2,Male,5173
E02001257,Tameside 029,1,Female,4759
E02001257,Tameside 029,2,Male,4360
E02001258,Tameside 030,1,Female,3839
E02001258,Tameside 030,2,Male,3598
E02001259,Trafford 001,1,Female,5864
E02001259,Trafford 001,2,Male,5858
E02001260,Trafford 002,1,Female,3906
E02001260,Trafford 002,2,Male,3675
E02001261,Trafford 003,1,Female,4472
E02001261,Trafford 003,2,Male,4406
E02001262,Trafford 004,1,Female,4430
E02001262,Trafford 004,2,Male,4244
E02001263,Trafford 005,1,Female,4300
E02001263,Trafford 005,2,Male,4095
E02001264,Trafford 006,1,Female,4431
E02001264,Trafford 006,2,Male,4224
E02001265,Trafford 007,1,Female,4251
E02001265,Trafford 007,2,Male,3942
E02001266,Trafford 008,1,Female,3593
E02001266,Trafford 008,2,Male,3331
E02001267,Trafford 009,1,Female,3758
E02001267,Trafford 009,2,Male,3489
E02001268,Trafford 010,1,Female,3668
E02001268,Trafford 010,2,Male,3372
E02001269,Trafford 011,1,Female,4273
E02001269,Trafford 011,2,Male,4083
E02001270,Trafford 012,1,Female,4361
E02001270,Trafford 012,2,Male,4188
E02001271,Trafford 013,1,Female,3454
E02001271,Trafford 013,2,Male,3190
E02001272,Trafford 014,1,Female,4079
E02001272,Trafford 014,2,Male,3948
E02001273,Trafford 015,1,Female,4775
E02001273,Trafford 015,2,Male,4760
E02001274,Trafford 016,1,Female,4131
E02001274,Trafford 016,2,Male,3927
E02001275,Trafford 017,1,Female,4330
E02001275,Trafford 017,2,Male,3859
E02001276,Trafford 018,1,Female,4260
E02001276,Trafford 018,2,Male,3856
E02001277,Trafford 019,1,Female,4878
E02001277,Trafford 019,2,Male,4472
E02001278,Trafford 020,1,Female,4347
E02001278,Trafford 020,2,Male,4347
E02001279,Trafford 021,1,Female,4153
E02001279,Trafford 021,2,Male,4133
E02001280,Trafford 022,1,Female,4395
E02001280,Trafford 022,2,Male,4006
E02001281,Trafford 023,1,Female,4030
E02001281,Trafford 023,2,Male,3707
E02001282,Trafford 024,1,Female,5197
E02001282,Trafford 024,2,Male,4908
E02001283,Trafford 025,1,Female,4811
E02001283,Trafford 025,2,Male,4703
E02001284,Trafford 026,1,Female,4147
E02001284,Trafford 026,2,Male,4006
E02001285,Trafford 027,1,Female,4047
E02001285,Trafford 027,2,Male,3709
E02001286,Trafford 028,1,Female,4306
E02001286,Trafford 028,2,Male,3972
E02001287,Wigan 001,1,Female,3384
E02001287,Wigan 001,2,Male,3246
E02001288,Wigan 002,1,Female,4222
E02001288,Wigan 002,2,Male,4112
E02001289,Wigan 003,1,Female,5150
E02001289,Wigan 003,2,Male,5024
E02001290,Wigan 004,1,Female,3159
E02001290,Wigan 004,2,Male,2970
E02001291,Wigan 005,1,Female,3978
E02001291,Wigan 005,2,Male,3837
E02001292,Wigan 006,1,Female,3986
E02001292,Wigan 006,2,Male,4044
E02001293,Wigan 007,1,Female,3204
E02001293,Wigan 007,2,Male,3054
E02001294,Wigan 008,1,Female,3963
E02001294,Wigan 008,2,Male,4035
E02001295,Wigan 009,1,Female,3495
E02001295,Wigan 009,2,Male,3737
E02001296,Wigan 010,1,Female,4670
E02001296,Wigan 010,2,Male,4379
E02001297,Wigan 011,1,Female,3319
E02001297,Wigan 011,2,Male,3286
E02001298,Wigan 012,1,Female,4113
E02001298,Wigan 012,2,Male,4010
E02001299,Wigan 013,1,Female,4393
E02001299,Wigan 013,2,Male,4297
E02001300,Wigan 014,1,Female,3997
E02001300,Wigan 014,2,Male,3891
E02001301,Wigan 015,1,Female,4544
E02001301,Wigan 015,2,Male,4485
E02001302,Wigan 016,1,Female,4044
E02001302,Wigan 016,2,Male,3941
E02001303,Wigan 017,1,Female,4561
E02001303,Wigan 017,2,Male,4467
E02001304,Wigan 018,1,Female,6513
E02001304,Wigan 018,2,Male,6251
E02001305,Wigan 019,1,Female,4339
E02001305,Wigan 019,2,Male,4181
E02001306,Wigan 020,1,Female,3635
E02001306,Wigan 020,2,Male,3514
E02001307,Wigan 021,1,Female,5944
E02001307,Wigan 021,2,Male,5709
E02001308,Wigan 022,1,Female,3030
E02001308,Wigan 022,2,Male,2940
E02001309,Wigan 023,1,Female,4250
E02001309,Wigan 023,2,Male,4104
E02001310,Wigan 024,1,Female,4660
E02001310,Wigan 024,2,Male,4567
E02001311,Wigan 025,1,Female,4155
E02001311,Wigan 025,2,Male,4037
E02001312,Wigan 026,1,Female,4090
E02001312,Wigan 026,2,Male,4597
E02001313,Wigan 027,1,Female,4094
E02001313,Wigan 027,2,Male,4073
E02001314,Wigan 028,1,Female,4041
E02001314,Wigan 028,2,Male,3967
E02001315,Wigan 029,1,Female,4804
E02001315,Wigan 029,2,Male,4635
E02001316,Wigan 030,1,Female,3597
E02001316,Wigan 030,2,Male,3761
E02001317,Wigan 031,1,Female,4550
E02001317,Wigan 031,2,Male,4456
E02001318,Wigan 032,1,Female,3937
E02001318,Wigan 032,2,Male,3893
E02001319,Wigan 033,1,Female,4125
E02001319,Wigan 033,2,Male,4196
E02001320,Wigan 034,1,Female,3829
E02001320,Wigan 034,2,Male,3560
E02001321,Wigan 035,1,Female,4045
E02001321,Wigan 035,2,Male,3960
E02001322,Wigan 036,1,Female,3711
E02001322,Wigan 036,2,Male,3495
E02001323,Wigan 037,1,Female,3928
E02001323,Wigan 037,2,Male,3776
E02001324,Wigan 038,1,Female,4150
E02001324,Wigan 038,2,Male,4117
E02001325,Wigan 039,1,Female,4582
E02001325,Wigan 039,2,Male,4374
E02001326,Wigan 040,1,Female,4142
E02001326,Wigan 040,2,Male,4021
E02001327,Knowsley 001,1,Female,5053
E02001327,Knowsley 001,2,Male,4369
E02001328,Knowsley 002,1,Female,5424
E02001328,Knowsley 002,2,Male,5103
E02001329,Knowsley 003,1,Female,3831
E02001329,Knowsley 003,2,Male,3641
E02001330,Knowsley 004,1,Female,4791
E02001330,Knowsley 004,2,Male,4292
E02001331,Knowsley 005,1,Female,5298
E02001331,Knowsley 005,2,Male,4830
E02001332,Knowsley 006,1,Female,3993
E02001332,Knowsley 006,2,Male,3573
E02001333,Knowsley 007,1,Female,4806
E02001333,Knowsley 007,2,Male,4664
E02001334,Knowsley 008,1,Female,3549
E02001334,Knowsley 008,2,Male,3046
E02001335,Knowsley 009,1,Female,4210
E02001335,Knowsley 009,2,Male,4020
E02001336,Knowsley 010,1,Female,3747
E02001336,Knowsley 010,2,Male,3254
E02001337,Knowsley 011,1,Female,3063
E02001337,Knowsley 011,2,Male,2784
E02001338,Knowsley 012,1,Female,3247
E02001338,Knowsley 012,2,Male,2886
E02001339,Knowsley 013,1,Female,3347
E02001339,Knowsley 013,2,Male,3057
E02001340,Knowsley 014,1,Female,5073
E02001340,Knowsley 014,2,Male,4667
E02001341,Knowsley 015,1,Female,4007
E02001341,Knowsley 015,2,Male,3495
E02001342,Knowsley 016,1,Female,4065
E02001342,Knowsley 016,2,Male,3773
E02001343,Knowsley 017,1,Female,3620
E02001343,Knowsley 017,2,Male,3594
E02001344,Knowsley 018,1,Female,2843
E02001344,Knowsley 018,2,Male,2650
E02001345,Knowsley 019,1,Female,2785
E02001345,Knowsley 019,2,Male,2617
E02001346,Knowsley 020,1,Female,3916
E02001346,Knowsley 020,2,Male,3535
E02001347,Liverpool 001,1,Female,4244
E02001347,Liverpool 001,2,Male,3794
E02001348,Liverpool 002,1,Female,3460
E02001348,Liverpool 002,2,Male,3202
E02001349,Liverpool 003,1,Female,3810
E02001349,Liverpool 003,2,Male,4232
E02001350,Liverpool 004,1,Female,4331
E02001350,Liverpool 004,2,Male,3735
E02001351,Liverpool 005,1,Female,4314
E02001351,Liverpool 005,2,Male,4682
E02001352,Liverpool 006,1,Female,3401
E02001352,Liverpool 006,2,Male,3050
E02001353,Liverpool 007,1,Female,3781
E02001353,Liverpool 007,2,Male,3469
E02001354,Liverpool 008,1,Female,4155
E02001354,Liverpool 008,2,Male,3761
E02001355,Liverpool 009,1,Female,3289
E02001355,Liverpool 009,2,Male,3055
E02001356,Liverpool 010,1,Female,4995
E02001356,Liverpool 010,2,Male,4183
E02001357,Liverpool 011,1,Female,3875
E02001357,Liverpool 011,2,Male,3357
E02001358,Liverpool 012,1,Female,3561
E02001358,Liverpool 012,2,Male,3411
E02001359,Liverpool 013,1,Female,2848
E02001359,Liverpool 013,2,Male,2664
E02001360,Liverpool 014,1,Female,4444
E02001360,Liverpool 014,2,Male,4356
E02001361,Liverpool 015,1,Female,3810
E02001361,Liverpool 015,2,Male,3466
E02001362,Liverpool 016,1,Female,3989
E02001362,Liverpool 016,2,Male,3592
E02001363,Liverpool 017,1,Female,4183
E02001363,Liverpool 017,2,Male,3712
E02001364,Liverpool 018,1,Female,3225
E02001364,Liverpool 018,2,Male,3061
E02001365,Liverpool 019,1,Female,4623
E02001365,Liverpool 019,2,Male,4665
E02001366,Liverpool 020,1,Female,4397
E02001366,Liverpool 020,2,Male,4404
E02001367,Liverpool 021,1,Female,5011
E02001367,Liverpool 021,2,Male,4678
E02001368,Liverpool 022,1,Female,3645
E02001368,Liverpool 022,2,Male,3520
E02001369,Liverpool 023,1,Female,4077
E02001369,Liverpool 023,2,Male,3992
E02001370,Liverpool 024,1,Female,3608
E02001370,Liverpool 024,2,Male,3507
E02001371,Liverpool 025,1,Female,4130
E02001371,Liverpool 025,2,Male,3509
E02001372,Liverpool 026,1,Female,3148
E02001372,Liverpool 026,2,Male,2917
E02001373,Liverpool 027,1,Female,4529
E02001373,Liverpool 027,2,Male,4381
E02001374,Liverpool 028,1,Female,3940
E02001374,Liverpool 028,2,Male,4680
E02001375,Liverpool 029,1,Female,3675
E02001375,Liverpool 029,2,Male,3228
E02001376,Liverpool 030,1,Female,4721
E02001376,Liverpool 030,2,Male,4602
E02001377,Liverpool 031,1,Female,6349
E02001377,Liverpool 031,2,Male,6033
E02001378,Liverpool 032,1,Female,3756
E02001378,Liverpool 032,2,Male,3618
E02001380,Liverpool 034,1,Female,3866
E02001380,Liverpool 034,2,Male,3685
E02001381,Liverpool 035,1,Female,4928
E02001381,Liverpool 035,2,Male,4909
E02001382,Liverpool 036,1,Female,3583
E02001382,Liverpool 036,2,Male,3319
E02001383,Liverpool 037,1,Female,4630
E02001383,Liverpool 037,2,Male,4927
E02001384,Liverpool 038,1,Female,5612
E02001384,Liverpool 038,2,Male,5190
E02001385,Liverpool 039,1,Female,4635
E02001385,Liverpool 039,2,Male,4443
E02001386,Liverpool 040,1,Female,4343
E02001386,Liverpool 040,2,Male,3835
E02001387,Liverpool 041,1,Female,4116
E02001387,Liverpool 041,2,Male,3756
E02001388,Liverpool 042,1,Female,4403
E02001388,Liverpool 042,2,Male,3879
E02001389,Liverpool 043,1,Female,3143
E02001389,Liverpool 043,2,Male,3449
E02001390,Liverpool 044,1,Female,5117
E02001390,Liverpool 044,2,Male,4596
E02001391,Liverpool 045,1,Female,3271
E02001391,Liverpool 045,2,Male,2720
E02001392,Liverpool 046,1,Female,3287
E02001392,Liverpool 046,2,Male,3039
E02001393,Liverpool 047,1,Female,3829
E02001393,Liverpool 047,2,Male,3659
E02001394,Liverpool 048,1,Female,4420
E02001394,Liverpool 048,2,Male,4224
E02001395,Liverpool 049,1,Female,3101
E02001395,Liverpool 049,2,Male,2843
E02001396,Liverpool 050,1,Female,3911
E02001396,Liverpool 050,2,Male,3756
E02001397,Liverpool 051,1,Female,3728
E02001397,Liverpool 051,2,Male,3458
E02001398,Liverpool 052,1,Female,3769
E02001398,Liverpool 052,2,Male,3684
E02001399,Liverpool 053,1,Female,3579
E02001399,Liverpool 053,2,Male,3442
E02001400,Liverpool 054,1,Female,3536
E02001400,Liverpool 054,2,Male,3362
E02001401,Liverpool 055,1,Female,4125
E02001401,Liverpool 055,2,Male,3864
E02001402,Liverpool 056,1,Female,4573
E02001402,Liverpool 056,2,Male,4462
E02001403,Liverpool 057,1,Female,3355
E02001403,Liverpool 057,2,Male,3104
E02001404,Liverpool 058,1,Female,4078
E02001404,Liverpool 058,2,Male,3751
E02001405,Liverpool 059,1,Female,5259
E02001405,Liverpool 059,2,Male,4650
E02001406,St. Helens 001,1,Female,4058
E02001406,St. Helens 001,2,Male,3788
E02001407,St. Helens 002,1,Female,2982
E02001407,St. Helens 002,2,Male,2853
E02001408,St. Helens 003,1,Female,2708
E02001408,St. Helens 003,2,Male,2740
E02001409,St. Helens 004,1,Female,5253
E02001409,St. Helens 004,2,Male,5019
E02001410,St. Helens 005,1,Female,2969
E02001410,St. Helens 005,2,Male,2796
E02001411,St. Helens 006,1,Female,3000
E02001411,St. Helens 006,2,Male,2798
E02001412,St. Helens 007,1,Female,4618
E02001412,St. Helens 007,2,Male,4459
E02001413,St. Helens 008,1,Female,4712
E02001413,St. Helens 008,2,Male,4547
E02001414,St. Helens 009,1,Female,2828
E02001414,St. Helens 009,2,Male,2713
E02001415,St. Helens 010,1,Female,3518
E02001415,St. Helens 010,2,Male,3396
E02001416,St. Helens 011,1,Female,3293
E02001416,St. Helens 011,2,Male,3135
E02001417,St. Helens 012,1,Female,3561
E02001417,St. Helens 012,2,Male,3758
E02001418,St. Helens 013,1,Female,3360
E02001418,St. Helens 013,2,Male,3204
E02001419,St. Helens 014,1,Female,3886
E02001419,St. Helens 014,2,Male,3789
E02001420,St. Helens 015,1,Female,6062
E02001420,St. Helens 015,2,Male,5821
E02001421,St. Helens 016,1,Female,5289
E02001421,St. Helens 016,2,Male,5217
E02001422,St. Helens 017,1,Female,3350
E02001422,St. Helens 017,2,Male,3360
E02001423,St. Helens 018,1,Female,3369
E02001423,St. Helens 018,2,Male,3205
E02001425,St. Helens 020,1,Female,5438
E02001425,St. Helens 020,2,Male,5251
E02001426,St. Helens 021,1,Female,2800
E02001426,St. Helens 021,2,Male,2643
E02001427,St. Helens 022,1,Female,5572
E02001427,St. Helens 022,2,Male,5282
E02001428,St. Helens 023,1,Female,2855
E02001428,St. Helens 023,2,Male,2721
E02001429,Sefton 001,1,Female,3556
E02001429,Sefton 001,2,Male,3125
E02001430,Sefton 002,1,Female,3581
E02001430,Sefton 002,2,Male,3270
E02001431,Sefton 003,1,Female,3935
E02001431,Sefton 003,2,Male,3590
E02001432,Sefton 004,1,Female,4565
E02001432,Sefton 004,2,Male,4959
E02001433,Sefton 005,1,Female,3842
E02001433,Sefton 005,2,Male,3607
E02001434,Sefton 006,1,Female,3735
E02001434,Sefton 006,2,Male,3639
E02001435,Sefton 007,1,Female,4437
E02001435,Sefton 007,2,Male,4402
E02001436,Sefton 008,1,Female,5117
E02001436,Sefton 008,2,Male,4555
E02001437,Sefton 009,1,Female,4814
E02001437,Sefton 009,2,Male,4463
E02001438,Sefton 010,1,Female,3735
E02001438,Sefton 010,2,Male,3457
E02001439,Sefton 011,1,Female,3425
E02001439,Sefton 011,2,Male,3156
E02001440,Sefton 012,1,Female,3151
E02001440,Sefton 012,2,Male,2869
E02001441,Sefton 013,1,Female,3315
E02001441,Sefton 013,2,Male,3016
E02001442,Sefton 014,1,Female,3241
E02001442,Sefton 014,2,Male,2816
E02001443,Sefton 015,1,Female,2937
E02001443,Sefton 015,2,Male,2709
E02001444,Sefton 016,1,Female,2908
E02001444,Sefton 016,2,Male,2686
E02001445,Sefton 017,1,Female,3566
E02001445,Sefton 017,2,Male,3267
E02001446,Sefton 018,1,Female,3725
E02001446,Sefton 018,2,Male,3601
E02001447,Sefton 019,1,Female,3105
E02001447,Sefton 019,2,Male,2965
E02001448,Sefton 020,1,Female,3462
E02001448,Sefton 020,2,Male,3286
E02001449,Sefton 021,1,Female,4800
E02001449,Sefton 021,2,Male,4483
E02001450,Sefton 022,1,Female,4249
E02001450,Sefton 022,2,Male,4113
E02001451,Sefton 023,1,Female,3187
E02001451,Sefton 023,2,Male,2791
E02001452,Sefton 024,1,Female,3293
E02001452,Sefton 024,2,Male,2986
E02001453,Sefton 025,1,Female,4602
E02001453,Sefton 025,2,Male,4210
E02001454,Sefton 026,1,Female,3791
E02001454,Sefton 026,2,Male,3492
E02001455,Sefton 027,1,Female,3621
E02001455,Sefton 027,2,Male,3488
E02001456,Sefton 028,1,Female,3863
E02001456,Sefton 028,2,Male,3551
E02001457,Sefton 029,1,Female,3576
E02001457,Sefton 029,2,Male,3244
E02001458,Sefton 030,1,Female,3771
E02001458,Sefton 030,2,Male,3918
E02001459,Sefton 031,1,Female,3592
E02001459,Sefton 031,2,Male,3262
E02001460,Sefton 032,1,Female,4064
E02001460,Sefton 032,2,Male,3847
E02001461,Sefton 033,1,Female,3594
E02001461,Sefton 033,2,Male,3309
E02001462,Sefton 034,1,Female,4014
E02001462,Sefton 034,2,Male,3657
E02001463,Sefton 035,1,Female,3929
E02001463,Sefton 035,2,Male,3545
E02001464,Sefton 036,1,Female,3633
E02001464,Sefton 036,2,Male,3439
E02001465,Sefton 037,1,Female,3698
E02001465,Sefton 037,2,Male,3993
E02001466,Sefton 038,1,Female,4565
E02001466,Sefton 038,2,Male,4471
E02001467,Wirral 001,1,Female,3903
E02001467,Wirral 001,2,Male,3693
E02001468,Wirral 002,1,Female,3851
E02001468,Wirral 002,2,Male,3754
E02001469,Wirral 003,1,Female,3964
E02001469,Wirral 003,2,Male,3650
E02001470,Wirral 004,1,Female,4232
E02001470,Wirral 004,2,Male,4066
E02001471,Wirral 005,1,Female,3664
E02001471,Wirral 005,2,Male,3674
E02001472,Wirral 006,1,Female,3625
E02001472,Wirral 006,2,Male,3421
E02001473,Wirral 007,1,Female,3929
E02001473,Wirral 007,2,Male,3689
E02001474,Wirral 008,1,Female,3595
E02001474,Wirral 008,2,Male,3359
E02001475,Wirral 009,1,Female,3343
E02001475,Wirral 009,2,Male,3048
E02001476,Wirral 010,1,Female,4144
E02001476,Wirral 010,2,Male,3783
E02001477,Wirral 011,1,Female,4101
E02001477,Wirral 011,2,Male,3597
E02001478,Wirral 012,1,Female,4277
E02001478,Wirral 012,2,Male,3879
E02001479,Wirral 013,1,Female,3172
E02001479,Wirral 013,2,Male,2873
E02001480,Wirral 014,1,Female,3975
E02001480,Wirral 014,2,Male,3610
E02001481,Wirral 015,1,Female,4171
E02001481,Wirral 015,2,Male,3913
E02001482,Wirral 016,1,Female,3846
E02001482,Wirral 016,2,Male,4196
E02001483,Wirral 017,1,Female,3717
E02001483,Wirral 017,2,Male,3484
E02001484,Wirral 018,1,Female,4249
E02001484,Wirral 018,2,Male,3822
E02001485,Wirral 019,1,Female,3711
E02001485,Wirral 019,2,Male,3190
E02001486,Wirral 020,1,Female,3895
E02001486,Wirral 020,2,Male,4049
E02001487,Wirral 021,1,Female,4734
E02001487,Wirral 021,2,Male,4645
E02001488,Wirral 022,1,Female,4338
E02001488,Wirral 022,2,Male,4057
E02001489,Wirral 023,1,Female,4212
E02001489,Wirral 023,2,Male,3864
E02001490,Wirral 024,1,Female,4164
E02001490,Wirral 024,2,Male,4044
E02001491,Wirral 025,1,Female,3554
E02001491,Wirral 025,2,Male,3178
E02001492,Wirral 026,1,Female,4024
E02001492,Wirral 026,2,Male,3556
E02001493,Wirral 027,1,Female,4497
E02001493,Wirral 027,2,Male,4441
E02001494,Wirral 028,1,Female,3608
E02001494,Wirral 028,2,Male,3419
E02001495,Wirral 029,1,Female,4083
E02001495,Wirral 029,2,Male,3903
E02001496,Wirral 030,1,Female,3068
E02001496,Wirral 030,2,Male,2990
E02001497,Wirral 031,1,Female,4214
E02001497,Wirral 031,2,Male,3942
E02001498,Wirral 032,1,Female,3695
E02001498,Wirral 032,2,Male,3548
E02001499,Wirral 033,1,Female,3449
E02001499,Wirral 033,2,Male,3156
E02001500,Wirral 034,1,Female,3782
E02001500,Wirral 034,2,Male,3552
E02001501,Wirral 035,1,Female,4027
E02001501,Wirral 035,2,Male,3700
E02001502,Wirral 036,1,Female,5037
E02001502,Wirral 036,2,Male,4677
E02001503,Wirral 037,1,Female,4013
E02001503,Wirral 037,2,Male,3509
E02001504,Wirral 038,1,Female,3576
E02001504,Wirral 038,2,Male,3406
E02001505,Wirral 039,1,Female,3348
E02001505,Wirral 039,2,Male,3136
E02001506,Wirral 040,1,Female,4531
E02001506,Wirral 040,2,Male,4308
E02001507,Wirral 041,1,Female,3605
E02001507,Wirral 041,2,Male,3369
E02001508,Wirral 042,1,Female,4201
E02001508,Wirral 042,2,Male,3928
E02001509,Barnsley 001,1,Female,3593
E02001509,Barnsley 001,2,Male,3364
E02001510,Barnsley 002,1,Female,3028
E02001510,Barnsley 002,2,Male,2895
E02001511,Barnsley 003,1,Female,3128
E02001511,Barnsley 003,2,Male,2992
E02001512,Barnsley 004,1,Female,4449
E02001512,Barnsley 004,2,Male,4090
E02001513,Barnsley 005,1,Female,3891
E02001513,Barnsley 005,2,Male,3683
E02001514,Barnsley 006,1,Female,3963
E02001514,Barnsley 006,2,Male,3817
E02001515,Barnsley 007,1,Female,4932
E02001515,Barnsley 007,2,Male,4733
E02001516,Barnsley 008,1,Female,3184
E02001516,Barnsley 008,2,Male,3109
E02001517,Barnsley 009,1,Female,4053
E02001517,Barnsley 009,2,Male,3926
E02001518,Barnsley 010,1,Female,5097
E02001518,Barnsley 010,2,Male,5111
E02001519,Barnsley 011,1,Female,4125
E02001519,Barnsley 011,2,Male,3849
E02001520,Barnsley 012,1,Female,6014
E02001520,Barnsley 012,2,Male,5649
E02001521,Barnsley 013,1,Female,5801
E02001521,Barnsley 013,2,Male,6290
E02001522,Barnsley 014,1,Female,4896
E02001522,Barnsley 014,2,Male,4621
E02001523,Barnsley 015,1,Female,3370
E02001523,Barnsley 015,2,Male,3396
E02001524,Barnsley 016,1,Female,3090
E02001524,Barnsley 016,2,Male,2998
E02001525,Barnsley 017,1,Female,3317
E02001525,Barnsley 017,2,Male,3457
E02001526,Barnsley 018,1,Female,3148
E02001526,Barnsley 018,2,Male,3083
E02001527,Barnsley 019,1,Female,3055
E02001527,Barnsley 019,2,Male,2921
E02001528,Barnsley 020,1,Female,5471
E02001528,Barnsley 020,2,Male,5220
E02001529,Barnsley 021,1,Female,4805
E02001529,Barnsley 021,2,Male,4629
E02001530,Barnsley 022,1,Female,3702
E02001530,Barnsley 022,2,Male,3469
E02001531,Barnsley 023,1,Female,3826
E02001531,Barnsley 023,2,Male,3907
E02001532,Barnsley 024,1,Female,5430
E02001532,Barnsley 024,2,Male,5111
E02001533,Barnsley 025,1,Female,3981
E02001533,Barnsley 025,2,Male,3782
E02001534,Barnsley 026,1,Female,4876
E02001534,Barnsley 026,2,Male,4714
E02001535,Barnsley 027,1,Female,3288
E02001535,Barnsley 027,2,Male,3206
E02001536,Barnsley 028,1,Female,4491
E02001536,Barnsley 028,2,Male,4180
E02001537,Barnsley 029,1,Female,4268
E02001537,Barnsley 029,2,Male,4184
E02001538,Barnsley 030,1,Female,4020
E02001538,Barnsley 030,2,Male,3893
E02001539,Doncaster 001,1,Female,3442
E02001539,Doncaster 001,2,Male,3268
E02001540,Doncaster 002,1,Female,6178
E02001540,Doncaster 002,2,Male,5795
E02001541,Doncaster 003,1,Female,5825
E02001541,Doncaster 003,2,Male,5561
E02001542,Doncaster 004,1,Female,3800
E02001542,Doncaster 004,2,Male,3671
E02001543,Doncaster 005,1,Female,3980
E02001543,Doncaster 005,2,Male,3843
E02001544,Doncaster 006,1,Female,4267
E02001544,Doncaster 006,2,Male,4043
E02001545,Doncaster 007,1,Female,4388
E02001545,Doncaster 007,2,Male,4057
E02001546,Doncaster 008,1,Female,3475
E02001546,Doncaster 008,2,Male,5364
E02001547,Doncaster 009,1,Female,5542
E02001547,Doncaster 009,2,Male,5320
E02001548,Doncaster 010,1,Female,4118
E02001548,Doncaster 010,2,Male,3880
E02001549,Doncaster 011,1,Female,3163
E02001549,Doncaster 011,2,Male,3090
E02001550,Doncaster 012,1,Female,4055
E02001550,Doncaster 012,2,Male,3692
E02001551,Doncaster 013,1,Female,2916
E02001551,Doncaster 013,2,Male,2983
E02001552,Doncaster 014,1,Female,3908
E02001552,Doncaster 014,2,Male,3747
E02001553,Doncaster 015,1,Female,5199
E02001553,Doncaster 015,2,Male,5012
E02001554,Doncaster 016,1,Female,3126
E02001554,Doncaster 016,2,Male,2877
E02001555,Doncaster 017,1,Female,2691
E02001555,Doncaster 017,2,Male,2535
E02001556,Doncaster 018,1,Female,4711
E02001556,Doncaster 018,2,Male,4436
E02001557,Doncaster 019,1,Female,4652
E02001557,Doncaster 019,2,Male,5382
E02001558,Doncaster 020,1,Female,3120
E02001558,Doncaster 020,2,Male,2869
E02001559,Doncaster 021,1,Female,3852
E02001559,Doncaster 021,2,Male,3696
E02001560,Doncaster 022,1,Female,5305
E02001560,Doncaster 022,2,Male,6484
E02001561,Doncaster 023,1,Female,3002
E02001561,Doncaster 023,2,Male,3294
E02001562,Doncaster 024,1,Female,3041
E02001562,Doncaster 024,2,Male,2776
E02001563,Doncaster 025,1,Female,4111
E02001563,Doncaster 025,2,Male,3981
E02001564,Doncaster 026,1,Female,4223
E02001564,Doncaster 026,2,Male,3973
E02001565,Doncaster 027,1,Female,3999
E02001565,Doncaster 027,2,Male,3824
E02001566,Doncaster 028,1,Female,4292
E02001566,Doncaster 028,2,Male,4325
E02001567,Doncaster 029,1,Female,4420
E02001567,Doncaster 029,2,Male,4273
E02001568,Doncaster 030,1,Female,3488
E02001568,Doncaster 030,2,Male,3384
E02001569,Doncaster 031,1,Female,4414
E02001569,Doncaster 031,2,Male,4270
E02001570,Doncaster 032,1,Female,3569
E02001570,Doncaster 032,2,Male,3427
E02001571,Doncaster 033,1,Female,2994
E02001571,Doncaster 033,2,Male,2926
E02001572,Doncaster 034,1,Female,3918
E02001572,Doncaster 034,2,Male,3867
E02001573,Doncaster 035,1,Female,3976
E02001573,Doncaster 035,2,Male,3697
E02001574,Doncaster 036,1,Female,3079
E02001574,Doncaster 036,2,Male,2931
E02001575,Doncaster 037,1,Female,4051
E02001575,Doncaster 037,2,Male,3850
E02001576,Doncaster 038,1,Female,3623
E02001576,Doncaster 038,2,Male,3344
E02001577,Doncaster 039,1,Female,3372
E02001577,Doncaster 039,2,Male,3077
E02001578,Rotherham 001,1,Female,5915
E02001578,Rotherham 001,2,Male,5754
E02001579,Rotherham 002,1,Female,5134
E02001579,Rotherham 002,2,Male,4832
E02001580,Rotherham 003,1,Female,4357
E02001580,Rotherham 003,2,Male,4189
E02001581,Rotherham 004,1,Female,3199
E02001581,Rotherham 004,2,Male,3028
E02001582,Rotherham 005,1,Female,3931
E02001582,Rotherham 005,2,Male,3762
E02001583,Rotherham 006,1,Female,2875
E02001583,Rotherham 006,2,Male,2694
E02001584,Rotherham 007,1,Female,3384
E02001584,Rotherham 007,2,Male,3282
E02001585,Rotherham 008,1,Female,3187
E02001585,Rotherham 008,2,Male,3130
E02001586,Rotherham 009,1,Female,3884
E02001586,Rotherham 009,2,Male,3898
E02001587,Rotherham 010,1,Female,2983
E02001587,Rotherham 010,2,Male,2826
E02001588,Rotherham 011,1,Female,3715
E02001588,Rotherham 011,2,Male,3492
E02001589,Rotherham 012,1,Female,4095
E02001589,Rotherham 012,2,Male,3898
E02001590,Rotherham 013,1,Female,3790
E02001590,Rotherham 013,2,Male,3711
E02001591,Rotherham 014,1,Female,4123
E02001591,Rotherham 014,2,Male,4129
E02001592,Rotherham 015,1,Female,4366
E02001592,Rotherham 015,2,Male,4214
E02001593,Rotherham 016,1,Female,3584
E02001593,Rotherham 016,2,Male,3623
E02001594,Rotherham 017,1,Female,3583
E02001594,Rotherham 017,2,Male,3869
E02001595,Rotherham 018,1,Female,4223
E02001595,Rotherham 018,2,Male,4072
E02001596,Rotherham 019,1,Female,4363
E02001596,Rotherham 019,2,Male,3929
E02001597,Rotherham 020,1,Female,4919
E02001597,Rotherham 020,2,Male,4592
E02001598,Rotherham 021,1,Female,5025
E02001598,Rotherham 021,2,Male,4618
E02001600,Rotherham 023,1,Female,5647
E02001600,Rotherham 023,2,Male,5444
E02001602,Rotherham 025,1,Female,4643
E02001602,Rotherham 025,2,Male,4405
E02001603,Rotherham 026,1,Female,3808
E02001603,Rotherham 026,2,Male,3681
E02001604,Rotherham 027,1,Female,5991
E02001604,Rotherham 027,2,Male,5800
E02001605,Rotherham 028,1,Female,3832
E02001605,Rotherham 028,2,Male,3669
E02001606,Rotherham 029,1,Female,4105
E02001606,Rotherham 029,2,Male,3926
E02001607,Rotherham 030,1,Female,4561
E02001607,Rotherham 030,2,Male,4369
E02001608,Rotherham 031,1,Female,3571
E02001608,Rotherham 031,2,Male,3490
E02001609,Rotherham 032,1,Female,4362
E02001609,Rotherham 032,2,Male,4151
E02001610,Rotherham 033,1,Female,4466
E02001610,Rotherham 033,2,Male,4183
E02001611,Sheffield 001,1,Female,3932
E02001611,Sheffield 001,2,Male,3751
E02001612,Sheffield 002,1,Female,2850
E02001612,Sheffield 002,2,Male,2768
E02001613,Sheffield 003,1,Female,5249
E02001613,Sheffield 003,2,Male,4968
E02001614,Sheffield 004,1,Female,5662
E02001614,Sheffield 004,2,Male,5336
E02001615,Sheffield 005,1,Female,3655
E02001615,Sheffield 005,2,Male,3482
E02001616,Sheffield 006,1,Female,3728
E02001616,Sheffield 006,2,Male,3552
E02001617,Sheffield 007,1,Female,3187
E02001617,Sheffield 007,2,Male,2729
E02001618,Sheffield 008,1,Female,4942
E02001618,Sheffield 008,2,Male,4840
E02001619,Sheffield 009,1,Female,5221
E02001619,Sheffield 009,2,Male,4949
E02001620,Sheffield 010,1,Female,3714
E02001620,Sheffield 010,2,Male,3282
E02001621,Sheffield 011,1,Female,3121
E02001621,Sheffield 011,2,Male,2935
E02001622,Sheffield 012,1,Female,4689
E02001622,Sheffield 012,2,Male,4343
E02001623,Sheffield 013,1,Female,4255
E02001623,Sheffield 013,2,Male,3911
E02001624,Sheffield 014,1,Female,4635
E02001624,Sheffield 014,2,Male,4699
E02001625,Sheffield 015,1,Female,4126
E02001625,Sheffield 015,2,Male,3784
E02001626,Sheffield 016,1,Female,3044
E02001626,Sheffield 016,2,Male,2776
E02001627,Sheffield 017,1,Female,3032
E02001627,Sheffield 017,2,Male,2984
E02001628,Sheffield 018,1,Female,3242
E02001628,Sheffield 018,2,Male,3264
E02001629,Sheffield 019,1,Female,3271
E02001629,Sheffield 019,2,Male,3264
E02001630,Sheffield 020,1,Female,4587
E02001630,Sheffield 020,2,Male,4666
E02001631,Sheffield 021,1,Female,3913
E02001631,Sheffield 021,2,Male,3652
E02001632,Sheffield 022,1,Female,6004
E02001632,Sheffield 022,2,Male,6359
E02001633,Sheffield 023,1,Female,3918
E02001633,Sheffield 023,2,Male,3700
E02001634,Sheffield 024,1,Female,4552
E02001634,Sheffield 024,2,Male,4472
E02001635,Sheffield 025,1,Female,3047
E02001635,Sheffield 025,2,Male,2996
E02001636,Sheffield 026,1,Female,4560
E02001636,Sheffield 026,2,Male,4812
E02001637,Sheffield 027,1,Female,4349
E02001637,Sheffield 027,2,Male,4222
E02001638,Sheffield 028,1,Female,2827
E02001638,Sheffield 028,2,Male,2868
E02001639,Sheffield 029,1,Female,2978
E02001639,Sheffield 029,2,Male,2998
E02001640,Sheffield 030,1,Female,4104
E02001640,Sheffield 030,2,Male,4222
E02001642,Sheffield 032,1,Female,5113
E02001642,Sheffield 032,2,Male,5202
E02001643,Sheffield 033,1,Female,3152
E02001643,Sheffield 033,2,Male,3068
E02001646,Sheffield 036,1,Female,3901
E02001646,Sheffield 036,2,Male,3756
E02001647,Sheffield 037,1,Female,3253
E02001647,Sheffield 037,2,Male,3028
E02001648,Sheffield 038,1,Female,4158
E02001648,Sheffield 038,2,Male,4080
E02001649,Sheffield 039,1,Female,5665
E02001649,Sheffield 039,2,Male,5309
E02001650,Sheffield 040,1,Female,4567
E02001650,Sheffield 040,2,Male,5012
E02001651,Sheffield 041,1,Female,4152
E02001651,Sheffield 041,2,Male,3928
E02001652,Sheffield 042,1,Female,6127
E02001652,Sheffield 042,2,Male,6742
E02001653,Sheffield 043,1,Female,3812
E02001653,Sheffield 043,2,Male,3648
E02001654,Sheffield 044,1,Female,3254
E02001654,Sheffield 044,2,Male,3047
E02001655,Sheffield 045,1,Female,3939
E02001655,Sheffield 045,2,Male,3735
E02001656,Sheffield 046,1,Female,3935
E02001656,Sheffield 046,2,Male,3839
E02001657,Sheffield 047,1,Female,4746
E02001657,Sheffield 047,2,Male,4366
E02001658,Sheffield 048,1,Female,2809
E02001658,Sheffield 048,2,Male,2450
E02001659,Sheffield 049,1,Female,2995
E02001659,Sheffield 049,2,Male,2828
E02001660,Sheffield 050,1,Female,4897
E02001660,Sheffield 050,2,Male,4972
E02001661,Sheffield 051,1,Female,3942
E02001661,Sheffield 051,2,Male,3740
E02001662,Sheffield 052,1,Female,3853
E02001662,Sheffield 052,2,Male,3571
E02001663,Sheffield 053,1,Female,3655
E02001663,Sheffield 053,2,Male,3707
E02001664,Sheffield 054,1,Female,3191
E02001664,Sheffield 054,2,Male,3096
E02001665,Sheffield 055,1,Female,4997
E02001665,Sheffield 055,2,Male,4808
E02001666,Sheffield 056,1,Female,3008
E02001666,Sheffield 056,2,Male,2905
E02001669,Sheffield 059,1,Female,4030
E02001669,Sheffield 059,2,Male,3739
E02001670,Sheffield 060,1,Female,3165
E02001670,Sheffield 060,2,Male,2848
E02001671,Sheffield 061,1,Female,2866
E02001671,Sheffield 061,2,Male,2738
E02001672,Sheffield 062,1,Female,3082
E02001672,Sheffield 062,2,Male,2897
E02001673,Sheffield 063,1,Female,2651
E02001673,Sheffield 063,2,Male,2552
E02001674,Sheffield 064,1,Female,4631
E02001674,Sheffield 064,2,Male,4461
E02001675,Sheffield 065,1,Female,4296
E02001675,Sheffield 065,2,Male,4122
E02001676,Sheffield 066,1,Female,3040
E02001676,Sheffield 066,2,Male,2833
E02001678,Sheffield 068,1,Female,5468
E02001678,Sheffield 068,2,Male,5016
E02001679,Sheffield 069,1,Female,3331
E02001679,Sheffield 069,2,Male,2994
E02001680,Sheffield 070,1,Female,3244
E02001680,Sheffield 070,2,Male,3023
E02001681,Sheffield 071,1,Female,3930
E02001681,Sheffield 071,2,Male,3693
E02001682,Gateshead 001,1,Female,4339
E02001682,Gateshead 001,2,Male,4191
E02001683,Gateshead 002,1,Female,4834
E02001683,Gateshead 002,2,Male,4514
E02001684,Gateshead 003,1,Female,3408
E02001684,Gateshead 003,2,Male,3259
E02001685,Gateshead 004,1,Female,4196
E02001685,Gateshead 004,2,Male,3841
E02001686,Gateshead 005,1,Female,3426
E02001686,Gateshead 005,2,Male,3284
E02001688,Gateshead 007,1,Female,3769
E02001688,Gateshead 007,2,Male,3836
E02001689,Gateshead 008,1,Female,3659
E02001689,Gateshead 008,2,Male,3848
E02001690,Gateshead 009,1,Female,3504
E02001690,Gateshead 009,2,Male,3517
E02001691,Gateshead 010,1,Female,4122
E02001691,Gateshead 010,2,Male,4368
E02001692,Gateshead 011,1,Female,3325
E02001692,Gateshead 011,2,Male,2988
E02001693,Gateshead 012,1,Female,2720
E02001693,Gateshead 012,2,Male,2513
E02001694,Gateshead 013,1,Female,3153
E02001694,Gateshead 013,2,Male,3067
E02001695,Gateshead 014,1,Female,2937
E02001695,Gateshead 014,2,Male,2840
E02001696,Gateshead 015,1,Female,4857
E02001696,Gateshead 015,2,Male,4287
E02001697,Gateshead 016,1,Female,3771
E02001697,Gateshead 016,2,Male,3637
E02001698,Gateshead 017,1,Female,3621
E02001698,Gateshead 017,2,Male,3344
E02001699,Gateshead 018,1,Female,3395
E02001699,Gateshead 018,2,Male,3155
E02001700,Gateshead 019,1,Female,5302
E02001700,Gateshead 019,2,Male,4956
E02001701,Gateshead 020,1,Female,3195
E02001701,Gateshead 020,2,Male,3040
E02001702,Gateshead 021,1,Female,4086
E02001702,Gateshead 021,2,Male,3783
E02001703,Gateshead 022,1,Female,2870
E02001703,Gateshead 022,2,Male,2699
E02001704,Gateshead 023,1,Female,3459
E02001704,Gateshead 023,2,Male,3330
E02001706,Gateshead 025,1,Female,4075
E02001706,Gateshead 025,2,Male,3849
E02001707,Gateshead 026,1,Female,4321
E02001707,Gateshead 026,2,Male,3953
E02001709,Newcastle upon Tyne 002,1,Female,5330
E02001709,Newcastle upon Tyne 002,2,Male,5013
E02001710,Newcastle upon Tyne 003,1,Female,5176
E02001710,Newcastle upon Tyne 003,2,Male,4927
E02001711,Newcastle upon Tyne 004,1,Female,5145
E02001711,Newcastle upon Tyne 004,2,Male,4747
E02001712,Newcastle upon Tyne 005,1,Female,4750
E02001712,Newcastle upon Tyne 005,2,Male,4586
E02001713,Newcastle upon Tyne 006,1,Female,5113
E02001713,Newcastle upon Tyne 006,2,Male,4934
E02001714,Newcastle upon Tyne 007,1,Female,4851
E02001714,Newcastle upon Tyne 007,2,Male,4845
E02001715,Newcastle upon Tyne 008,1,Female,6145
E02001715,Newcastle upon Tyne 008,2,Male,5658
E02001718,Newcastle upon Tyne 011,1,Female,3430
E02001718,Newcastle upon Tyne 011,2,Male,3191
E02001719,Newcastle upon Tyne 012,1,Female,4419
E02001719,Newcastle upon Tyne 012,2,Male,4158
E02001720,Newcastle upon Tyne 013,1,Female,4838
E02001720,Newcastle upon Tyne 013,2,Male,4667
E02001721,Newcastle upon Tyne 014,1,Female,5542
E02001721,Newcastle upon Tyne 014,2,Male,5204
E02001722,Newcastle upon Tyne 015,1,Female,4996
E02001722,Newcastle upon Tyne 015,2,Male,4482
E02001723,Newcastle upon Tyne 016,1,Female,3756
E02001723,Newcastle upon Tyne 016,2,Male,3417
E02001724,Newcastle upon Tyne 017,1,Female,4545
E02001724,Newcastle upon Tyne 017,2,Male,4427
E02001725,Newcastle upon Tyne 018,1,Female,4368
E02001725,Newcastle upon Tyne 018,2,Male,4807
E02001726,Newcastle upon Tyne 019,1,Female,6074
E02001726,Newcastle upon Tyne 019,2,Male,5736
E02001727,Newcastle upon Tyne 020,1,Female,4361
E02001727,Newcastle upon Tyne 020,2,Male,4384
E02001728,Newcastle upon Tyne 021,1,Female,4868
E02001728,Newcastle upon Tyne 021,2,Male,4583
E02001729,Newcastle upon Tyne 022,1,Female,5672
E02001729,Newcastle upon Tyne 022,2,Male,6625
E02001732,Newcastle upon Tyne 025,1,Female,2973
E02001732,Newcastle upon Tyne 025,2,Male,2714
E02001734,Newcastle upon Tyne 027,1,Female,4217
E02001734,Newcastle upon Tyne 027,2,Male,3955
E02001735,Newcastle upon Tyne 028,1,Female,3554
E02001735,Newcastle upon Tyne 028,2,Male,3066
E02001737,Newcastle upon Tyne 030,1,Female,3139
E02001737,Newcastle upon Tyne 030,2,Male,3048
E02001738,North Tyneside 001,1,Female,3116
E02001738,North Tyneside 001,2,Male,3048
E02001739,North Tyneside 002,1,Female,3770
E02001739,North Tyneside 002,2,Male,3496
E02001740,North Tyneside 003,1,Female,3050
E02001740,North Tyneside 003,2,Male,2863
E02001741,North Tyneside 004,1,Female,4090
E02001741,North Tyneside 004,2,Male,3634
E02001742,North Tyneside 005,1,Female,3037
E02001742,North Tyneside 005,2,Male,2736
E02001743,North Tyneside 006,1,Female,3849
E02001743,North Tyneside 006,2,Male,3725
E02001744,North Tyneside 007,1,Female,4184
E02001744,North Tyneside 007,2,Male,3988
E02001745,North Tyneside 008,1,Female,3487
E02001745,North Tyneside 008,2,Male,3207
E02001746,North Tyneside 009,1,Female,4257
E02001746,North Tyneside 009,2,Male,3930
E02001747,North Tyneside 010,1,Female,3240
E02001747,North Tyneside 010,2,Male,2993
E02001748,North Tyneside 011,1,Female,4437
E02001748,North Tyneside 011,2,Male,4224
E02001749,North Tyneside 012,1,Female,3272
E02001749,North Tyneside 012,2,Male,3095
E02001750,North Tyneside 013,1,Female,3517
E02001750,North Tyneside 013,2,Male,3274
E02001751,North Tyneside 014,1,Female,3474
E02001751,North Tyneside 014,2,Male,3190
E02001752,North Tyneside 015,1,Female,3375
E02001752,North Tyneside 015,2,Male,3029
E02001753,North Tyneside 016,1,Female,3201
E02001753,North Tyneside 016,2,Male,2952
E02001754,North Tyneside 017,1,Female,2975
E02001754,North Tyneside 017,2,Male,2807
E02001755,North Tyneside 018,1,Female,5038
E02001755,North Tyneside 018,2,Male,4857
E02001756,North Tyneside 019,1,Female,4830
E02001756,North Tyneside 019,2,Male,4476
E02001757,North Tyneside 020,1,Female,3044
E02001757,North Tyneside 020,2,Male,2795
E02001758,North Tyneside 021,1,Female,2912
E02001758,North Tyneside 021,2,Male,2691
E02001759,North Tyneside 022,1,Female,3076
E02001759,North Tyneside 022,2,Male,3061
E02001760,North Tyneside 023,1,Female,4108
E02001760,North Tyneside 023,2,Male,3636
E02001761,North Tyneside 024,1,Female,2880
E02001761,North Tyneside 024,2,Male,2634
E02001762,North Tyneside 025,1,Female,3445
E02001762,North Tyneside 025,2,Male,3310
E02001763,North Tyneside 026,1,Female,3218
E02001763,North Tyneside 026,2,Male,3190
E02001764,North Tyneside 027,1,Female,3778
E02001764,North Tyneside 027,2,Male,3785
E02001765,North Tyneside 028,1,Female,3841
E02001765,North Tyneside 028,2,Male,3802
E02001766,North Tyneside 029,1,Female,3575
E02001766,North Tyneside 029,2,Male,3600
E02001767,North Tyneside 030,1,Female,3556
E02001767,North Tyneside 030,2,Male,3308
E02001768,South Tyneside 001,1,Female,4011
E02001768,South Tyneside 001,2,Male,4067
E02001769,South Tyneside 002,1,Female,3550
E02001769,South Tyneside 002,2,Male,3869
E02001770,South Tyneside 003,1,Female,3013
E02001770,South Tyneside 003,2,Male,2938
E02001771,South Tyneside 004,1,Female,3251
E02001771,South Tyneside 004,2,Male,2943
E02001772,South Tyneside 005,1,Female,2580
E02001772,South Tyneside 005,2,Male,2445
E02001773,South Tyneside 006,1,Female,2758
E02001773,South Tyneside 006,2,Male,2486
E02001774,South Tyneside 007,1,Female,2652
E02001774,South Tyneside 007,2,Male,2585
E02001775,South Tyneside 008,1,Female,2829
E02001775,South Tyneside 008,2,Male,2606
E02001776,South Tyneside 009,1,Female,4605
E02001776,South Tyneside 009,2,Male,4448
E02001777,South Tyneside 010,1,Female,3361
E02001777,South Tyneside 010,2,Male,3392
E02001778,South Tyneside 011,1,Female,2852
E02001778,South Tyneside 011,2,Male,2764
E02001779,South Tyneside 012,1,Female,2708
E02001779,South Tyneside 012,2,Male,2640
E02001780,South Tyneside 013,1,Female,3162
E02001780,South Tyneside 013,2,Male,2880
E02001781,South Tyneside 014,1,Female,2763
E02001781,South Tyneside 014,2,Male,2628
E02001782,South Tyneside 015,1,Female,5299
E02001782,South Tyneside 015,2,Male,4890
E02001783,South Tyneside 016,1,Female,3888
E02001783,South Tyneside 016,2,Male,3314
E02001784,South Tyneside 017,1,Female,3472
E02001784,South Tyneside 017,2,Male,3098
E02001785,South Tyneside 018,1,Female,3974
E02001785,South Tyneside 018,2,Male,3616
E02001786,South Tyneside 019,1,Female,3469
E02001786,South Tyneside 019,2,Male,3141
E02001787,South Tyneside 020,1,Female,2803
E02001787,South Tyneside 020,2,Male,2556
E02001788,South Tyneside 021,1,Female,2963
E02001788,South Tyneside 021,2,Male,2815
E02001789,South Tyneside 022,1,Female,3012
E02001789,South Tyneside 022,2,Male,2780
E02001790,South Tyneside 023,1,Female,3084
E02001790,South Tyneside 023,2,Male,2812
E02001791,Sunderland 001,1,Female,2822
E02001791,Sunderland 001,2,Male,2656
E02001792,Sunderland 002,1,Female,3527
E02001792,Sunderland 002,2,Male,3295
E02001793,Sunderland 003,1,Female,4340
E02001793,Sunderland 003,2,Male,3934
E02001794,Sunderland 004,1,Female,4662
E02001794,Sunderland 004,2,Male,4179
E02001795,Sunderland 005,1,Female,3663
E02001795,Sunderland 005,2,Male,3611
E02001796,Sunderland 006,1,Female,4303
E02001796,Sunderland 006,2,Male,4262
E02001797,Sunderland 007,1,Female,2953
E02001797,Sunderland 007,2,Male,2924
E02001798,Sunderland 008,1,Female,4290
E02001798,Sunderland 008,2,Male,3923
E02001799,Sunderland 009,1,Female,4938
E02001799,Sunderland 009,2,Male,4419
E02001800,Sunderland 010,1,Female,3485
E02001800,Sunderland 010,2,Male,3208
E02001801,Sunderland 011,1,Female,2938
E02001801,Sunderland 011,2,Male,2900
E02001802,Sunderland 012,1,Female,3862
E02001802,Sunderland 012,2,Male,3492
E02001803,Sunderland 013,1,Female,4071
E02001803,Sunderland 013,2,Male,4473
E02001804,Sunderland 014,1,Female,3263
E02001804,Sunderland 014,2,Male,2952
E02001805,Sunderland 015,1,Female,2847
E02001805,Sunderland 015,2,Male,2654
E02001806,Sunderland 016,1,Female,3771
E02001806,Sunderland 016,2,Male,3887
E02001807,Sunderland 017,1,Female,4416
E02001807,Sunderland 017,2,Male,4240
E02001808,Sunderland 018,1,Female,2809
E02001808,Sunderland 018,2,Male,2780
E02001809,Sunderland 019,1,Female,3352
E02001809,Sunderland 019,2,Male,3139
E02001810,Sunderland 020,1,Female,4174
E02001810,Sunderland 020,2,Male,4050
E02001811,Sunderland 021,1,Female,4590
E02001811,Sunderland 021,2,Male,4109
E02001812,Sunderland 022,1,Female,5078
E02001812,Sunderland 022,2,Male,4900
E02001813,Sunderland 023,1,Female,5052
E02001813,Sunderland 023,2,Male,4634
E02001814,Sunderland 024,1,Female,3182
E02001814,Sunderland 024,2,Male,2990
E02001815,Sunderland 025,1,Female,5032
E02001815,Sunderland 025,2,Male,4755
E02001816,Sunderland 026,1,Female,3640
E02001816,Sunderland 026,2,Male,3156
E02001817,Sunderland 027,1,Female,3480
E02001817,Sunderland 027,2,Male,3210
E02001818,Sunderland 028,1,Female,4909
E02001818,Sunderland 028,2,Male,4587
E02001819,Sunderland 029,1,Female,3561
E02001819,Sunderland 029,2,Male,3321
E02001820,Sunderland 030,1,Female,4940
E02001820,Sunderland 030,2,Male,4750
E02001821,Sunderland 031,1,Female,2895
E02001821,Sunderland 031,2,Male,2709
E02001822,Sunderland 032,1,Female,3914
E02001822,Sunderland 032,2,Male,3751
E02001823,Sunderland 033,1,Female,4069
E02001823,Sunderland 033,2,Male,3975
E02001824,Sunderland 034,1,Female,4516
E02001824,Sunderland 034,2,Male,4023
E02001825,Sunderland 035,1,Female,3945
E02001825,Sunderland 035,2,Male,3666
E02001826,Sunderland 036,1,Female,3790
E02001826,Sunderland 036,2,Male,3581
E02001827,Birmingham 001,1,Female,3368
E02001827,Birmingham 001,2,Male,3084
E02001828,Birmingham 002,1,Female,3703
E02001828,Birmingham 002,2,Male,3439
E02001829,Birmingham 003,1,Female,4724
E02001829,Birmingham 003,2,Male,4436
E02001830,Birmingham 004,1,Female,4933
E02001830,Birmingham 004,2,Male,4753
E02001831,Birmingham 005,1,Female,5650
E02001831,Birmingham 005,2,Male,5033
E02001832,Birmingham 006,1,Female,4042
E02001832,Birmingham 006,2,Male,3889
E02001833,Birmingham 007,1,Female,2983
E02001833,Birmingham 007,2,Male,2953
E02001834,Birmingham 008,1,Female,3198
E02001834,Birmingham 008,2,Male,2912
E02001835,Birmingham 009,1,Female,4351
E02001835,Birmingham 009,2,Male,4121
E02001836,Birmingham 010,1,Female,4642
E02001836,Birmingham 010,2,Male,4463
E02001837,Birmingham 011,1,Female,5491
E02001837,Birmingham 011,2,Male,5176
E02001838,Birmingham 012,1,Female,3907
E02001838,Birmingham 012,2,Male,3663
E02001839,Birmingham 013,1,Female,3374
E02001839,Birmingham 013,2,Male,3066
E02001840,Birmingham 014,1,Female,5075
E02001840,Birmingham 014,2,Male,4531
E02001841,Birmingham 015,1,Female,3067
E02001841,Birmingham 015,2,Male,2896
E02001842,Birmingham 016,1,Female,4135
E02001842,Birmingham 016,2,Male,3933
E02001843,Birmingham 017,1,Female,3387
E02001843,Birmingham 017,2,Male,3252
E02001844,Birmingham 018,1,Female,4991
E02001844,Birmingham 018,2,Male,4724
E02001845,Birmingham 019,1,Female,3478
E02001845,Birmingham 019,2,Male,3184
E02001846,Birmingham 020,1,Female,4197
E02001846,Birmingham 020,2,Male,3960
E02001847,Birmingham 021,1,Female,2847
E02001847,Birmingham 021,2,Male,2749
E02001848,Birmingham 022,1,Female,3900
E02001848,Birmingham 022,2,Male,3420
E02001849,Birmingham 023,1,Female,4476
E02001849,Birmingham 023,2,Male,4316
E02001850,Birmingham 024,1,Female,4343
E02001850,Birmingham 024,2,Male,4262
E02001851,Birmingham 025,1,Female,4686
E02001851,Birmingham 025,2,Male,4397
E02001852,Birmingham 026,1,Female,3537
E02001852,Birmingham 026,2,Male,3493
E02001855,Birmingham 029,1,Female,5379
E02001855,Birmingham 029,2,Male,4556
E02001856,Birmingham 030,1,Female,4829
E02001856,Birmingham 030,2,Male,4809
E02001857,Birmingham 031,1,Female,6794
E02001857,Birmingham 031,2,Male,7060
E02001858,Birmingham 032,1,Female,4626
E02001858,Birmingham 032,2,Male,4521
E02001859,Birmingham 033,1,Female,5194
E02001859,Birmingham 033,2,Male,5204
E02001860,Birmingham 034,1,Female,4243
E02001860,Birmingham 034,2,Male,4228
E02001861,Birmingham 035,1,Female,5519
E02001861,Birmingham 035,2,Male,5686
E02001862,Birmingham 036,1,Female,5011
E02001862,Birmingham 036,2,Male,4866
E02001863,Birmingham 037,1,Female,4120
E02001863,Birmingham 037,2,Male,4284
E02001865,Birmingham 039,1,Female,5619
E02001865,Birmingham 039,2,Male,5783
E02001866,Birmingham 040,1,Female,4554
E02001866,Birmingham 040,2,Male,4897
E02001867,Birmingham 041,1,Female,4352
E02001867,Birmingham 041,2,Male,4315
E02001868,Birmingham 042,1,Female,4946
E02001868,Birmingham 042,2,Male,4872
E02001869,Birmingham 043,1,Female,3680
E02001869,Birmingham 043,2,Male,3330
E02001870,Birmingham 044,1,Female,6620
E02001870,Birmingham 044,2,Male,6373
E02001871,Birmingham 045,1,Female,4413
E02001871,Birmingham 045,2,Male,3926
E02001872,Birmingham 046,1,Female,3988
E02001872,Birmingham 046,2,Male,3435
E02001873,Birmingham 047,1,Female,5780
E02001873,Birmingham 047,2,Male,5606
E02001874,Birmingham 048,1,Female,5051
E02001874,Birmingham 048,2,Male,4908
E02001875,Birmingham 049,1,Female,4463
E02001875,Birmingham 049,2,Male,4498
E02001876,Birmingham 050,1,Female,8554
E02001876,Birmingham 050,2,Male,7531
E02001877,Birmingham 051,1,Female,6241
E02001877,Birmingham 051,2,Male,6155
E02001878,Birmingham 052,1,Female,4804
E02001878,Birmingham 052,2,Male,4718
E02001879,Birmingham 053,1,Female,4793
E02001879,Birmingham 053,2,Male,5232
E02001880,Birmingham 054,1,Female,5260
E02001880,Birmingham 054,2,Male,4777
E02001881,Birmingham 055,1,Female,5295
E02001881,Birmingham 055,2,Male,5201
E02001882,Birmingham 056,1,Female,4549
E02001882,Birmingham 056,2,Male,4363
E02001883,Birmingham 057,1,Female,4406
E02001883,Birmingham 057,2,Male,4111
E02001884,Birmingham 058,1,Female,5156
E02001884,Birmingham 058,2,Male,5032
E02001886,Birmingham 060,1,Female,4771
E02001886,Birmingham 060,2,Male,5121
E02001888,Birmingham 062,1,Female,3736
E02001888,Birmingham 062,2,Male,3445
E02001889,Birmingham 063,1,Female,4521
E02001889,Birmingham 063,2,Male,4532
E02001890,Birmingham 064,1,Female,4923
E02001890,Birmingham 064,2,Male,5053
E02001892,Birmingham 066,1,Female,5961
E02001892,Birmingham 066,2,Male,5626
E02001893,Birmingham 067,1,Female,4451
E02001893,Birmingham 067,2,Male,4371
E02001895,Birmingham 069,1,Female,4727
E02001895,Birmingham 069,2,Male,4228
E02001896,Birmingham 070,1,Female,5144
E02001896,Birmingham 070,2,Male,5014
E02001897,Birmingham 071,1,Female,4347
E02001897,Birmingham 071,2,Male,4279
E02001898,Birmingham 072,1,Female,3320
E02001898,Birmingham 072,2,Male,3238
E02001899,Birmingham 073,1,Female,4403
E02001899,Birmingham 073,2,Male,4130
E02001900,Birmingham 074,1,Female,3250
E02001900,Birmingham 074,2,Male,3460
E02001901,Birmingham 075,1,Female,4231
E02001901,Birmingham 075,2,Male,3911
E02001902,Birmingham 076,1,Female,3169
E02001902,Birmingham 076,2,Male,3086
E02001903,Birmingham 077,1,Female,4039
E02001903,Birmingham 077,2,Male,4035
E02001904,Birmingham 078,1,Female,3933
E02001904,Birmingham 078,2,Male,3792
E02001905,Birmingham 079,1,Female,5504
E02001905,Birmingham 079,2,Male,4770
E02001906,Birmingham 080,1,Female,4976
E02001906,Birmingham 080,2,Male,4593
E02001907,Birmingham 081,1,Female,5204
E02001907,Birmingham 081,2,Male,5210
E02001908,Birmingham 082,1,Female,4420
E02001908,Birmingham 082,2,Male,4533
E02001909,Birmingham 083,1,Female,4143
E02001909,Birmingham 083,2,Male,4147
E02001910,Birmingham 084,1,Female,3527
E02001910,Birmingham 084,2,Male,3705
E02001911,Birmingham 085,1,Female,4521
E02001911,Birmingham 085,2,Male,4217
E02001913,Birmingham 087,1,Female,3796
E02001913,Birmingham 087,2,Male,3646
E02001914,Birmingham 088,1,Female,3486
E02001914,Birmingham 088,2,Male,3574
E02001915,Birmingham 089,1,Female,5951
E02001915,Birmingham 089,2,Male,6008
E02001916,Birmingham 090,1,Female,4994
E02001916,Birmingham 090,2,Male,4903
E02001918,Birmingham 092,1,Female,4229
E02001918,Birmingham 092,2,Male,4422
E02001919,Birmingham 093,1,Female,3455
E02001919,Birmingham 093,2,Male,3486
E02001920,Birmingham 094,1,Female,4036
E02001920,Birmingham 094,2,Male,3618
E02001921,Birmingham 095,1,Female,4019
E02001921,Birmingham 095,2,Male,3720
E02001922,Birmingham 096,1,Female,8751
E02001922,Birmingham 096,2,Male,7237
E02001923,Birmingham 097,1,Female,5666
E02001923,Birmingham 097,2,Male,5452
E02001924,Birmingham 098,1,Female,3617
E02001924,Birmingham 098,2,Male,3460
E02001925,Birmingham 099,1,Female,3471
E02001925,Birmingham 099,2,Male,3265
E02001926,Birmingham 100,1,Female,3934
E02001926,Birmingham 100,2,Male,3895
E02001927,Birmingham 101,1,Female,4048
E02001927,Birmingham 101,2,Male,3621
E02001928,Birmingham 102,1,Female,3608
E02001928,Birmingham 102,2,Male,3210
E02001929,Birmingham 103,1,Female,5440
E02001929,Birmingham 103,2,Male,5068
E02001930,Birmingham 104,1,Female,3955
E02001930,Birmingham 104,2,Male,3748
E02001931,Birmingham 105,1,Female,4368
E02001931,Birmingham 105,2,Male,4223
E02001932,Birmingham 106,1,Female,3957
E02001932,Birmingham 106,2,Male,3468
E02001933,Birmingham 107,1,Female,4004
E02001933,Birmingham 107,2,Male,3715
E02001934,Birmingham 108,1,Female,3633
E02001934,Birmingham 108,2,Male,3513
E02001935,Birmingham 109,1,Female,4260
E02001935,Birmingham 109,2,Male,3820
E02001936,Birmingham 110,1,Female,3283
E02001936,Birmingham 110,2,Male,3101
E02001937,Birmingham 111,1,Female,4315
E02001937,Birmingham 111,2,Male,4069
E02001938,Birmingham 112,1,Female,4018
E02001938,Birmingham 112,2,Male,3852
E02001939,Birmingham 113,1,Female,3372
E02001939,Birmingham 113,2,Male,2922
E02001941,Birmingham 115,1,Female,3397
E02001941,Birmingham 115,2,Male,3153
E02001942,Birmingham 116,1,Female,3529
E02001942,Birmingham 116,2,Male,3251
E02001943,Birmingham 117,1,Female,3298
E02001943,Birmingham 117,2,Male,3177
E02001944,Birmingham 118,1,Female,4165
E02001944,Birmingham 118,2,Male,3903
E02001945,Birmingham 119,1,Female,4084
E02001945,Birmingham 119,2,Male,3810
E02001946,Birmingham 120,1,Female,3846
E02001946,Birmingham 120,2,Male,3737
E02001947,Birmingham 121,1,Female,3273
E02001947,Birmingham 121,2,Male,2966
E02001948,Birmingham 122,1,Female,3765
E02001948,Birmingham 122,2,Male,3581
E02001949,Birmingham 123,1,Female,3258
E02001949,Birmingham 123,2,Male,2903
E02001950,Birmingham 124,1,Female,4452
E02001950,Birmingham 124,2,Male,4117
E02001951,Birmingham 125,1,Female,4993
E02001951,Birmingham 125,2,Male,4440
E02001952,Birmingham 126,1,Female,4744
E02001952,Birmingham 126,2,Male,4386
E02001953,Birmingham 127,1,Female,3685
E02001953,Birmingham 127,2,Male,3427
E02001954,Birmingham 128,1,Female,4032
E02001954,Birmingham 128,2,Male,3549
E02001955,Birmingham 129,1,Female,4189
E02001955,Birmingham 129,2,Male,3907
E02001956,Birmingham 130,1,Female,3523
E02001956,Birmingham 130,2,Male,3325
E02001957,Birmingham 131,1,Female,4110
E02001957,Birmingham 131,2,Male,3770
E02001958,Coventry 001,1,Female,4062
E02001958,Coventry 001,2,Male,4010
E02001959,Coventry 002,1,Female,3538
E02001959,Coventry 002,2,Male,3391
E02001961,Coventry 004,1,Female,4044
E02001961,Coventry 004,2,Male,3922
E02001962,Coventry 005,1,Female,3686
E02001962,Coventry 005,2,Male,3525
E02001963,Coventry 006,1,Female,3101
E02001963,Coventry 006,2,Male,3040
E02001964,Coventry 007,1,Female,5768
E02001964,Coventry 007,2,Male,5241
E02001965,Coventry 008,1,Female,4126
E02001965,Coventry 008,2,Male,3956
E02001966,Coventry 009,1,Female,3688
E02001966,Coventry 009,2,Male,3667
E02001967,Coventry 010,1,Female,3562
E02001967,Coventry 010,2,Male,3398
E02001968,Coventry 011,1,Female,4032
E02001968,Coventry 011,2,Male,3927
E02001969,Coventry 012,1,Female,3500
E02001969,Coventry 012,2,Male,3275
E02001970,Coventry 013,1,Female,2946
E02001970,Coventry 013,2,Male,2812
E02001971,Coventry 014,1,Female,3248
E02001971,Coventry 014,2,Male,3041
E02001972,Coventry 015,1,Female,5844
E02001972,Coventry 015,2,Male,5875
E02001973,Coventry 016,1,Female,4274
E02001973,Coventry 016,2,Male,4261
E02001974,Coventry 017,1,Female,4804
E02001974,Coventry 017,2,Male,4657
E02001975,Coventry 018,1,Female,3878
E02001975,Coventry 018,2,Male,3759
E02001976,Coventry 019,1,Female,3819
E02001976,Coventry 019,2,Male,3680
E02001977,Coventry 020,1,Female,4788
E02001977,Coventry 020,2,Male,5228
E02001978,Coventry 021,1,Female,3357
E02001978,Coventry 021,2,Male,3454
E02001979,Coventry 022,1,Female,2890
E02001979,Coventry 022,2,Male,2714
E02001980,Coventry 023,1,Female,2945
E02001980,Coventry 023,2,Male,2846
E02001981,Coventry 024,1,Female,6541
E02001981,Coventry 024,2,Male,6899
E02001982,Coventry 025,1,Female,4285
E02001982,Coventry 025,2,Male,4125
E02001983,Coventry 026,1,Female,3815
E02001983,Coventry 026,2,Male,3795
E02001984,Coventry 027,1,Female,5335
E02001984,Coventry 027,2,Male,5133
E02001985,Coventry 028,1,Female,3912
E02001985,Coventry 028,2,Male,5329
E02001986,Coventry 029,1,Female,4009
E02001986,Coventry 029,2,Male,3972
E02001987,Coventry 030,1,Female,2858
E02001987,Coventry 030,2,Male,3052
E02001988,Coventry 031,1,Female,5189
E02001988,Coventry 031,2,Male,5963
E02001989,Coventry 032,1,Female,3166
E02001989,Coventry 032,2,Male,3129
E02001990,Coventry 033,1,Female,4696
E02001990,Coventry 033,2,Male,4488
E02001991,Coventry 034,1,Female,4212
E02001991,Coventry 034,2,Male,4263
E02001992,Coventry 035,1,Female,5605
E02001992,Coventry 035,2,Male,5180
E02001993,Coventry 036,1,Female,4405
E02001993,Coventry 036,2,Male,4580
E02001994,Coventry 037,1,Female,4028
E02001994,Coventry 037,2,Male,3933
E02001995,Coventry 038,1,Female,4777
E02001995,Coventry 038,2,Male,4649
E02001996,Coventry 039,1,Female,3921
E02001996,Coventry 039,2,Male,3767
E02001997,Coventry 040,1,Female,4336
E02001997,Coventry 040,2,Male,4175
E02001998,Coventry 041,1,Female,3032
E02001998,Coventry 041,2,Male,3004
E02001999,Coventry 042,1,Female,4531
E02001999,Coventry 042,2,Male,4574
E02002000,Dudley 001,1,Female,4443
E02002000,Dudley 001,2,Male,4106
E02002001,Dudley 002,1,Female,3046
E02002001,Dudley 002,2,Male,3018
E02002002,Dudley 003,1,Female,3533
E02002002,Dudley 003,2,Male,3368
E02002003,Dudley 004,1,Female,4530
E02002003,Dudley 004,2,Male,4489
E02002004,Dudley 005,1,Female,3955
E02002004,Dudley 005,2,Male,3620
E02002005,Dudley 006,1,Female,5126
E02002005,Dudley 006,2,Male,4762
E02002006,Dudley 007,1,Female,3281
E02002006,Dudley 007,2,Male,3200
E02002007,Dudley 008,1,Female,4589
E02002007,Dudley 008,2,Male,4439
E02002008,Dudley 009,1,Female,4165
E02002008,Dudley 009,2,Male,3999
E02002009,Dudley 010,1,Female,3638
E02002009,Dudley 010,2,Male,3479
E02002010,Dudley 011,1,Female,4061
E02002010,Dudley 011,2,Male,4311
E02002011,Dudley 012,1,Female,3000
E02002011,Dudley 012,2,Male,2905
E02002012,Dudley 013,1,Female,4334
E02002012,Dudley 013,2,Male,4079
E02002013,Dudley 014,1,Female,3390
E02002013,Dudley 014,2,Male,3182
E02002014,Dudley 015,1,Female,4184
E02002014,Dudley 015,2,Male,4128
E02002015,Dudley 016,1,Female,3565
E02002015,Dudley 016,2,Male,3494
E02002016,Dudley 017,1,Female,4184
E02002016,Dudley 017,2,Male,3863
E02002017,Dudley 018,1,Female,4103
E02002017,Dudley 018,2,Male,3968
E02002018,Dudley 019,1,Female,4608
E02002018,Dudley 019,2,Male,4323
E02002019,Dudley 020,1,Female,3964
E02002019,Dudley 020,2,Male,3834
E02002020,Dudley 021,1,Female,4853
E02002020,Dudley 021,2,Male,4632
E02002021,Dudley 022,1,Female,3795
E02002021,Dudley 022,2,Male,3914
E02002022,Dudley 023,1,Female,4525
E02002022,Dudley 023,2,Male,4356
E02002023,Dudley 024,1,Female,2726
E02002023,Dudley 024,2,Male,2632
E02002024,Dudley 025,1,Female,4437
E02002024,Dudley 025,2,Male,4301
E02002025,Dudley 026,1,Female,4498
E02002025,Dudley 026,2,Male,4398
E02002026,Dudley 027,1,Female,3413
E02002026,Dudley 027,2,Male,3369
E02002027,Dudley 028,1,Female,2700
E02002027,Dudley 028,2,Male,2679
E02002028,Dudley 029,1,Female,2933
E02002028,Dudley 029,2,Male,2799
E02002029,Dudley 030,1,Female,3252
E02002029,Dudley 030,2,Male,2972
E02002030,Dudley 031,1,Female,3394
E02002030,Dudley 031,2,Male,3422
E02002031,Dudley 032,1,Female,3107
E02002031,Dudley 032,2,Male,3155
E02002032,Dudley 033,1,Female,5248
E02002032,Dudley 033,2,Male,4965
E02002033,Dudley 034,1,Female,3987
E02002033,Dudley 034,2,Male,3828
E02002034,Dudley 035,1,Female,4089
E02002034,Dudley 035,2,Male,4079
E02002035,Dudley 036,1,Female,3145
E02002035,Dudley 036,2,Male,2970
E02002036,Dudley 037,1,Female,3204
E02002036,Dudley 037,2,Male,3464
E02002037,Dudley 038,1,Female,3057
E02002037,Dudley 038,2,Male,2866
E02002038,Dudley 039,1,Female,4863
E02002038,Dudley 039,2,Male,4752
E02002039,Dudley 040,1,Female,3082
E02002039,Dudley 040,2,Male,3126
E02002040,Dudley 041,1,Female,3017
E02002040,Dudley 041,2,Male,2916
E02002041,Dudley 042,1,Female,3332
E02002041,Dudley 042,2,Male,2940
E02002042,Dudley 043,1,Female,4116
E02002042,Dudley 043,2,Male,3912
E02002043,Sandwell 001,1,Female,4409
E02002043,Sandwell 001,2,Male,4348
E02002044,Sandwell 002,1,Female,4200
E02002044,Sandwell 002,2,Male,3852
E02002045,Sandwell 003,1,Female,4060
E02002045,Sandwell 003,2,Male,3751
E02002046,Sandwell 004,1,Female,2948
E02002046,Sandwell 004,2,Male,2766
E02002047,Sandwell 005,1,Female,3753
E02002047,Sandwell 005,2,Male,3800
E02002048,Sandwell 006,1,Female,3556
E02002048,Sandwell 006,2,Male,3273
E02002049,Sandwell 007,1,Female,3202
E02002049,Sandwell 007,2,Male,3107
E02002051,Sandwell 009,1,Female,3224
E02002051,Sandwell 009,2,Male,2945
E02002052,Sandwell 010,1,Female,5873
E02002052,Sandwell 010,2,Male,5492
E02002053,Sandwell 011,1,Female,3289
E02002053,Sandwell 011,2,Male,3038
E02002054,Sandwell 012,1,Female,3057
E02002054,Sandwell 012,2,Male,2761
E02002055,Sandwell 013,1,Female,5720
E02002055,Sandwell 013,2,Male,5406
E02002056,Sandwell 014,1,Female,5028
E02002056,Sandwell 014,2,Male,4853
E02002057,Sandwell 015,1,Female,5388
E02002057,Sandwell 015,2,Male,5334
E02002058,Sandwell 016,1,Female,6805
E02002058,Sandwell 016,2,Male,6765
E02002059,Sandwell 017,1,Female,5899
E02002059,Sandwell 017,2,Male,5893
E02002060,Sandwell 018,1,Female,3681
E02002060,Sandwell 018,2,Male,3675
E02002061,Sandwell 019,1,Female,3580
E02002061,Sandwell 019,2,Male,3479
E02002062,Sandwell 020,1,Female,4492
E02002062,Sandwell 020,2,Male,4466
E02002063,Sandwell 021,1,Female,5115
E02002063,Sandwell 021,2,Male,5212
E02002064,Sandwell 022,1,Female,6265
E02002064,Sandwell 022,2,Male,6231
E02002065,Sandwell 023,1,Female,7075
E02002065,Sandwell 023,2,Male,7094
E02002066,Sandwell 024,1,Female,4112
E02002066,Sandwell 024,2,Male,4146
E02002067,Sandwell 025,1,Female,3262
E02002067,Sandwell 025,2,Male,3059
E02002069,Sandwell 027,1,Female,3658
E02002069,Sandwell 027,2,Male,3586
E02002070,Sandwell 028,1,Female,5144
E02002070,Sandwell 028,2,Male,5194
E02002071,Sandwell 029,1,Female,3468
E02002071,Sandwell 029,2,Male,3249
E02002072,Sandwell 030,1,Female,4503
E02002072,Sandwell 030,2,Male,4420
E02002073,Sandwell 031,1,Female,4321
E02002073,Sandwell 031,2,Male,4088
E02002074,Sandwell 032,1,Female,4204
E02002074,Sandwell 032,2,Male,4002
E02002075,Sandwell 033,1,Female,4472
E02002075,Sandwell 033,2,Male,4261
E02002076,Sandwell 034,1,Female,5478
E02002076,Sandwell 034,2,Male,5192
E02002077,Sandwell 035,1,Female,5472
E02002077,Sandwell 035,2,Male,5412
E02002078,Sandwell 036,1,Female,3401
E02002078,Sandwell 036,2,Male,3169
E02002079,Sandwell 037,1,Female,4434
E02002079,Sandwell 037,2,Male,4225
E02002080,Sandwell 038,1,Female,3786
E02002080,Sandwell 038,2,Male,3592
E02002081,Solihull 001,1,Female,2790
E02002081,Solihull 001,2,Male,2644
E02002082,Solihull 002,1,Female,3070
E02002082,Solihull 002,2,Male,2770
E02002083,Solihull 003,1,Female,3080
E02002083,Solihull 003,2,Male,2949
E02002084,Solihull 004,1,Female,3559
E02002084,Solihull 004,2,Male,3187
E02002085,Solihull 005,1,Female,3522
E02002085,Solihull 005,2,Male,3137
E02002086,Solihull 006,1,Female,3089
E02002086,Solihull 006,2,Male,2834
E02002087,Solihull 007,1,Female,3328
E02002087,Solihull 007,2,Male,2969
E02002088,Solihull 008,1,Female,5054
E02002088,Solihull 008,2,Male,4529
E02002089,Solihull 009,1,Female,4103
E02002089,Solihull 009,2,Male,3963
E02002090,Solihull 010,1,Female,2961
E02002090,Solihull 010,2,Male,3001
E02002091,Solihull 011,1,Female,3921
E02002091,Solihull 011,2,Male,3733
E02002092,Solihull 012,1,Female,3706
E02002092,Solihull 012,2,Male,3560
E02002093,Solihull 013,1,Female,3339
E02002093,Solihull 013,2,Male,3352
E02002094,Solihull 014,1,Female,3039
E02002094,Solihull 014,2,Male,2941
E02002095,Solihull 015,1,Female,4472
E02002095,Solihull 015,2,Male,4153
E02002096,Solihull 016,1,Female,5339
E02002096,Solihull 016,2,Male,5034
E02002097,Solihull 017,1,Female,3739
E02002097,Solihull 017,2,Male,3606
E02002098,Solihull 018,1,Female,4989
E02002098,Solihull 018,2,Male,4748
E02002099,Solihull 019,1,Female,3503
E02002099,Solihull 019,2,Male,3397
E02002101,Solihull 021,1,Female,3277
E02002101,Solihull 021,2,Male,3028
E02002102,Solihull 022,1,Female,4483
E02002102,Solihull 022,2,Male,4293
E02002103,Solihull 023,1,Female,3171
E02002103,Solihull 023,2,Male,2911
E02002104,Solihull 024,1,Female,3033
E02002104,Solihull 024,2,Male,2815
E02002105,Solihull 025,1,Female,4244
E02002105,Solihull 025,2,Male,4021
E02002106,Solihull 026,1,Female,5041
E02002106,Solihull 026,2,Male,4689
E02002107,Solihull 027,1,Female,2794
E02002107,Solihull 027,2,Male,2619
E02002108,Solihull 028,1,Female,5075
E02002108,Solihull 028,2,Male,4773
E02002109,Solihull 029,1,Female,6124
E02002109,Solihull 029,2,Male,6008
E02002110,Walsall 001,1,Female,3563
E02002110,Walsall 001,2,Male,3461
E02002111,Walsall 002,1,Female,3336
E02002111,Walsall 002,2,Male,3081
E02002112,Walsall 003,1,Female,2661
E02002112,Walsall 003,2,Male,2609
E02002113,Walsall 004,1,Female,3312
E02002113,Walsall 004,2,Male,3090
E02002114,Walsall 005,1,Female,3111
E02002114,Walsall 005,2,Male,2971
E02002115,Walsall 006,1,Female,3503
E02002115,Walsall 006,2,Male,3320
E02002116,Walsall 007,1,Female,3436
E02002116,Walsall 007,2,Male,3319
E02002117,Walsall 008,1,Female,3101
E02002117,Walsall 008,2,Male,3152
E02002118,Walsall 009,1,Female,3827
E02002118,Walsall 009,2,Male,3593
E02002119,Walsall 010,1,Female,3025
E02002119,Walsall 010,2,Male,2958
E02002120,Walsall 011,1,Female,3103
E02002120,Walsall 011,2,Male,3007
E02002121,Walsall 012,1,Female,3469
E02002121,Walsall 012,2,Male,3194
E02002122,Walsall 013,1,Female,3627
E02002122,Walsall 013,2,Male,3528
E02002123,Walsall 014,1,Female,3446
E02002123,Walsall 014,2,Male,3156
E02002124,Walsall 015,1,Female,3690
E02002124,Walsall 015,2,Male,3230
E02002125,Walsall 016,1,Female,3272
E02002125,Walsall 016,2,Male,3177
E02002126,Walsall 017,1,Female,3477
E02002126,Walsall 017,2,Male,3201
E02002127,Walsall 018,1,Female,5056
E02002127,Walsall 018,2,Male,4736
E02002128,Walsall 019,1,Female,2897
E02002128,Walsall 019,2,Male,2731
E02002129,Walsall 020,1,Female,3020
E02002129,Walsall 020,2,Male,3011
E02002130,Walsall 021,1,Female,3546
E02002130,Walsall 021,2,Male,3317
E02002131,Walsall 022,1,Female,3968
E02002131,Walsall 022,2,Male,3810
E02002132,Walsall 023,1,Female,3388
E02002132,Walsall 023,2,Male,3053
E02002133,Walsall 024,1,Female,3517
E02002133,Walsall 024,2,Male,3384
E02002134,Walsall 025,1,Female,4699
E02002134,Walsall 025,2,Male,4536
E02002135,Walsall 026,1,Female,4018
E02002135,Walsall 026,2,Male,3963
E02002136,Walsall 027,1,Female,4033
E02002136,Walsall 027,2,Male,3971
E02002137,Walsall 028,1,Female,3123
E02002137,Walsall 028,2,Male,2992
E02002138,Walsall 029,1,Female,3224
E02002138,Walsall 029,2,Male,3134
E02002139,Walsall 030,1,Female,5459
E02002139,Walsall 030,2,Male,5402
E02002140,Walsall 031,1,Female,4364
E02002140,Walsall 031,2,Male,4191
E02002141,Walsall 032,1,Female,3336
E02002141,Walsall 032,2,Male,3123
E02002142,Walsall 033,1,Female,3866
E02002142,Walsall 033,2,Male,3684
E02002143,Walsall 034,1,Female,5241
E02002143,Walsall 034,2,Male,5023
E02002144,Walsall 035,1,Female,3490
E02002144,Walsall 035,2,Male,3355
E02002145,Walsall 036,1,Female,4380
E02002145,Walsall 036,2,Male,4112
E02002146,Walsall 037,1,Female,3310
E02002146,Walsall 037,2,Male,3115
E02002147,Walsall 038,1,Female,4599
E02002147,Walsall 038,2,Male,4510
E02002148,Walsall 039,1,Female,5974
E02002148,Walsall 039,2,Male,5457
E02002149,Wolverhampton 001,1,Female,5214
E02002149,Wolverhampton 001,2,Male,4873
E02002150,Wolverhampton 002,1,Female,2995
E02002150,Wolverhampton 002,2,Male,2796
E02002151,Wolverhampton 003,1,Female,2898
E02002151,Wolverhampton 003,2,Male,2658
E02002152,Wolverhampton 004,1,Female,3287
E02002152,Wolverhampton 004,2,Male,2988
E02002153,Wolverhampton 005,1,Female,3853
E02002153,Wolverhampton 005,2,Male,3630
E02002154,Wolverhampton 006,1,Female,3770
E02002154,Wolverhampton 006,2,Male,3642
E02002155,Wolverhampton 007,1,Female,3504
E02002155,Wolverhampton 007,2,Male,3011
E02002156,Wolverhampton 008,1,Female,4262
E02002156,Wolverhampton 008,2,Male,4040
E02002157,Wolverhampton 009,1,Female,4048
E02002157,Wolverhampton 009,2,Male,3777
E02002158,Wolverhampton 010,1,Female,3824
E02002158,Wolverhampton 010,2,Male,3699
E02002159,Wolverhampton 011,1,Female,3079
E02002159,Wolverhampton 011,2,Male,3099
E02002160,Wolverhampton 012,1,Female,3850
E02002160,Wolverhampton 012,2,Male,3729
E02002161,Wolverhampton 013,1,Female,3426
E02002161,Wolverhampton 013,2,Male,3698
E02002162,Wolverhampton 014,1,Female,4090
E02002162,Wolverhampton 014,2,Male,3683
E02002163,Wolverhampton 015,1,Female,5998
E02002163,Wolverhampton 015,2,Male,5877
E02002164,Wolverhampton 016,1,Female,3209
E02002164,Wolverhampton 016,2,Male,3534
E02002165,Wolverhampton 017,1,Female,3770
E02002165,Wolverhampton 017,2,Male,4123
E02002166,Wolverhampton 018,1,Female,4860
E02002166,Wolverhampton 018,2,Male,4548
E02002167,Wolverhampton 019,1,Female,3410
E02002167,Wolverhampton 019,2,Male,3232
E02002168,Wolverhampton 020,1,Female,5669
E02002168,Wolverhampton 020,2,Male,5863
E02002169,Wolverhampton 021,1,Female,4561
E02002169,Wolverhampton 021,2,Male,4247
E02002170,Wolverhampton 022,1,Female,3239
E02002170,Wolverhampton 022,2,Male,3076
E02002171,Wolverhampton 023,1,Female,3944
E02002171,Wolverhampton 023,2,Male,3781
E02002174,Wolverhampton 026,1,Female,3855
E02002174,Wolverhampton 026,2,Male,3788
E02002175,Wolverhampton 027,1,Female,3980
E02002175,Wolverhampton 027,2,Male,3813
E02002176,Wolverhampton 028,1,Female,3969
E02002176,Wolverhampton 028,2,Male,3872
E02002177,Wolverhampton 029,1,Female,5833
E02002177,Wolverhampton 029,2,Male,5672
E02002178,Wolverhampton 030,1,Female,4101
E02002178,Wolverhampton 030,2,Male,4040
E02002179,Wolverhampton 031,1,Female,3361
E02002179,Wolverhampton 031,2,Male,3207
E02002180,Wolverhampton 032,1,Female,3336
E02002180,Wolverhampton 032,2,Male,3151
E02002181,Wolverhampton 033,1,Female,4326
E02002181,Wolverhampton 033,2,Male,4109
E02002182,Wolverhampton 034,1,Female,3369
E02002182,Wolverhampton 034,2,Male,3217
E02002183,Bradford 001,1,Female,3030
E02002183,Bradford 001,2,Male,2670
E02002184,Bradford 002,1,Female,6899
E02002184,Bradford 002,2,Male,6220
E02002185,Bradford 003,1,Female,3006
E02002185,Bradford 003,2,Male,2855
E02002187,Bradford 005,1,Female,3127
E02002187,Bradford 005,2,Male,3069
E02002188,Bradford 006,1,Female,3909
E02002188,Bradford 006,2,Male,3879
E02002189,Bradford 007,1,Female,3602
E02002189,Bradford 007,2,Male,3584
E02002190,Bradford 008,1,Female,5997
E02002190,Bradford 008,2,Male,5887
E02002191,Bradford 009,1,Female,4973
E02002191,Bradford 009,2,Male,4670
E02002192,Bradford 010,1,Female,4702
E02002192,Bradford 010,2,Male,4435
E02002193,Bradford 011,1,Female,3223
E02002193,Bradford 011,2,Male,3252
E02002194,Bradford 012,1,Female,3932
E02002194,Bradford 012,2,Male,3547
E02002195,Bradford 013,1,Female,3277
E02002195,Bradford 013,2,Male,3085
E02002196,Bradford 014,1,Female,3253
E02002196,Bradford 014,2,Male,3156
E02002197,Bradford 015,1,Female,4449
E02002197,Bradford 015,2,Male,4247
E02002198,Bradford 016,1,Female,4291
E02002198,Bradford 016,2,Male,4126
E02002199,Bradford 017,1,Female,3737
E02002199,Bradford 017,2,Male,3505
E02002200,Bradford 018,1,Female,4737
E02002200,Bradford 018,2,Male,4357
E02002201,Bradford 019,1,Female,6314
E02002201,Bradford 019,2,Male,5927
E02002202,Bradford 020,1,Female,3685
E02002202,Bradford 020,2,Male,3806
E02002203,Bradford 021,1,Female,3997
E02002203,Bradford 021,2,Male,3741
E02002204,Bradford 022,1,Female,6018
E02002204,Bradford 022,2,Male,5410
E02002205,Bradford 023,1,Female,5000
E02002205,Bradford 023,2,Male,4779
E02002206,Bradford 024,1,Female,4539
E02002206,Bradford 024,2,Male,4303
E02002207,Bradford 025,1,Female,3754
E02002207,Bradford 025,2,Male,3747
E02002208,Bradford 026,1,Female,4314
E02002208,Bradford 026,2,Male,3821
E02002209,Bradford 027,1,Female,3592
E02002209,Bradford 027,2,Male,3415
E02002210,Bradford 028,1,Female,3977
E02002210,Bradford 028,2,Male,3716
E02002211,Bradford 029,1,Female,3848
E02002211,Bradford 029,2,Male,3860
E02002212,Bradford 030,1,Female,4972
E02002212,Bradford 030,2,Male,4617
E02002213,Bradford 031,1,Female,3985
E02002213,Bradford 031,2,Male,3690
E02002214,Bradford 032,1,Female,3307
E02002214,Bradford 032,2,Male,3291
E02002215,Bradford 033,1,Female,5456
E02002215,Bradford 033,2,Male,5332
E02002216,Bradford 034,1,Female,5046
E02002216,Bradford 034,2,Male,5112
E02002217,Bradford 035,1,Female,5160
E02002217,Bradford 035,2,Male,5228
E02002218,Bradford 036,1,Female,5325
E02002218,Bradford 036,2,Male,4958
E02002219,Bradford 037,1,Female,4228
E02002219,Bradford 037,2,Male,4062
E02002220,Bradford 038,1,Female,4926
E02002220,Bradford 038,2,Male,4749
E02002222,Bradford 040,1,Female,4800
E02002222,Bradford 040,2,Male,4434
E02002223,Bradford 041,1,Female,3931
E02002223,Bradford 041,2,Male,3916
E02002224,Bradford 042,1,Female,5349
E02002224,Bradford 042,2,Male,5493
E02002225,Bradford 043,1,Female,4357
E02002225,Bradford 043,2,Male,4174
E02002226,Bradford 044,1,Female,6897
E02002226,Bradford 044,2,Male,7230
E02002227,Bradford 045,1,Female,3126
E02002227,Bradford 045,2,Male,3085
E02002228,Bradford 046,1,Female,3896
E02002228,Bradford 046,2,Male,3750
E02002229,Bradford 047,1,Female,4561
E02002229,Bradford 047,2,Male,3724
E02002230,Bradford 048,1,Female,4253
E02002230,Bradford 048,2,Male,4380
E02002231,Bradford 049,1,Female,6957
E02002231,Bradford 049,2,Male,6374
E02002232,Bradford 050,1,Female,3760
E02002232,Bradford 050,2,Male,3558
E02002233,Bradford 051,1,Female,4812
E02002233,Bradford 051,2,Male,4964
E02002234,Bradford 052,1,Female,3932
E02002234,Bradford 052,2,Male,3667
E02002235,Bradford 053,1,Female,3576
E02002235,Bradford 053,2,Male,3497
E02002236,Bradford 054,1,Female,3406
E02002236,Bradford 054,2,Male,3185
E02002237,Bradford 055,1,Female,4618
E02002237,Bradford 055,2,Male,4216
E02002238,Bradford 056,1,Female,3357
E02002238,Bradford 056,2,Male,3096
E02002239,Bradford 057,1,Female,5597
E02002239,Bradford 057,2,Male,5269
E02002240,Bradford 058,1,Female,5812
E02002240,Bradford 058,2,Male,5756
E02002241,Bradford 059,1,Female,6321
E02002241,Bradford 059,2,Male,5897
E02002242,Bradford 060,1,Female,4058
E02002242,Bradford 060,2,Male,3827
E02002243,Bradford 061,1,Female,5042
E02002243,Bradford 061,2,Male,4586
E02002244,Calderdale 001,1,Female,3149
E02002244,Calderdale 001,2,Male,2924
E02002245,Calderdale 002,1,Female,2790
E02002245,Calderdale 002,2,Male,2608
E02002246,Calderdale 003,1,Female,4967
E02002246,Calderdale 003,2,Male,4598
E02002247,Calderdale 004,1,Female,4656
E02002247,Calderdale 004,2,Male,4282
E02002248,Calderdale 005,1,Female,4028
E02002248,Calderdale 005,2,Male,3752
E02002249,Calderdale 006,1,Female,2930
E02002249,Calderdale 006,2,Male,2682
E02002250,Calderdale 007,1,Female,4188
E02002250,Calderdale 007,2,Male,4030
E02002251,Calderdale 008,1,Female,3838
E02002251,Calderdale 008,2,Male,4104
E02002252,Calderdale 009,1,Female,3472
E02002252,Calderdale 009,2,Male,3309
E02002253,Calderdale 010,1,Female,4403
E02002253,Calderdale 010,2,Male,4202
E02002254,Calderdale 011,1,Female,3259
E02002254,Calderdale 011,2,Male,2959
E02002255,Calderdale 012,1,Female,3878
E02002255,Calderdale 012,2,Male,3841
E02002256,Calderdale 013,1,Female,4915
E02002256,Calderdale 013,2,Male,4541
E02002257,Calderdale 014,1,Female,3257
E02002257,Calderdale 014,2,Male,3287
E02002258,Calderdale 015,1,Female,4541
E02002258,Calderdale 015,2,Male,4343
E02002259,Calderdale 016,1,Female,3675
E02002259,Calderdale 016,2,Male,3463
E02002260,Calderdale 017,1,Female,4622
E02002260,Calderdale 017,2,Male,4437
E02002261,Calderdale 018,1,Female,4020
E02002261,Calderdale 018,2,Male,3911
E02002262,Calderdale 019,1,Female,3970
E02002262,Calderdale 019,2,Male,3700
E02002263,Calderdale 020,1,Female,3362
E02002263,Calderdale 020,2,Male,3135
E02002264,Calderdale 021,1,Female,3650
E02002264,Calderdale 021,2,Male,3415
E02002265,Calderdale 022,1,Female,2900
E02002265,Calderdale 022,2,Male,2710
E02002266,Calderdale 023,1,Female,2891
E02002266,Calderdale 023,2,Male,2846
E02002267,Calderdale 024,1,Female,4076
E02002267,Calderdale 024,2,Male,3910
E02002268,Calderdale 025,1,Female,5342
E02002268,Calderdale 025,2,Male,4961
E02002269,Calderdale 026,1,Female,4796
E02002269,Calderdale 026,2,Male,4592
E02002270,Calderdale 027,1,Female,4326
E02002270,Calderdale 027,2,Male,4190
E02002271,Kirklees 001,1,Female,3970
E02002271,Kirklees 001,2,Male,3582
E02002272,Kirklees 002,1,Female,4959
E02002272,Kirklees 002,2,Male,4712
E02002273,Kirklees 003,1,Female,3386
E02002273,Kirklees 003,2,Male,3194
E02002274,Kirklees 004,1,Female,3504
E02002274,Kirklees 004,2,Male,3358
E02002275,Kirklees 005,1,Female,4367
E02002275,Kirklees 005,2,Male,4197
E02002276,Kirklees 006,1,Female,3978
E02002276,Kirklees 006,2,Male,3815
E02002277,Kirklees 007,1,Female,3470
E02002277,Kirklees 007,2,Male,3442
E02002278,Kirklees 008,1,Female,3471
E02002278,Kirklees 008,2,Male,3251
E02002279,Kirklees 009,1,Female,3223
E02002279,Kirklees 009,2,Male,3050
E02002280,Kirklees 010,1,Female,3466
E02002280,Kirklees 010,2,Male,3401
E02002281,Kirklees 011,1,Female,5933
E02002281,Kirklees 011,2,Male,5724
E02002282,Kirklees 012,1,Female,3759
E02002282,Kirklees 012,2,Male,3687
E02002283,Kirklees 013,1,Female,3553
E02002283,Kirklees 013,2,Male,3623
E02002284,Kirklees 014,1,Female,3172
E02002284,Kirklees 014,2,Male,3078
E02002285,Kirklees 015,1,Female,4098
E02002285,Kirklees 015,2,Male,3880
E02002286,Kirklees 016,1,Female,3238
E02002286,Kirklees 016,2,Male,3090
E02002287,Kirklees 017,1,Female,3527
E02002287,Kirklees 017,2,Male,3734
E02002288,Kirklees 018,1,Female,5221
E02002288,Kirklees 018,2,Male,4930
E02002289,Kirklees 019,1,Female,3555
E02002289,Kirklees 019,2,Male,3484
E02002290,Kirklees 020,1,Female,3244
E02002290,Kirklees 020,2,Male,3048
E02002291,Kirklees 021,1,Female,3340
E02002291,Kirklees 021,2,Male,3209
E02002292,Kirklees 022,1,Female,2865
E02002292,Kirklees 022,2,Male,2736
E02002293,Kirklees 023,1,Female,4409
E02002293,Kirklees 023,2,Male,4442
E02002294,Kirklees 024,1,Female,5560
E02002294,Kirklees 024,2,Male,5576
E02002295,Kirklees 025,1,Female,3852
E02002295,Kirklees 025,2,Male,3472
E02002296,Kirklees 026,1,Female,3591
E02002296,Kirklees 026,2,Male,3339
E02002297,Kirklees 027,1,Female,3550
E02002297,Kirklees 027,2,Male,3447
E02002298,Kirklees 028,1,Female,3399
E02002298,Kirklees 028,2,Male,3256
E02002299,Kirklees 029,1,Female,3652
E02002299,Kirklees 029,2,Male,3571
E02002300,Kirklees 030,1,Female,4535
E02002300,Kirklees 030,2,Male,4060
E02002301,Kirklees 031,1,Female,4061
E02002301,Kirklees 031,2,Male,4206
E02002302,Kirklees 032,1,Female,3169
E02002302,Kirklees 032,2,Male,3001
E02002303,Kirklees 033,1,Female,3496
E02002303,Kirklees 033,2,Male,3142
E02002304,Kirklees 034,1,Female,3146
E02002304,Kirklees 034,2,Male,3389
E02002305,Kirklees 035,1,Female,3202
E02002305,Kirklees 035,2,Male,2982
E02002306,Kirklees 036,1,Female,3232
E02002306,Kirklees 036,2,Male,2978
E02002307,Kirklees 037,1,Female,3073
E02002307,Kirklees 037,2,Male,2850
E02002308,Kirklees 038,1,Female,3457
E02002308,Kirklees 038,2,Male,3324
E02002309,Kirklees 039,1,Female,3302
E02002309,Kirklees 039,2,Male,3524
E02002310,Kirklees 040,1,Female,3011
E02002310,Kirklees 040,2,Male,2762
E02002311,Kirklees 041,1,Female,3329
E02002311,Kirklees 041,2,Male,3218
E02002312,Kirklees 042,1,Female,4059
E02002312,Kirklees 042,2,Male,4065
E02002313,Kirklees 043,1,Female,3839
E02002313,Kirklees 043,2,Male,3951
E02002314,Kirklees 044,1,Female,3048
E02002314,Kirklees 044,2,Male,2835
E02002315,Kirklees 045,1,Female,3381
E02002315,Kirklees 045,2,Male,3308
E02002316,Kirklees 046,1,Female,3423
E02002316,Kirklees 046,2,Male,3251
E02002317,Kirklees 047,1,Female,3885
E02002317,Kirklees 047,2,Male,3599
E02002318,Kirklees 048,1,Female,3178
E02002318,Kirklees 048,2,Male,2986
E02002319,Kirklees 049,1,Female,3570
E02002319,Kirklees 049,2,Male,3397
E02002320,Kirklees 050,1,Female,3048
E02002320,Kirklees 050,2,Male,2950
E02002321,Kirklees 051,1,Female,3461
E02002321,Kirklees 051,2,Male,3323
E02002322,Kirklees 052,1,Female,3218
E02002322,Kirklees 052,2,Male,3163
E02002323,Kirklees 053,1,Female,4245
E02002323,Kirklees 053,2,Male,3976
E02002324,Kirklees 054,1,Female,3380
E02002324,Kirklees 054,2,Male,3189
E02002325,Kirklees 055,1,Female,4741
E02002325,Kirklees 055,2,Male,4364
E02002326,Kirklees 056,1,Female,3051
E02002326,Kirklees 056,2,Male,2961
E02002327,Kirklees 057,1,Female,5198
E02002327,Kirklees 057,2,Male,4867
E02002328,Kirklees 058,1,Female,3561
E02002328,Kirklees 058,2,Male,3457
E02002329,Kirklees 059,1,Female,6256
E02002329,Kirklees 059,2,Male,5943
E02002330,Leeds 001,1,Female,3656
E02002330,Leeds 001,2,Male,3333
E02002331,Leeds 002,1,Female,3471
E02002331,Leeds 002,2,Male,3894
E02002332,Leeds 003,1,Female,3386
E02002332,Leeds 003,2,Male,3143
E02002333,Leeds 004,1,Female,4066
E02002333,Leeds 004,2,Male,3762
E02002334,Leeds 005,1,Female,3935
E02002334,Leeds 005,2,Male,3686
E02002335,Leeds 006,1,Female,3836
E02002335,Leeds 006,2,Male,3690
E02002336,Leeds 007,1,Female,3628
E02002336,Leeds 007,2,Male,3368
E02002337,Leeds 008,1,Female,3862
E02002337,Leeds 008,2,Male,3862
E02002338,Leeds 009,1,Female,3802
E02002338,Leeds 009,2,Male,3479
E02002339,Leeds 010,1,Female,2965
E02002339,Leeds 010,2,Male,2684
E02002340,Leeds 011,1,Female,3022
E02002340,Leeds 011,2,Male,2840
E02002341,Leeds 012,1,Female,3841
E02002341,Leeds 012,2,Male,3593
E02002342,Leeds 013,1,Female,3151
E02002342,Leeds 013,2,Male,2927
E02002343,Leeds 014,1,Female,3082
E02002343,Leeds 014,2,Male,2857
E02002344,Leeds 015,1,Female,4128
E02002344,Leeds 015,2,Male,3677
E02002345,Leeds 016,1,Female,3104
E02002345,Leeds 016,2,Male,3077
E02002346,Leeds 017,1,Female,3186
E02002346,Leeds 017,2,Male,2966
E02002347,Leeds 018,1,Female,3431
E02002347,Leeds 018,2,Male,3141
E02002348,Leeds 019,1,Female,3416
E02002348,Leeds 019,2,Male,3103
E02002349,Leeds 020,1,Female,3038
E02002349,Leeds 020,2,Male,2828
E02002350,Leeds 021,1,Female,3507
E02002350,Leeds 021,2,Male,3155
E02002351,Leeds 022,1,Female,2881
E02002351,Leeds 022,2,Male,2750
E02002352,Leeds 023,1,Female,3942
E02002352,Leeds 023,2,Male,3869
E02002353,Leeds 024,1,Female,3117
E02002353,Leeds 024,2,Male,2899
E02002354,Leeds 025,1,Female,4254
E02002354,Leeds 025,2,Male,3955
E02002356,Leeds 027,1,Female,4772
E02002356,Leeds 027,2,Male,4542
E02002357,Leeds 028,1,Female,4289
E02002357,Leeds 028,2,Male,4045
E02002358,Leeds 029,1,Female,4470
E02002358,Leeds 029,2,Male,4168
E02002359,Leeds 030,1,Female,3319
E02002359,Leeds 030,2,Male,3162
E02002360,Leeds 031,1,Female,3547
E02002360,Leeds 031,2,Male,3320
E02002361,Leeds 032,1,Female,3135
E02002361,Leeds 032,2,Male,2934
E02002362,Leeds 033,1,Female,4128
E02002362,Leeds 033,2,Male,3916
E02002363,Leeds 034,1,Female,3615
E02002363,Leeds 034,2,Male,3420
E02002364,Leeds 035,1,Female,3132
E02002364,Leeds 035,2,Male,2841
E02002366,Leeds 037,1,Female,4284
E02002366,Leeds 037,2,Male,4115
E02002367,Leeds 038,1,Female,3389
E02002367,Leeds 038,2,Male,3034
E02002368,Leeds 039,1,Female,4501
E02002368,Leeds 039,2,Male,4150
E02002369,Leeds 040,1,Female,4202
E02002369,Leeds 040,2,Male,3775
E02002370,Leeds 041,1,Female,3803
E02002370,Leeds 041,2,Male,3463
E02002371,Leeds 042,1,Female,5420
E02002371,Leeds 042,2,Male,5139
E02002373,Leeds 044,1,Female,4157
E02002373,Leeds 044,2,Male,4350
E02002374,Leeds 045,1,Female,3370
E02002374,Leeds 045,2,Male,3521
E02002375,Leeds 046,1,Female,3395
E02002375,Leeds 046,2,Male,3197
E02002376,Leeds 047,1,Female,3948
E02002376,Leeds 047,2,Male,3867
E02002377,Leeds 048,1,Female,3651
E02002377,Leeds 048,2,Male,3860
E02002379,Leeds 050,1,Female,3262
E02002379,Leeds 050,2,Male,2733
E02002380,Leeds 051,1,Female,2845
E02002380,Leeds 051,2,Male,2659
E02002381,Leeds 052,1,Female,3265
E02002381,Leeds 052,2,Male,3021
E02002382,Leeds 053,1,Female,3533
E02002382,Leeds 053,2,Male,3667
E02002383,Leeds 054,1,Female,4522
E02002383,Leeds 054,2,Male,3609
E02002384,Leeds 055,1,Female,6447
E02002384,Leeds 055,2,Male,6033
E02002385,Leeds 056,1,Female,4004
E02002385,Leeds 056,2,Male,4460
E02002386,Leeds 057,1,Female,4717
E02002386,Leeds 057,2,Male,4431
E02002387,Leeds 058,1,Female,3131
E02002387,Leeds 058,2,Male,2891
E02002388,Leeds 059,1,Female,4210
E02002388,Leeds 059,2,Male,3938
E02002389,Leeds 060,1,Female,4017
E02002389,Leeds 060,2,Male,3684
E02002390,Leeds 061,1,Female,3672
E02002390,Leeds 061,2,Male,3401
E02002391,Leeds 062,1,Female,4087
E02002391,Leeds 062,2,Male,3834
E02002392,Leeds 063,1,Female,5499
E02002392,Leeds 063,2,Male,4488
E02002393,Leeds 064,1,Female,4338
E02002393,Leeds 064,2,Male,4600
E02002394,Leeds 065,1,Female,3818
E02002394,Leeds 065,2,Male,3829
E02002395,Leeds 066,1,Female,3747
E02002395,Leeds 066,2,Male,3639
E02002396,Leeds 067,1,Female,4555
E02002396,Leeds 067,2,Male,4497
E02002397,Leeds 068,1,Female,3960
E02002397,Leeds 068,2,Male,3727
E02002398,Leeds 069,1,Female,3824
E02002398,Leeds 069,2,Male,3642
E02002399,Leeds 070,1,Female,3361
E02002399,Leeds 070,2,Male,3088
E02002400,Leeds 071,1,Female,4386
E02002400,Leeds 071,2,Male,5431
E02002401,Leeds 072,1,Female,3535
E02002401,Leeds 072,2,Male,3093
E02002402,Leeds 073,1,Female,2911
E02002402,Leeds 073,2,Male,2869
E02002403,Leeds 074,1,Female,3316
E02002403,Leeds 074,2,Male,2981
E02002404,Leeds 075,1,Female,5385
E02002404,Leeds 075,2,Male,5603
E02002405,Leeds 076,1,Female,4712
E02002405,Leeds 076,2,Male,4456
E02002406,Leeds 077,1,Female,3714
E02002406,Leeds 077,2,Male,3552
E02002407,Leeds 078,1,Female,3400
E02002407,Leeds 078,2,Male,3071
E02002408,Leeds 079,1,Female,3881
E02002408,Leeds 079,2,Male,3654
E02002409,Leeds 080,1,Female,3125
E02002409,Leeds 080,2,Male,2971
E02002410,Leeds 081,1,Female,3479
E02002410,Leeds 081,2,Male,3440
E02002411,Leeds 082,1,Female,4344
E02002411,Leeds 082,2,Male,4715
E02002412,Leeds 083,1,Female,3673
E02002412,Leeds 083,2,Male,3559
E02002414,Leeds 085,1,Female,3351
E02002414,Leeds 085,2,Male,3389
E02002415,Leeds 086,1,Female,3842
E02002415,Leeds 086,2,Male,4034
E02002416,Leeds 087,1,Female,3646
E02002416,Leeds 087,2,Male,3317
E02002417,Leeds 088,1,Female,3736
E02002417,Leeds 088,2,Male,3585
E02002418,Leeds 089,1,Female,3688
E02002418,Leeds 089,2,Male,3390
E02002419,Leeds 090,1,Female,4162
E02002419,Leeds 090,2,Male,4026
E02002420,Leeds 091,1,Female,4170
E02002420,Leeds 091,2,Male,4200
E02002421,Leeds 092,1,Female,3395
E02002421,Leeds 092,2,Male,2969
E02002422,Leeds 093,1,Female,3246
E02002422,Leeds 093,2,Male,3201
E02002423,Leeds 094,1,Female,3000
E02002423,Leeds 094,2,Male,2796
E02002424,Leeds 095,1,Female,3922
E02002424,Leeds 095,2,Male,3715
E02002425,Leeds 096,1,Female,4465
E02002425,Leeds 096,2,Male,4204
E02002426,Leeds 097,1,Female,3967
E02002426,Leeds 097,2,Male,3809
E02002427,Leeds 098,1,Female,3520
E02002427,Leeds 098,2,Male,3188
E02002428,Leeds 099,1,Female,4088
E02002428,Leeds 099,2,Male,3951
E02002429,Leeds 100,1,Female,4378
E02002429,Leeds 100,2,Male,4143
E02002430,Leeds 101,1,Female,4328
E02002430,Leeds 101,2,Male,3877
E02002431,Leeds 102,1,Female,4520
E02002431,Leeds 102,2,Male,4302
E02002432,Leeds 103,1,Female,3972
E02002432,Leeds 103,2,Male,3679
E02002433,Leeds 104,1,Female,3364
E02002433,Leeds 104,2,Male,3410
E02002434,Leeds 105,1,Female,5206
E02002434,Leeds 105,2,Male,4983
E02002435,Leeds 106,1,Female,4223
E02002435,Leeds 106,2,Male,4086
E02002436,Leeds 107,1,Female,3557
E02002436,Leeds 107,2,Male,3353
E02002437,Leeds 108,1,Female,3125
E02002437,Leeds 108,2,Male,3050
E02002438,Wakefield 001,1,Female,4595
E02002438,Wakefield 001,2,Male,4355
E02002439,Wakefield 002,1,Female,4361
E02002439,Wakefield 002,2,Male,4308
E02002440,Wakefield 003,1,Female,4040
E02002440,Wakefield 003,2,Male,3861
E02002441,Wakefield 004,1,Female,5014
E02002441,Wakefield 004,2,Male,4741
E02002442,Wakefield 005,1,Female,3672
E02002442,Wakefield 005,2,Male,3597
E02002443,Wakefield 006,1,Female,3141
E02002443,Wakefield 006,2,Male,3005
E02002444,Wakefield 007,1,Female,3502
E02002444,Wakefield 007,2,Male,3426
E02002445,Wakefield 008,1,Female,4447
E02002445,Wakefield 008,2,Male,4052
E02002446,Wakefield 009,1,Female,3049
E02002446,Wakefield 009,2,Male,2878
E02002447,Wakefield 010,1,Female,3158
E02002447,Wakefield 010,2,Male,3004
E02002448,Wakefield 011,1,Female,4116
E02002448,Wakefield 011,2,Male,3973
E02002449,Wakefield 012,1,Female,5050
E02002449,Wakefield 012,2,Male,4763
E02002450,Wakefield 013,1,Female,3964
E02002450,Wakefield 013,2,Male,3946
E02002451,Wakefield 014,1,Female,4093
E02002451,Wakefield 014,2,Male,3861
E02002452,Wakefield 015,1,Female,4612
E02002452,Wakefield 015,2,Male,4595
E02002453,Wakefield 016,1,Female,4882
E02002453,Wakefield 016,2,Male,4783
E02002454,Wakefield 017,1,Female,4335
E02002454,Wakefield 017,2,Male,4856
E02002455,Wakefield 018,1,Female,3407
E02002455,Wakefield 018,2,Male,3078
E02002456,Wakefield 019,1,Female,3646
E02002456,Wakefield 019,2,Male,4421
E02002457,Wakefield 020,1,Female,4054
E02002457,Wakefield 020,2,Male,3891
E02002458,Wakefield 021,1,Female,4643
E02002458,Wakefield 021,2,Male,4438
E02002459,Wakefield 022,1,Female,5065
E02002459,Wakefield 022,2,Male,4985
E02002460,Wakefield 023,1,Female,3888
E02002460,Wakefield 023,2,Male,3583
E02002461,Wakefield 024,1,Female,6062
E02002461,Wakefield 024,2,Male,5841
E02002462,Wakefield 025,1,Female,3803
E02002462,Wakefield 025,2,Male,3638
E02002463,Wakefield 026,1,Female,5391
E02002463,Wakefield 026,2,Male,4991
E02002464,Wakefield 027,1,Female,4617
E02002464,Wakefield 027,2,Male,4422
E02002465,Wakefield 028,1,Female,3031
E02002465,Wakefield 028,2,Male,3060
E02002466,Wakefield 029,1,Female,4708
E02002466,Wakefield 029,2,Male,4343
E02002467,Wakefield 030,1,Female,4286
E02002467,Wakefield 030,2,Male,4704
E02002468,Wakefield 031,1,Female,3208
E02002468,Wakefield 031,2,Male,2939
E02002469,Wakefield 032,1,Female,3332
E02002469,Wakefield 032,2,Male,3192
E02002470,Wakefield 033,1,Female,3086
E02002470,Wakefield 033,2,Male,2945
E02002471,Wakefield 034,1,Female,5895
E02002471,Wakefield 034,2,Male,5582
E02002472,Wakefield 035,1,Female,3076
E02002472,Wakefield 035,2,Male,2671
E02002473,Wakefield 036,1,Female,3406
E02002473,Wakefield 036,2,Male,3310
E02002474,Wakefield 037,1,Female,3559
E02002474,Wakefield 037,2,Male,3411
E02002475,Wakefield 038,1,Female,3241
E02002475,Wakefield 038,2,Male,3037
E02002476,Wakefield 039,1,Female,3400
E02002476,Wakefield 039,2,Male,3287
E02002477,Wakefield 040,1,Female,3191
E02002477,Wakefield 040,2,Male,3102
E02002478,Wakefield 041,1,Female,3181
E02002478,Wakefield 041,2,Male,3067
E02002479,Wakefield 042,1,Female,4162
E02002479,Wakefield 042,2,Male,3985
E02002480,Wakefield 043,1,Female,2766
E02002480,Wakefield 043,2,Male,2733
E02002481,Wakefield 044,1,Female,3757
E02002481,Wakefield 044,2,Male,3625
E02002482,Wakefield 045,1,Female,3643
E02002482,Wakefield 045,2,Male,3543
E02002483,Hartlepool 001,1,Female,5324
E02002483,Hartlepool 001,2,Male,4914
E02002484,Hartlepool 002,1,Female,5279
E02002484,Hartlepool 002,2,Male,4999
E02002485,Hartlepool 003,1,Female,4268
E02002485,Hartlepool 003,2,Male,3733
E02002489,Hartlepool 007,1,Female,3631
E02002489,Hartlepool 007,2,Male,3494
E02002490,Hartlepool 008,1,Female,2977
E02002490,Hartlepool 008,2,Male,2828
E02002491,Hartlepool 009,1,Female,3324
E02002491,Hartlepool 009,2,Male,3148
E02002492,Hartlepool 010,1,Female,3506
E02002492,Hartlepool 010,2,Male,3268
E02002493,Hartlepool 011,1,Female,3491
E02002493,Hartlepool 011,2,Male,3260
E02002494,Hartlepool 012,1,Female,4084
E02002494,Hartlepool 012,2,Male,3589
E02002496,Middlesbrough 001,1,Female,5190
E02002496,Middlesbrough 001,2,Male,6674
E02002497,Middlesbrough 002,1,Female,3055
E02002497,Middlesbrough 002,2,Male,3057
E02002498,Middlesbrough 003,1,Female,3885
E02002498,Middlesbrough 003,2,Male,4620
E02002499,Middlesbrough 004,1,Female,4065
E02002499,Middlesbrough 004,2,Male,3617
E02002500,Middlesbrough 005,1,Female,2957
E02002500,Middlesbrough 005,2,Male,2949
E02002501,Middlesbrough 006,1,Female,3228
E02002501,Middlesbrough 006,2,Male,3038
E02002502,Middlesbrough 007,1,Female,5070
E02002502,Middlesbrough 007,2,Male,4722
E02002503,Middlesbrough 008,1,Female,3611
E02002503,Middlesbrough 008,2,Male,3224
E02002504,Middlesbrough 009,1,Female,4908
E02002504,Middlesbrough 009,2,Male,4847
E02002505,Middlesbrough 010,1,Female,3434
E02002505,Middlesbrough 010,2,Male,2952
E02002506,Middlesbrough 011,1,Female,2885
E02002506,Middlesbrough 011,2,Male,2715
E02002507,Middlesbrough 012,1,Female,3202
E02002507,Middlesbrough 012,2,Male,3034
E02002508,Middlesbrough 013,1,Female,2828
E02002508,Middlesbrough 013,2,Male,2600
E02002509,Middlesbrough 014,1,Female,2723
E02002509,Middlesbrough 014,2,Male,2420
E02002510,Middlesbrough 015,1,Female,3671
E02002510,Middlesbrough 015,2,Male,3421
E02002512,Middlesbrough 017,1,Female,2725
E02002512,Middlesbrough 017,2,Male,2612
E02002513,Middlesbrough 018,1,Female,5352
E02002513,Middlesbrough 018,2,Male,4883
E02002514,Middlesbrough 019,1,Female,4431
E02002514,Middlesbrough 019,2,Male,3909
E02002515,Redcar and Cleveland 001,1,Female,3270
E02002515,Redcar and Cleveland 001,2,Male,3203
E02002516,Redcar and Cleveland 002,1,Female,3031
E02002516,Redcar and Cleveland 002,2,Male,2839
E02002517,Redcar and Cleveland 003,1,Female,2744
E02002517,Redcar and Cleveland 003,2,Male,2571
E02002518,Redcar and Cleveland 004,1,Female,5554
E02002518,Redcar and Cleveland 004,2,Male,5323
E02002519,Redcar and Cleveland 005,1,Female,3891
E02002519,Redcar and Cleveland 005,2,Male,3582
E02002520,Redcar and Cleveland 006,1,Female,6742
E02002520,Redcar and Cleveland 006,2,Male,6346
E02002521,Redcar and Cleveland 007,1,Female,3052
E02002521,Redcar and Cleveland 007,2,Male,2822
E02002523,Redcar and Cleveland 009,1,Female,3332
E02002523,Redcar and Cleveland 009,2,Male,3056
E02002524,Redcar and Cleveland 010,1,Female,2751
E02002524,Redcar and Cleveland 010,2,Male,2647
E02002525,Redcar and Cleveland 011,1,Female,4237
E02002525,Redcar and Cleveland 011,2,Male,3734
E02002526,Redcar and Cleveland 012,1,Female,3951
E02002526,Redcar and Cleveland 012,2,Male,3756
E02002527,Redcar and Cleveland 013,1,Female,2574
E02002527,Redcar and Cleveland 013,2,Male,2512
E02002529,Redcar and Cleveland 015,1,Female,2958
E02002529,Redcar and Cleveland 015,2,Male,2782
E02002530,Redcar and Cleveland 016,1,Female,3117
E02002530,Redcar and Cleveland 016,2,Male,3063
E02002532,Redcar and Cleveland 018,1,Female,3506
E02002532,Redcar and Cleveland 018,2,Male,3228
E02002533,Redcar and Cleveland 019,1,Female,3388
E02002533,Redcar and Cleveland 019,2,Male,3177
E02002534,Redcar and Cleveland 020,1,Female,2888
E02002534,Redcar and Cleveland 020,2,Male,2686
E02002535,Stockton-on-Tees 001,1,Female,4666
E02002535,Stockton-on-Tees 001,2,Male,4499
E02002536,Stockton-on-Tees 002,1,Female,4814
E02002536,Stockton-on-Tees 002,2,Male,4515
E02002537,Stockton-on-Tees 003,1,Female,4327
E02002537,Stockton-on-Tees 003,2,Male,4039
E02002538,Stockton-on-Tees 004,1,Female,2896
E02002538,Stockton-on-Tees 004,2,Male,2742
E02002539,Stockton-on-Tees 005,1,Female,5333
E02002539,Stockton-on-Tees 005,2,Male,5205
E02002540,Stockton-on-Tees 006,1,Female,3188
E02002540,Stockton-on-Tees 006,2,Male,2878
E02002541,Stockton-on-Tees 007,1,Female,3073
E02002541,Stockton-on-Tees 007,2,Male,2942
E02002542,Stockton-on-Tees 008,1,Female,4202
E02002542,Stockton-on-Tees 008,2,Male,3823
E02002543,Stockton-on-Tees 009,1,Female,4831
E02002543,Stockton-on-Tees 009,2,Male,4415
E02002544,Stockton-on-Tees 010,1,Female,4094
E02002544,Stockton-on-Tees 010,2,Male,4824
E02002545,Stockton-on-Tees 011,1,Female,2608
E02002545,Stockton-on-Tees 011,2,Male,2424
E02002546,Stockton-on-Tees 012,1,Female,3809
E02002546,Stockton-on-Tees 012,2,Male,3643
E02002547,Stockton-on-Tees 013,1,Female,3180
E02002547,Stockton-on-Tees 013,2,Male,2910
E02002549,Stockton-on-Tees 015,1,Female,3911
E02002549,Stockton-on-Tees 015,2,Male,3543
E02002550,Stockton-on-Tees 016,1,Female,3103
E02002550,Stockton-on-Tees 016,2,Male,2942
E02002551,Stockton-on-Tees 017,1,Female,2645
E02002551,Stockton-on-Tees 017,2,Male,2719
E02002552,Stockton-on-Tees 018,1,Female,3711
E02002552,Stockton-on-Tees 018,2,Male,3436
E02002553,Stockton-on-Tees 019,1,Female,3065
E02002553,Stockton-on-Tees 019,2,Male,2733
E02002554,Stockton-on-Tees 020,1,Female,2644
E02002554,Stockton-on-Tees 020,2,Male,2398
E02002555,Stockton-on-Tees 021,1,Female,5257
E02002555,Stockton-on-Tees 021,2,Male,5051
E02002556,Stockton-on-Tees 022,1,Female,3692
E02002556,Stockton-on-Tees 022,2,Male,3575
E02002558,Stockton-on-Tees 024,1,Female,5580
E02002558,Stockton-on-Tees 024,2,Male,5435
E02002559,Darlington 001,1,Female,4912
E02002559,Darlington 001,2,Male,4745
E02002560,Darlington 002,1,Female,3231
E02002560,Darlington 002,2,Male,3008
E02002561,Darlington 003,1,Female,2766
E02002561,Darlington 003,2,Male,2659
E02002562,Darlington 004,1,Female,2807
E02002562,Darlington 004,2,Male,2811
E02002563,Darlington 005,1,Female,2879
E02002563,Darlington 005,2,Male,2670
E02002564,Darlington 006,1,Female,5082
E02002564,Darlington 006,2,Male,4653
E02002567,Darlington 009,1,Female,4878
E02002567,Darlington 009,2,Male,4524
E02002568,Darlington 010,1,Female,3090
E02002568,Darlington 010,2,Male,2946
E02002569,Darlington 011,1,Female,4772
E02002569,Darlington 011,2,Male,4373
E02002570,Darlington 012,1,Female,3837
E02002570,Darlington 012,2,Male,3669
E02002571,Darlington 013,1,Female,3278
E02002571,Darlington 013,2,Male,3076
E02002572,Darlington 014,1,Female,3193
E02002572,Darlington 014,2,Male,3092
E02002573,Darlington 015,1,Female,4783
E02002573,Darlington 015,2,Male,4586
E02002574,Halton 001,1,Female,4353
E02002574,Halton 001,2,Male,4346
E02002575,Halton 002,1,Female,4736
E02002575,Halton 002,2,Male,4717
E02002576,Halton 003,1,Female,3754
E02002576,Halton 003,2,Male,3693
E02002577,Halton 004,1,Female,3901
E02002577,Halton 004,2,Male,3411
E02002578,Halton 005,1,Female,4274
E02002578,Halton 005,2,Male,4131
E02002579,Halton 006,1,Female,4081
E02002579,Halton 006,2,Male,3811
E02002580,Halton 007,1,Female,3913
E02002580,Halton 007,2,Male,3964
E02002581,Halton 008,1,Female,3646
E02002581,Halton 008,2,Male,3461
E02002582,Halton 009,1,Female,4643
E02002582,Halton 009,2,Male,4674
E02002583,Halton 010,1,Female,3932
E02002583,Halton 010,2,Male,3738
E02002584,Halton 011,1,Female,3767
E02002584,Halton 011,2,Male,3558
E02002585,Halton 012,1,Female,5249
E02002585,Halton 012,2,Male,5405
E02002586,Halton 013,1,Female,5005
E02002586,Halton 013,2,Male,4511
E02002587,Halton 014,1,Female,3372
E02002587,Halton 014,2,Male,3080
E02002588,Halton 015,1,Female,3731
E02002588,Halton 015,2,Male,3369
E02002589,Halton 016,1,Female,3189
E02002589,Halton 016,2,Male,3062
E02002590,Warrington 001,1,Female,3228
E02002590,Warrington 001,2,Male,4076
E02002591,Warrington 002,1,Female,3393
E02002591,Warrington 002,2,Male,3090
E02002592,Warrington 003,1,Female,3224
E02002592,Warrington 003,2,Male,2996
E02002593,Warrington 004,1,Female,2606
E02002593,Warrington 004,2,Male,2484
E02002594,Warrington 005,1,Female,2780
E02002594,Warrington 005,2,Male,2740
E02002595,Warrington 006,1,Female,4120
E02002595,Warrington 006,2,Male,3950
E02002596,Warrington 007,1,Female,4121
E02002596,Warrington 007,2,Male,3925
E02002597,Warrington 008,1,Female,4760
E02002597,Warrington 008,2,Male,4451
E02002598,Warrington 009,1,Female,5655
E02002598,Warrington 009,2,Male,5583
E02002599,Warrington 010,1,Female,5587
E02002599,Warrington 010,2,Male,5481
E02002600,Warrington 011,1,Female,4652
E02002600,Warrington 011,2,Male,4558
E02002601,Warrington 012,1,Female,4554
E02002601,Warrington 012,2,Male,4478
E02002602,Warrington 013,1,Female,4114
E02002602,Warrington 013,2,Male,4079
E02002603,Warrington 014,1,Female,3512
E02002603,Warrington 014,2,Male,3425
E02002604,Warrington 015,1,Female,3926
E02002604,Warrington 015,2,Male,3822
E02002605,Warrington 016,1,Female,4554
E02002605,Warrington 016,2,Male,4376
E02002606,Warrington 017,1,Female,5586
E02002606,Warrington 017,2,Male,5702
E02002607,Warrington 018,1,Female,5427
E02002607,Warrington 018,2,Male,5812
E02002608,Warrington 019,1,Female,4263
E02002608,Warrington 019,2,Male,3963
E02002609,Warrington 020,1,Female,4848
E02002609,Warrington 020,2,Male,4816
E02002610,Warrington 021,1,Female,6594
E02002610,Warrington 021,2,Male,6067
E02002611,Warrington 022,1,Female,4015
E02002611,Warrington 022,2,Male,3769
E02002612,Warrington 023,1,Female,4708
E02002612,Warrington 023,2,Male,4441
E02002613,Warrington 024,1,Female,3308
E02002613,Warrington 024,2,Male,3538
E02002614,Warrington 025,1,Female,2990
E02002614,Warrington 025,2,Male,2822
E02002615,Blackburn with Darwen 001,1,Female,5495
E02002615,Blackburn with Darwen 001,2,Male,5327
E02002616,Blackburn with Darwen 002,1,Female,4878
E02002616,Blackburn with Darwen 002,2,Male,4720
E02002617,Blackburn with Darwen 003,1,Female,4861
E02002617,Blackburn with Darwen 003,2,Male,4776
E02002618,Blackburn with Darwen 004,1,Female,4054
E02002618,Blackburn with Darwen 004,2,Male,3966
E02002619,Blackburn with Darwen 005,1,Female,4632
E02002619,Blackburn with Darwen 005,2,Male,4775
E02002620,Blackburn with Darwen 006,1,Female,4389
E02002620,Blackburn with Darwen 006,2,Male,4682
E02002621,Blackburn with Darwen 007,1,Female,4327
E02002621,Blackburn with Darwen 007,2,Male,4249
E02002622,Blackburn with Darwen 008,1,Female,5541
E02002622,Blackburn with Darwen 008,2,Male,5541
E02002623,Blackburn with Darwen 009,1,Female,5382
E02002623,Blackburn with Darwen 009,2,Male,5108
E02002624,Blackburn with Darwen 010,1,Female,4416
E02002624,Blackburn with Darwen 010,2,Male,4323
E02002625,Blackburn with Darwen 011,1,Female,5105
E02002625,Blackburn with Darwen 011,2,Male,4963
E02002626,Blackburn with Darwen 012,1,Female,3796
E02002626,Blackburn with Darwen 012,2,Male,3480
E02002627,Blackburn with Darwen 013,1,Female,3727
E02002627,Blackburn with Darwen 013,2,Male,3784
E02002628,Blackburn with Darwen 014,1,Female,3461
E02002628,Blackburn with Darwen 014,2,Male,3388
E02002629,Blackburn with Darwen 015,1,Female,3048
E02002629,Blackburn with Darwen 015,2,Male,2923
E02002630,Blackburn with Darwen 016,1,Female,3221
E02002630,Blackburn with Darwen 016,2,Male,3121
E02002631,Blackburn with Darwen 017,1,Female,4512
E02002631,Blackburn with Darwen 017,2,Male,4450
E02002632,Blackburn with Darwen 018,1,Female,3197
E02002632,Blackburn with Darwen 018,2,Male,3120
E02002633,Blackpool 001,1,Female,3957
E02002633,Blackpool 001,2,Male,3664
E02002634,Blackpool 002,1,Female,4177
E02002634,Blackpool 002,2,Male,3828
E02002635,Blackpool 003,1,Female,3922
E02002635,Blackpool 003,2,Male,3874
E02002636,Blackpool 004,1,Female,4122
E02002636,Blackpool 004,2,Male,3879
E02002637,Blackpool 005,1,Female,3167
E02002637,Blackpool 005,2,Male,3084
E02002638,Blackpool 006,1,Female,2845
E02002638,Blackpool 006,2,Male,3644
E02002639,Blackpool 007,1,Female,3098
E02002639,Blackpool 007,2,Male,2982
E02002640,Blackpool 008,1,Female,3519
E02002640,Blackpool 008,2,Male,3582
E02002641,Blackpool 009,1,Female,4176
E02002641,Blackpool 009,2,Male,3810
E02002642,Blackpool 010,1,Female,3292
E02002642,Blackpool 010,2,Male,3779
E02002643,Blackpool 011,1,Female,3944
E02002643,Blackpool 011,2,Male,3843
E02002644,Blackpool 012,1,Female,4059
E02002644,Blackpool 012,2,Male,3798
E02002645,Blackpool 013,1,Female,2968
E02002645,Blackpool 013,2,Male,3346
E02002646,Blackpool 014,1,Female,3663
E02002646,Blackpool 014,2,Male,3411
E02002647,Blackpool 015,1,Female,4149
E02002647,Blackpool 015,2,Male,3849
E02002648,Blackpool 016,1,Female,3725
E02002648,Blackpool 016,2,Male,3368
E02002649,Blackpool 017,1,Female,4158
E02002649,Blackpool 017,2,Male,4192
E02002650,Blackpool 018,1,Female,4354
E02002650,Blackpool 018,2,Male,3952
E02002651,Blackpool 019,1,Female,4114
E02002651,Blackpool 019,2,Male,3739
E02002653,Kingston upon Hull 002,1,Female,4245
E02002653,Kingston upon Hull 002,2,Male,3884
E02002654,Kingston upon Hull 003,1,Female,4289
E02002654,Kingston upon Hull 003,2,Male,3939
E02002655,Kingston upon Hull 004,1,Female,4560
E02002655,Kingston upon Hull 004,2,Male,4193
E02002656,Kingston upon Hull 005,1,Female,2613
E02002656,Kingston upon Hull 005,2,Male,2484
E02002657,Kingston upon Hull 006,1,Female,3832
E02002657,Kingston upon Hull 006,2,Male,3636
E02002658,Kingston upon Hull 007,1,Female,3353
E02002658,Kingston upon Hull 007,2,Male,3194
E02002659,Kingston upon Hull 008,1,Female,5885
E02002659,Kingston upon Hull 008,2,Male,5522
E02002660,Kingston upon Hull 009,1,Female,3646
E02002660,Kingston upon Hull 009,2,Male,3360
E02002661,Kingston upon Hull 010,1,Female,4430
E02002661,Kingston upon Hull 010,2,Male,4046
E02002662,Kingston upon Hull 011,1,Female,3844
E02002662,Kingston upon Hull 011,2,Male,3542
E02002663,Kingston upon Hull 012,1,Female,4138
E02002663,Kingston upon Hull 012,2,Male,3972
E02002664,Kingston upon Hull 013,1,Female,3593
E02002664,Kingston upon Hull 013,2,Male,3602
E02002665,Kingston upon Hull 014,1,Female,4011
E02002665,Kingston upon Hull 014,2,Male,3958
E02002666,Kingston upon Hull 015,1,Female,3599
E02002666,Kingston upon Hull 015,2,Male,4555
E02002667,Kingston upon Hull 016,1,Female,3630
E02002667,Kingston upon Hull 016,2,Male,3672
E02002668,Kingston upon Hull 017,1,Female,4533
E02002668,Kingston upon Hull 017,2,Male,3867
E02002669,Kingston upon Hull 018,1,Female,3784
E02002669,Kingston upon Hull 018,2,Male,4210
E02002670,Kingston upon Hull 019,1,Female,4116
E02002670,Kingston upon Hull 019,2,Male,3783
E02002671,Kingston upon Hull 020,1,Female,4130
E02002671,Kingston upon Hull 020,2,Male,4847
E02002672,Kingston upon Hull 021,1,Female,3800
E02002672,Kingston upon Hull 021,2,Male,3536
E02002673,Kingston upon Hull 022,1,Female,3824
E02002673,Kingston upon Hull 022,2,Male,3697
E02002674,Kingston upon Hull 023,1,Female,3353
E02002674,Kingston upon Hull 023,2,Male,3233
E02002675,Kingston upon Hull 024,1,Female,4000
E02002675,Kingston upon Hull 024,2,Male,4549
E02002676,Kingston upon Hull 025,1,Female,3653
E02002676,Kingston upon Hull 025,2,Male,3609
E02002677,Kingston upon Hull 026,1,Female,3987
E02002677,Kingston upon Hull 026,2,Male,4280
E02002678,Kingston upon Hull 027,1,Female,4163
E02002678,Kingston upon Hull 027,2,Male,4312
E02002679,Kingston upon Hull 028,1,Female,3963
E02002679,Kingston upon Hull 028,2,Male,3782
E02002680,Kingston upon Hull 029,1,Female,4106
E02002680,Kingston upon Hull 029,2,Male,5579
E02002681,Kingston upon Hull 030,1,Female,4508
E02002681,Kingston upon Hull 030,2,Male,4700
E02002682,Kingston upon Hull 031,1,Female,5357
E02002682,Kingston upon Hull 031,2,Male,5382
E02002684,East Riding of Yorkshire 001,1,Female,5289
E02002684,East Riding of Yorkshire 001,2,Male,4881
E02002685,East Riding of Yorkshire 002,1,Female,4075
E02002685,East Riding of Yorkshire 002,2,Male,3758
E02002686,East Riding of Yorkshire 003,1,Female,4086
E02002686,East Riding of Yorkshire 003,2,Male,3703
E02002687,East Riding of Yorkshire 004,1,Female,2963
E02002687,East Riding of Yorkshire 004,2,Male,2943
E02002688,East Riding of Yorkshire 005,1,Female,2671
E02002688,East Riding of Yorkshire 005,2,Male,2724
E02002689,East Riding of Yorkshire 006,1,Female,2942
E02002689,East Riding of Yorkshire 006,2,Male,2774
E02002691,East Riding of Yorkshire 008,1,Female,4247
E02002691,East Riding of Yorkshire 008,2,Male,4070
E02002692,East Riding of Yorkshire 009,1,Female,4711
E02002692,East Riding of Yorkshire 009,2,Male,4973
E02002693,East Riding of Yorkshire 010,1,Female,3542
E02002693,East Riding of Yorkshire 010,2,Male,3514
E02002694,East Riding of Yorkshire 011,1,Female,6584
E02002694,East Riding of Yorkshire 011,2,Male,6208
E02002695,East Riding of Yorkshire 012,1,Female,4261
E02002695,East Riding of Yorkshire 012,2,Male,3937
E02002696,East Riding of Yorkshire 013,1,Female,3015
E02002696,East Riding of Yorkshire 013,2,Male,3244
E02002697,East Riding of Yorkshire 014,1,Female,3762
E02002697,East Riding of Yorkshire 014,2,Male,3774
E02002698,East Riding of Yorkshire 015,1,Female,4399
E02002698,East Riding of Yorkshire 015,2,Male,4177
E02002699,East Riding of Yorkshire 016,1,Female,5158
E02002699,East Riding of Yorkshire 016,2,Male,4693
E02002700,East Riding of Yorkshire 017,1,Female,3153
E02002700,East Riding of Yorkshire 017,2,Male,2890
E02002701,East Riding of Yorkshire 018,1,Female,4406
E02002701,East Riding of Yorkshire 018,2,Male,4291
E02002702,East Riding of Yorkshire 019,1,Female,5134
E02002702,East Riding of Yorkshire 019,2,Male,4608
E02002703,East Riding of Yorkshire 020,1,Female,4769
E02002703,East Riding of Yorkshire 020,2,Male,4508
E02002704,East Riding of Yorkshire 021,1,Female,3633
E02002704,East Riding of Yorkshire 021,2,Male,3510
E02002705,East Riding of Yorkshire 022,1,Female,3666
E02002705,East Riding of Yorkshire 022,2,Male,3393
E02002706,East Riding of Yorkshire 023,1,Female,3705
E02002706,East Riding of Yorkshire 023,2,Male,3569
E02002707,East Riding of Yorkshire 024,1,Female,3479
E02002707,East Riding of Yorkshire 024,2,Male,3257
E02002708,East Riding of Yorkshire 025,1,Female,3028
E02002708,East Riding of Yorkshire 025,2,Male,2770
E02002709,East Riding of Yorkshire 026,1,Female,3792
E02002709,East Riding of Yorkshire 026,2,Male,4532
E02002710,East Riding of Yorkshire 027,1,Female,3694
E02002710,East Riding of Yorkshire 027,2,Male,3500
E02002711,East Riding of Yorkshire 028,1,Female,4021
E02002711,East Riding of Yorkshire 028,2,Male,3853
E02002712,East Riding of Yorkshire 029,1,Female,3774
E02002712,East Riding of Yorkshire 029,2,Male,3574
E02002714,East Riding of Yorkshire 031,1,Female,3934
E02002714,East Riding of Yorkshire 031,2,Male,3938
E02002715,East Riding of Yorkshire 032,1,Female,6875
E02002715,East Riding of Yorkshire 032,2,Male,6646
E02002716,East Riding of Yorkshire 033,1,Female,4298
E02002716,East Riding of Yorkshire 033,2,Male,4136
E02002717,East Riding of Yorkshire 034,1,Female,4075
E02002717,East Riding of Yorkshire 034,2,Male,3874
E02002718,East Riding of Yorkshire 035,1,Female,4120
E02002718,East Riding of Yorkshire 035,2,Male,3957
E02002719,East Riding of Yorkshire 036,1,Female,3548
E02002719,East Riding of Yorkshire 036,2,Male,3214
E02002720,East Riding of Yorkshire 037,1,Female,3805
E02002720,East Riding of Yorkshire 037,2,Male,3777
E02002721,East Riding of Yorkshire 038,1,Female,3355
E02002721,East Riding of Yorkshire 038,2,Male,3299
E02002722,East Riding of Yorkshire 039,1,Female,4283
E02002722,East Riding of Yorkshire 039,2,Male,4176
E02002723,East Riding of Yorkshire 040,1,Female,4285
E02002723,East Riding of Yorkshire 040,2,Male,4200
E02002724,East Riding of Yorkshire 041,1,Female,4798
E02002724,East Riding of Yorkshire 041,2,Male,4794
E02002725,East Riding of Yorkshire 042,1,Female,3510
E02002725,East Riding of Yorkshire 042,2,Male,3379
E02002726,North East Lincolnshire 001,1,Female,5215
E02002726,North East Lincolnshire 001,2,Male,5145
E02002727,North East Lincolnshire 002,1,Female,2510
E02002727,North East Lincolnshire 002,2,Male,2524
E02002728,North East Lincolnshire 003,1,Female,3812
E02002728,North East Lincolnshire 003,2,Male,3731
E02002729,North East Lincolnshire 004,1,Female,2811
E02002729,North East Lincolnshire 004,2,Male,2790
E02002730,North East Lincolnshire 005,1,Female,3651
E02002730,North East Lincolnshire 005,2,Male,3501
E02002731,North East Lincolnshire 006,1,Female,2844
E02002731,North East Lincolnshire 006,2,Male,2791
E02002732,North East Lincolnshire 007,1,Female,4008
E02002732,North East Lincolnshire 007,2,Male,3949
E02002733,North East Lincolnshire 008,1,Female,2947
E02002733,North East Lincolnshire 008,2,Male,2811
E02002734,North East Lincolnshire 009,1,Female,2894
E02002734,North East Lincolnshire 009,2,Male,2639
E02002736,North East Lincolnshire 011,1,Female,2761
E02002736,North East Lincolnshire 011,2,Male,2846
E02002737,North East Lincolnshire 012,1,Female,3589
E02002737,North East Lincolnshire 012,2,Male,3480
E02002738,North East Lincolnshire 013,1,Female,3528
E02002738,North East Lincolnshire 013,2,Male,3365
E02002739,North East Lincolnshire 014,1,Female,2994
E02002739,North East Lincolnshire 014,2,Male,2764
E02002740,North East Lincolnshire 015,1,Female,2765
E02002740,North East Lincolnshire 015,2,Male,2687
E02002741,North East Lincolnshire 016,1,Female,4531
E02002741,North East Lincolnshire 016,2,Male,4391
E02002743,North East Lincolnshire 018,1,Female,2824
E02002743,North East Lincolnshire 018,2,Male,2584
E02002744,North East Lincolnshire 019,1,Female,3656
E02002744,North East Lincolnshire 019,2,Male,3319
E02002745,North East Lincolnshire 020,1,Female,3705
E02002745,North East Lincolnshire 020,2,Male,3457
E02002746,North East Lincolnshire 021,1,Female,5092
E02002746,North East Lincolnshire 021,2,Male,4738
E02002747,North East Lincolnshire 022,1,Female,4719
E02002747,North East Lincolnshire 022,2,Male,4487
E02002748,North East Lincolnshire 023,1,Female,4128
E02002748,North East Lincolnshire 023,2,Male,3841
E02002749,North Lincolnshire 001,1,Female,6030
E02002749,North Lincolnshire 001,2,Male,5891
E02002750,North Lincolnshire 002,1,Female,3220
E02002750,North Lincolnshire 002,2,Male,3143
E02002751,North Lincolnshire 003,1,Female,3291
E02002751,North Lincolnshire 003,2,Male,3062
E02002752,North Lincolnshire 004,1,Female,3605
E02002752,North Lincolnshire 004,2,Male,3499
E02002753,North Lincolnshire 005,1,Female,4388
E02002753,North Lincolnshire 005,2,Male,4090
E02002754,North Lincolnshire 006,1,Female,4160
E02002754,North Lincolnshire 006,2,Male,4092
E02002755,North Lincolnshire 007,1,Female,3613
E02002755,North Lincolnshire 007,2,Male,3879
E02002756,North Lincolnshire 008,1,Female,4278
E02002756,North Lincolnshire 008,2,Male,4714
E02002757,North Lincolnshire 009,1,Female,3143
E02002757,North Lincolnshire 009,2,Male,3147
E02002758,North Lincolnshire 010,1,Female,3234
E02002758,North Lincolnshire 010,2,Male,3203
E02002759,North Lincolnshire 011,1,Female,4906
E02002759,North Lincolnshire 011,2,Male,4682
E02002760,North Lincolnshire 012,1,Female,2965
E02002760,North Lincolnshire 012,2,Male,2828
E02002761,North Lincolnshire 013,1,Female,3273
E02002761,North Lincolnshire 013,2,Male,3166
E02002762,North Lincolnshire 014,1,Female,3301
E02002762,North Lincolnshire 014,2,Male,3098
E02002763,North Lincolnshire 015,1,Female,4493
E02002763,North Lincolnshire 015,2,Male,4332
E02002764,North Lincolnshire 016,1,Female,3093
E02002764,North Lincolnshire 016,2,Male,2904
E02002765,North Lincolnshire 017,1,Female,3138
E02002765,North Lincolnshire 017,2,Male,3009
E02002766,North Lincolnshire 018,1,Female,4605
E02002766,North Lincolnshire 018,2,Male,4350
E02002767,North Lincolnshire 019,1,Female,3368
E02002767,North Lincolnshire 019,2,Male,3253
E02002768,North Lincolnshire 020,1,Female,3852
E02002768,North Lincolnshire 020,2,Male,3641
E02002769,North Lincolnshire 021,1,Female,2832
E02002769,North Lincolnshire 021,2,Male,2802
E02002770,North Lincolnshire 022,1,Female,3590
E02002770,North Lincolnshire 022,2,Male,3448
E02002771,North Lincolnshire 023,1,Female,3592
E02002771,North Lincolnshire 023,2,Male,3479
E02002772,York 001,1,Female,3560
E02002772,York 001,2,Male,3386
E02002773,York 002,1,Female,3010
E02002773,York 002,2,Male,2683
E02002774,York 003,1,Female,3214
E02002774,York 003,2,Male,2867
E02002775,York 004,1,Female,3105
E02002775,York 004,2,Male,2656
E02002776,York 005,1,Female,3466
E02002776,York 005,2,Male,3193
E02002777,York 006,1,Female,4562
E02002777,York 006,2,Male,4399
E02002778,York 007,1,Female,4030
E02002778,York 007,2,Male,3844
E02002779,York 008,1,Female,4923
E02002779,York 008,2,Male,4643
E02002780,York 009,1,Female,4275
E02002780,York 009,2,Male,3807
E02002781,York 010,1,Female,5357
E02002781,York 010,2,Male,4751
E02002782,York 011,1,Female,3424
E02002782,York 011,2,Male,3018
E02002783,York 012,1,Female,5216
E02002783,York 012,2,Male,5075
E02002784,York 013,1,Female,5767
E02002784,York 013,2,Male,5579
E02002785,York 014,1,Female,4202
E02002785,York 014,2,Male,3906
E02002786,York 015,1,Female,5352
E02002786,York 015,2,Male,4833
E02002787,York 016,1,Female,4636
E02002787,York 016,2,Male,4295
E02002788,York 017,1,Female,4220
E02002788,York 017,2,Male,4083
E02002789,York 018,1,Female,4819
E02002789,York 018,2,Male,4460
E02002790,York 019,1,Female,6074
E02002790,York 019,2,Male,5700
E02002791,York 020,1,Female,3445
E02002791,York 020,2,Male,3133
E02002792,York 021,1,Female,4019
E02002792,York 021,2,Male,3738
E02002793,York 022,1,Female,4764
E02002793,York 022,2,Male,4505
E02002794,York 023,1,Female,5596
E02002794,York 023,2,Male,4942
E02002795,York 024,1,Female,4258
E02002795,York 024,2,Male,4026
E02002796,Derby 001,1,Female,3167
E02002796,Derby 001,2,Male,3015
E02002797,Derby 002,1,Female,3827
E02002797,Derby 002,2,Male,3534
E02002798,Derby 003,1,Female,5316
E02002798,Derby 003,2,Male,5083
E02002799,Derby 004,1,Female,3213
E02002799,Derby 004,2,Male,3107
E02002800,Derby 005,1,Female,3582
E02002800,Derby 005,2,Male,3430
E02002801,Derby 006,1,Female,3793
E02002801,Derby 006,2,Male,3628
E02002802,Derby 007,1,Female,4056
E02002802,Derby 007,2,Male,3910
E02002803,Derby 008,1,Female,3973
E02002803,Derby 008,2,Male,4271
E02002804,Derby 009,1,Female,4695
E02002804,Derby 009,2,Male,4404
E02002805,Derby 010,1,Female,2872
E02002805,Derby 010,2,Male,2725
E02002806,Derby 011,1,Female,2952
E02002806,Derby 011,2,Male,3449
E02002807,Derby 012,1,Female,4640
E02002807,Derby 012,2,Male,4393
E02002808,Derby 013,1,Female,5950
E02002808,Derby 013,2,Male,6317
E02002809,Derby 014,1,Female,3687
E02002809,Derby 014,2,Male,3366
E02002810,Derby 015,1,Female,4730
E02002810,Derby 015,2,Male,4433
E02002811,Derby 016,1,Female,5138
E02002811,Derby 016,2,Male,5792
E02002812,Derby 017,1,Female,4011
E02002812,Derby 017,2,Male,3807
E02002813,Derby 018,1,Female,5636
E02002813,Derby 018,2,Male,5928
E02002814,Derby 019,1,Female,3699
E02002814,Derby 019,2,Male,3483
E02002815,Derby 020,1,Female,4391
E02002815,Derby 020,2,Male,4565
E02002816,Derby 021,1,Female,4807
E02002816,Derby 021,2,Male,4611
E02002817,Derby 022,1,Female,3268
E02002817,Derby 022,2,Male,3043
E02002818,Derby 023,1,Female,4253
E02002818,Derby 023,2,Male,4280
E02002819,Derby 024,1,Female,3735
E02002819,Derby 024,2,Male,3827
E02002820,Derby 025,1,Female,5028
E02002820,Derby 025,2,Male,4913
E02002821,Derby 026,1,Female,6313
E02002821,Derby 026,2,Male,6128
E02002822,Derby 027,1,Female,3539
E02002822,Derby 027,2,Male,3401
E02002823,Derby 028,1,Female,4028
E02002823,Derby 028,2,Male,3650
E02002824,Derby 029,1,Female,5591
E02002824,Derby 029,2,Male,5212
E02002825,Derby 030,1,Female,4328
E02002825,Derby 030,2,Male,4347
E02002826,Derby 031,1,Female,3635
E02002826,Derby 031,2,Male,3458
E02002827,Leicester 001,1,Female,3562
E02002827,Leicester 001,2,Male,3330
E02002828,Leicester 002,1,Female,4201
E02002828,Leicester 002,2,Male,4027
E02002829,Leicester 003,1,Female,5992
E02002829,Leicester 003,2,Male,5786
E02002830,Leicester 004,1,Female,5691
E02002830,Leicester 004,2,Male,5330
E02002831,Leicester 005,1,Female,3622
E02002831,Leicester 005,2,Male,3616
E02002832,Leicester 006,1,Female,5235
E02002832,Leicester 006,2,Male,5082
E02002833,Leicester 007,1,Female,4570
E02002833,Leicester 007,2,Male,4429
E02002834,Leicester 008,1,Female,5958
E02002834,Leicester 008,2,Male,5970
E02002836,Leicester 010,1,Female,5671
E02002836,Leicester 010,2,Male,5557
E02002837,Leicester 011,1,Female,5013
E02002837,Leicester 011,2,Male,4968
E02002838,Leicester 012,1,Female,4420
E02002838,Leicester 012,2,Male,4199
E02002839,Leicester 013,1,Female,4293
E02002839,Leicester 013,2,Male,4223
E02002842,Leicester 016,1,Female,4392
E02002842,Leicester 016,2,Male,4358
E02002843,Leicester 017,1,Female,7892
E02002843,Leicester 017,2,Male,7944
E02002844,Leicester 018,1,Female,6199
E02002844,Leicester 018,2,Male,6162
E02002845,Leicester 019,1,Female,5743
E02002845,Leicester 019,2,Male,5433
E02002846,Leicester 020,1,Female,3813
E02002846,Leicester 020,2,Male,3745
E02002847,Leicester 021,1,Female,5399
E02002847,Leicester 021,2,Male,5207
E02002848,Leicester 022,1,Female,5449
E02002848,Leicester 022,2,Male,5674
E02002849,Leicester 023,1,Female,6655
E02002849,Leicester 023,2,Male,7159
E02002851,Leicester 025,1,Female,4459
E02002851,Leicester 025,2,Male,4261
E02002852,Leicester 026,1,Female,3824
E02002852,Leicester 026,2,Male,3564
E02002853,Leicester 027,1,Female,6560
E02002853,Leicester 027,2,Male,6883
E02002854,Leicester 028,1,Female,4350
E02002854,Leicester 028,2,Male,4106
E02002855,Leicester 029,1,Female,3988
E02002855,Leicester 029,2,Male,4158
E02002856,Leicester 030,1,Female,5734
E02002856,Leicester 030,2,Male,5599
E02002857,Leicester 031,1,Female,3653
E02002857,Leicester 031,2,Male,3601
E02002858,Leicester 032,1,Female,3762
E02002858,Leicester 032,2,Male,3562
E02002860,Leicester 034,1,Female,4197
E02002860,Leicester 034,2,Male,4147
E02002861,Leicester 035,1,Female,4336
E02002861,Leicester 035,2,Male,3940
E02002862,Leicester 036,1,Female,4531
E02002862,Leicester 036,2,Male,4120
E02002863,Rutland 001,1,Female,3560
E02002863,Rutland 001,2,Male,5390
E02002864,Rutland 002,1,Female,4290
E02002864,Rutland 002,2,Male,3991
E02002865,Rutland 003,1,Female,4054
E02002865,Rutland 003,2,Male,3814
E02002866,Rutland 004,1,Female,3787
E02002866,Rutland 004,2,Male,3692
E02002867,Rutland 005,1,Female,4287
E02002867,Rutland 005,2,Male,4185
E02002868,Nottingham 001,1,Female,3165
E02002868,Nottingham 001,2,Male,2851
E02002869,Nottingham 002,1,Female,3991
E02002869,Nottingham 002,2,Male,3531
E02002871,Nottingham 004,1,Female,4249
E02002871,Nottingham 004,2,Male,3732
E02002872,Nottingham 005,1,Female,4501
E02002872,Nottingham 005,2,Male,4194
E02002873,Nottingham 006,1,Female,4936
E02002873,Nottingham 006,2,Male,4497
E02002874,Nottingham 007,1,Female,3954
E02002874,Nottingham 007,2,Male,4104
E02002875,Nottingham 008,1,Female,4464
E02002875,Nottingham 008,2,Male,3972
E02002876,Nottingham 009,1,Female,4020
E02002876,Nottingham 009,2,Male,3912
E02002877,Nottingham 010,1,Female,3879
E02002877,Nottingham 010,2,Male,3835
E02002878,Nottingham 011,1,Female,4989
E02002878,Nottingham 011,2,Male,4293
E02002879,Nottingham 012,1,Female,5084
E02002879,Nottingham 012,2,Male,4929
E02002880,Nottingham 013,1,Female,4694
E02002880,Nottingham 013,2,Male,4047
E02002881,Nottingham 014,1,Female,3615
E02002881,Nottingham 014,2,Male,3250
E02002882,Nottingham 015,1,Female,4286
E02002882,Nottingham 015,2,Male,4459
E02002883,Nottingham 016,1,Female,3850
E02002883,Nottingham 016,2,Male,3852
E02002884,Nottingham 017,1,Female,3688
E02002884,Nottingham 017,2,Male,3742
E02002885,Nottingham 018,1,Female,4221
E02002885,Nottingham 018,2,Male,4421
E02002886,Nottingham 019,1,Female,5153
E02002886,Nottingham 019,2,Male,5125
E02002887,Nottingham 020,1,Female,3535
E02002887,Nottingham 020,2,Male,3152
E02002888,Nottingham 021,1,Female,3993
E02002888,Nottingham 021,2,Male,3866
E02002889,Nottingham 022,1,Female,5742
E02002889,Nottingham 022,2,Male,5560
E02002890,Nottingham 023,1,Female,5958
E02002890,Nottingham 023,2,Male,5602
E02002891,Nottingham 024,1,Female,4307
E02002891,Nottingham 024,2,Male,4152
E02002892,Nottingham 025,1,Female,3261
E02002892,Nottingham 025,2,Male,2925
E02002893,Nottingham 026,1,Female,6693
E02002893,Nottingham 026,2,Male,7259
E02002895,Nottingham 028,1,Female,4735
E02002895,Nottingham 028,2,Male,4936
E02002896,Nottingham 029,1,Female,4897
E02002896,Nottingham 029,2,Male,5183
E02002897,Nottingham 030,1,Female,4091
E02002897,Nottingham 030,2,Male,3848
E02002898,Nottingham 031,1,Female,5431
E02002898,Nottingham 031,2,Male,5559
E02002901,Nottingham 034,1,Female,3133
E02002901,Nottingham 034,2,Male,2996
E02002902,Nottingham 035,1,Female,4836
E02002902,Nottingham 035,2,Male,4550
E02002903,Nottingham 036,1,Female,3112
E02002903,Nottingham 036,2,Male,2782
E02002904,Nottingham 037,1,Female,3299
E02002904,Nottingham 037,2,Male,3077
E02002905,Herefordshire 001,1,Female,3112
E02002905,Herefordshire 001,2,Male,3151
E02002906,Herefordshire 002,1,Female,2947
E02002906,Herefordshire 002,2,Male,2720
E02002907,Herefordshire 003,1,Female,3222
E02002907,Herefordshire 003,2,Male,3065
E02002908,Herefordshire 004,1,Female,4518
E02002908,Herefordshire 004,2,Male,4316
E02002909,Herefordshire 005,1,Female,5460
E02002909,Herefordshire 005,2,Male,5221
E02002910,Herefordshire 006,1,Female,3980
E02002910,Herefordshire 006,2,Male,3870
E02002911,Herefordshire 007,1,Female,4845
E02002911,Herefordshire 007,2,Male,4740
E02002912,Herefordshire 008,1,Female,3809
E02002912,Herefordshire 008,2,Male,3773
E02002913,Herefordshire 009,1,Female,2963
E02002913,Herefordshire 009,2,Male,2836
E02002914,Herefordshire 010,1,Female,4554
E02002914,Herefordshire 010,2,Male,4382
E02002915,Herefordshire 011,1,Female,4076
E02002915,Herefordshire 011,2,Male,3851
E02002916,Herefordshire 012,1,Female,4835
E02002916,Herefordshire 012,2,Male,4931
E02002917,Herefordshire 013,1,Female,3422
E02002917,Herefordshire 013,2,Male,3432
E02002918,Herefordshire 014,1,Female,3024
E02002918,Herefordshire 014,2,Male,2773
E02002919,Herefordshire 015,1,Female,4561
E02002919,Herefordshire 015,2,Male,4520
E02002920,Herefordshire 016,1,Female,3295
E02002920,Herefordshire 016,2,Male,3261
E02002921,Herefordshire 017,1,Female,4039
E02002921,Herefordshire 017,2,Male,3823
E02002922,Herefordshire 018,1,Female,3369
E02002922,Herefordshire 018,2,Male,3231
E02002923,Herefordshire 019,1,Female,4921
E02002923,Herefordshire 019,2,Male,4518
E02002924,Herefordshire 020,1,Female,3062
E02002924,Herefordshire 020,2,Male,2998
E02002925,Herefordshire 021,1,Female,5478
E02002925,Herefordshire 021,2,Male,5379
E02002926,Herefordshire 022,1,Female,5702
E02002926,Herefordshire 022,2,Male,5288
E02002927,Herefordshire 023,1,Female,5986
E02002927,Herefordshire 023,2,Male,5772
E02002928,Telford and Wrekin 001,1,Female,3190
E02002928,Telford and Wrekin 001,2,Male,2874
E02002929,Telford and Wrekin 002,1,Female,3409
E02002929,Telford and Wrekin 002,2,Male,3256
E02002930,Telford and Wrekin 003,1,Female,3663
E02002930,Telford and Wrekin 003,2,Male,3331
E02002931,Telford and Wrekin 004,1,Female,3345
E02002931,Telford and Wrekin 004,2,Male,3220
E02002932,Telford and Wrekin 005,1,Female,4527
E02002932,Telford and Wrekin 005,2,Male,4432
E02002933,Telford and Wrekin 006,1,Female,4140
E02002933,Telford and Wrekin 006,2,Male,3864
E02002934,Telford and Wrekin 007,1,Female,3188
E02002934,Telford and Wrekin 007,2,Male,2986
E02002935,Telford and Wrekin 008,1,Female,3414
E02002935,Telford and Wrekin 008,2,Male,3365
E02002936,Telford and Wrekin 009,1,Female,5500
E02002936,Telford and Wrekin 009,2,Male,5658
E02002937,Telford and Wrekin 010,1,Female,5400
E02002937,Telford and Wrekin 010,2,Male,5345
E02002938,Telford and Wrekin 011,1,Female,3672
E02002938,Telford and Wrekin 011,2,Male,3650
E02002939,Telford and Wrekin 012,1,Female,3793
E02002939,Telford and Wrekin 012,2,Male,3776
E02002940,Telford and Wrekin 013,1,Female,3021
E02002940,Telford and Wrekin 013,2,Male,2834
E02002941,Telford and Wrekin 014,1,Female,5269
E02002941,Telford and Wrekin 014,2,Male,5196
E02002942,Telford and Wrekin 015,1,Female,4072
E02002942,Telford and Wrekin 015,2,Male,3973
E02002944,Telford and Wrekin 017,1,Female,4255
E02002944,Telford and Wrekin 017,2,Male,4083
E02002945,Telford and Wrekin 018,1,Female,4683
E02002945,Telford and Wrekin 018,2,Male,4759
E02002946,Telford and Wrekin 019,1,Female,3788
E02002946,Telford and Wrekin 019,2,Male,3793
E02002947,Telford and Wrekin 020,1,Female,3583
E02002947,Telford and Wrekin 020,2,Male,3547
E02002948,Telford and Wrekin 021,1,Female,3973
E02002948,Telford and Wrekin 021,2,Male,3624
E02002949,Telford and Wrekin 022,1,Female,2721
E02002949,Telford and Wrekin 022,2,Male,2601
E02002950,Telford and Wrekin 023,1,Female,3014
E02002950,Telford and Wrekin 023,2,Male,2839
E02002951,Stoke-on-Trent 001,1,Female,4055
E02002951,Stoke-on-Trent 001,2,Male,3790
E02002952,Stoke-on-Trent 002,1,Female,3871
E02002952,Stoke-on-Trent 002,2,Male,3682
E02002953,Stoke-on-Trent 003,1,Female,3812
E02002953,Stoke-on-Trent 003,2,Male,3535
E02002954,Stoke-on-Trent 004,1,Female,4261
E02002954,Stoke-on-Trent 004,2,Male,4050
E02002955,Stoke-on-Trent 005,1,Female,3669
E02002955,Stoke-on-Trent 005,2,Male,3788
E02002956,Stoke-on-Trent 006,1,Female,4668
E02002956,Stoke-on-Trent 006,2,Male,4564
E02002957,Stoke-on-Trent 007,1,Female,4899
E02002957,Stoke-on-Trent 007,2,Male,4672
E02002958,Stoke-on-Trent 008,1,Female,4329
E02002958,Stoke-on-Trent 008,2,Male,4135
E02002959,Stoke-on-Trent 009,1,Female,4449
E02002959,Stoke-on-Trent 009,2,Male,4593
E02002960,Stoke-on-Trent 010,1,Female,2871
E02002960,Stoke-on-Trent 010,2,Male,2853
E02002961,Stoke-on-Trent 011,1,Female,3516
E02002961,Stoke-on-Trent 011,2,Male,3780
E02002962,Stoke-on-Trent 012,1,Female,4098
E02002962,Stoke-on-Trent 012,2,Male,3780
E02002963,Stoke-on-Trent 013,1,Female,3474
E02002963,Stoke-on-Trent 013,2,Male,3617
E02002964,Stoke-on-Trent 014,1,Female,4438
E02002964,Stoke-on-Trent 014,2,Male,4209
E02002965,Stoke-on-Trent 015,1,Female,3876
E02002965,Stoke-on-Trent 015,2,Male,4467
E02002966,Stoke-on-Trent 016,1,Female,4597
E02002966,Stoke-on-Trent 016,2,Male,5732
E02002967,Stoke-on-Trent 017,1,Female,5445
E02002967,Stoke-on-Trent 017,2,Male,5004
E02002968,Stoke-on-Trent 018,1,Female,4774
E02002968,Stoke-on-Trent 018,2,Male,4720
E02002969,Stoke-on-Trent 019,1,Female,4558
E02002969,Stoke-on-Trent 019,2,Male,4885
E02002970,Stoke-on-Trent 020,1,Female,4069
E02002970,Stoke-on-Trent 020,2,Male,3886
E02002973,Stoke-on-Trent 023,1,Female,4051
E02002973,Stoke-on-Trent 023,2,Male,4062
E02002974,Stoke-on-Trent 024,1,Female,3110
E02002974,Stoke-on-Trent 024,2,Male,3035
E02002975,Stoke-on-Trent 025,1,Female,3610
E02002975,Stoke-on-Trent 025,2,Male,3537
E02002976,Stoke-on-Trent 026,1,Female,3111
E02002976,Stoke-on-Trent 026,2,Male,2859
E02002977,Stoke-on-Trent 027,1,Female,2882
E02002977,Stoke-on-Trent 027,2,Male,2684
E02002978,Stoke-on-Trent 028,1,Female,3387
E02002978,Stoke-on-Trent 028,2,Male,3388
E02002979,Stoke-on-Trent 029,1,Female,3073
E02002979,Stoke-on-Trent 029,2,Male,3045
E02002980,Stoke-on-Trent 030,1,Female,3122
E02002980,Stoke-on-Trent 030,2,Male,2885
E02002981,Stoke-on-Trent 031,1,Female,4450
E02002981,Stoke-on-Trent 031,2,Male,4144
E02002982,Stoke-on-Trent 032,1,Female,4363
E02002982,Stoke-on-Trent 032,2,Male,4340
E02002983,Stoke-on-Trent 033,1,Female,2709
E02002983,Stoke-on-Trent 033,2,Male,2604
E02002984,Stoke-on-Trent 034,1,Female,2780
E02002984,Stoke-on-Trent 034,2,Male,2690
E02002985,Bath and North East Somerset 001,1,Female,3496
E02002985,Bath and North East Somerset 001,2,Male,3293
E02002986,Bath and North East Somerset 002,1,Female,3695
E02002986,Bath and North East Somerset 002,2,Male,3341
E02002987,Bath and North East Somerset 003,1,Female,2935
E02002987,Bath and North East Somerset 003,2,Male,2836
E02002988,Bath and North East Somerset 004,1,Female,2863
E02002988,Bath and North East Somerset 004,2,Male,2712
E02002989,Bath and North East Somerset 005,1,Female,2920
E02002989,Bath and North East Somerset 005,2,Male,2628
E02002990,Bath and North East Somerset 006,1,Female,2996
E02002990,Bath and North East Somerset 006,2,Male,2861
E02002991,Bath and North East Somerset 007,1,Female,5536
E02002991,Bath and North East Somerset 007,2,Male,5461
E02002992,Bath and North East Somerset 008,1,Female,3063
E02002992,Bath and North East Somerset 008,2,Male,2668
E02002993,Bath and North East Somerset 009,1,Female,3082
E02002993,Bath and North East Somerset 009,2,Male,2950
E02002994,Bath and North East Somerset 010,1,Female,5434
E02002994,Bath and North East Somerset 010,2,Male,5123
E02002995,Bath and North East Somerset 011,1,Female,2992
E02002995,Bath and North East Somerset 011,2,Male,2795
E02002996,Bath and North East Somerset 012,1,Female,5804
E02002996,Bath and North East Somerset 012,2,Male,5969
E02002997,Bath and North East Somerset 013,1,Female,4301
E02002997,Bath and North East Somerset 013,2,Male,4029
E02002998,Bath and North East Somerset 014,1,Female,3010
E02002998,Bath and North East Somerset 014,2,Male,2969
E02002999,Bath and North East Somerset 015,1,Female,2883
E02002999,Bath and North East Somerset 015,2,Male,2758
E02003000,Bath and North East Somerset 016,1,Female,4923
E02003000,Bath and North East Somerset 016,2,Male,4649
E02003001,Bath and North East Somerset 017,1,Female,2831
E02003001,Bath and North East Somerset 017,2,Male,2709
E02003002,Bath and North East Somerset 018,1,Female,3272
E02003002,Bath and North East Somerset 018,2,Male,3058
E02003003,Bath and North East Somerset 019,1,Female,3065
E02003003,Bath and North East Somerset 019,2,Male,2857
E02003004,Bath and North East Somerset 020,1,Female,3683
E02003004,Bath and North East Somerset 020,2,Male,3701
E02003005,Bath and North East Somerset 021,1,Female,3448
E02003005,Bath and North East Somerset 021,2,Male,3324
E02003006,Bath and North East Somerset 022,1,Female,5234
E02003006,Bath and North East Somerset 022,2,Male,4769
E02003007,Bath and North East Somerset 023,1,Female,4914
E02003007,Bath and North East Somerset 023,2,Male,4680
E02003008,Bath and North East Somerset 024,1,Female,3133
E02003008,Bath and North East Somerset 024,2,Male,3016
E02003009,Bath and North East Somerset 025,1,Female,3152
E02003009,Bath and North East Somerset 025,2,Male,3064
E02003010,Bath and North East Somerset 026,1,Female,3320
E02003010,Bath and North East Somerset 026,2,Male,3223
E02003011,Bath and North East Somerset 027,1,Female,3036
E02003011,Bath and North East Somerset 027,2,Male,2944
E02003012,Bristol 001,1,Female,6162
E02003012,Bristol 001,2,Male,5933
E02003013,Bristol 002,1,Female,6391
E02003013,Bristol 002,2,Male,6278
E02003014,Bristol 003,1,Female,4366
E02003014,Bristol 003,2,Male,4141
E02003015,Bristol 004,1,Female,3423
E02003015,Bristol 004,2,Male,3442
E02003016,Bristol 005,1,Female,3910
E02003016,Bristol 005,2,Male,4135
E02003017,Bristol 006,1,Female,3347
E02003017,Bristol 006,2,Male,2963
E02003018,Bristol 007,1,Female,3201
E02003018,Bristol 007,2,Male,3020
E02003019,Bristol 008,1,Female,5138
E02003019,Bristol 008,2,Male,5113
E02003020,Bristol 009,1,Female,3428
E02003020,Bristol 009,2,Male,3052
E02003021,Bristol 010,1,Female,3687
E02003021,Bristol 010,2,Male,3801
E02003022,Bristol 011,1,Female,3202
E02003022,Bristol 011,2,Male,3044
E02003023,Bristol 012,1,Female,3453
E02003023,Bristol 012,2,Male,3225
E02003024,Bristol 013,1,Female,5065
E02003024,Bristol 013,2,Male,4947
E02003025,Bristol 014,1,Female,3894
E02003025,Bristol 014,2,Male,3827
E02003026,Bristol 015,1,Female,5253
E02003026,Bristol 015,2,Male,5003
E02003027,Bristol 016,1,Female,6510
E02003027,Bristol 016,2,Male,6704
E02003028,Bristol 017,1,Female,4470
E02003028,Bristol 017,2,Male,4299
E02003029,Bristol 018,1,Female,3433
E02003029,Bristol 018,2,Male,3257
E02003030,Bristol 019,1,Female,3872
E02003030,Bristol 019,2,Male,4059
E02003031,Bristol 020,1,Female,5195
E02003031,Bristol 020,2,Male,5282
E02003032,Bristol 021,1,Female,4182
E02003032,Bristol 021,2,Male,4264
E02003033,Bristol 022,1,Female,4556
E02003033,Bristol 022,2,Male,4229
E02003036,Bristol 025,1,Female,4231
E02003036,Bristol 025,2,Male,4450
E02003037,Bristol 026,1,Female,4659
E02003037,Bristol 026,2,Male,4481
E02003038,Bristol 027,1,Female,3511
E02003038,Bristol 027,2,Male,3429
E02003039,Bristol 028,1,Female,4446
E02003039,Bristol 028,2,Male,4350
E02003040,Bristol 029,1,Female,4902
E02003040,Bristol 029,2,Male,4959
E02003041,Bristol 030,1,Female,3086
E02003041,Bristol 030,2,Male,3124
E02003044,Bristol 033,1,Female,3049
E02003044,Bristol 033,2,Male,3086
E02003045,Bristol 034,1,Female,3555
E02003045,Bristol 034,2,Male,3369
E02003046,Bristol 035,1,Female,5081
E02003046,Bristol 035,2,Male,4914
E02003047,Bristol 036,1,Female,5550
E02003047,Bristol 036,2,Male,5575
E02003048,Bristol 037,1,Female,3342
E02003048,Bristol 037,2,Male,3489
E02003049,Bristol 038,1,Female,3952
E02003049,Bristol 038,2,Male,3971
E02003050,Bristol 039,1,Female,4894
E02003050,Bristol 039,2,Male,5291
E02003051,Bristol 040,1,Female,3807
E02003051,Bristol 040,2,Male,3777
E02003052,Bristol 041,1,Female,3729
E02003052,Bristol 041,2,Male,3494
E02003053,Bristol 042,1,Female,4323
E02003053,Bristol 042,2,Male,4316
E02003054,Bristol 043,1,Female,3497
E02003054,Bristol 043,2,Male,3407
E02003055,Bristol 044,1,Female,4730
E02003055,Bristol 044,2,Male,4400
E02003056,Bristol 045,1,Female,3968
E02003056,Bristol 045,2,Male,3723
E02003057,Bristol 046,1,Female,3182
E02003057,Bristol 046,2,Male,3037
E02003058,Bristol 047,1,Female,5079
E02003058,Bristol 047,2,Male,4783
E02003059,Bristol 048,1,Female,3472
E02003059,Bristol 048,2,Male,3262
E02003060,Bristol 049,1,Female,5721
E02003060,Bristol 049,2,Male,5361
E02003061,Bristol 050,1,Female,3265
E02003061,Bristol 050,2,Male,3001
E02003062,Bristol 051,1,Female,3106
E02003062,Bristol 051,2,Male,2860
E02003063,Bristol 052,1,Female,3701
E02003063,Bristol 052,2,Male,3579
E02003064,Bristol 053,1,Female,3949
E02003064,Bristol 053,2,Male,3459
E02003065,North Somerset 001,1,Female,5005
E02003065,North Somerset 001,2,Male,4777
E02003066,North Somerset 002,1,Female,3133
E02003066,North Somerset 002,2,Male,3008
E02003067,North Somerset 003,1,Female,4307
E02003067,North Somerset 003,2,Male,3876
E02003068,North Somerset 004,1,Female,3194
E02003068,North Somerset 004,2,Male,3192
E02003069,North Somerset 005,1,Female,2985
E02003069,North Somerset 005,2,Male,2693
E02003070,North Somerset 006,1,Female,6825
E02003070,North Somerset 006,2,Male,6535
E02003071,North Somerset 007,1,Female,4216
E02003071,North Somerset 007,2,Male,3816
E02003072,North Somerset 008,1,Female,4827
E02003072,North Somerset 008,2,Male,4422
E02003073,North Somerset 009,1,Female,3198
E02003073,North Somerset 009,2,Male,3092
E02003074,North Somerset 010,1,Female,4044
E02003074,North Somerset 010,2,Male,3649
E02003075,North Somerset 011,1,Female,3171
E02003075,North Somerset 011,2,Male,3027
E02003076,North Somerset 012,1,Female,5038
E02003076,North Somerset 012,2,Male,4807
E02003077,North Somerset 013,1,Female,3224
E02003077,North Somerset 013,2,Male,3105
E02003078,North Somerset 014,1,Female,3845
E02003078,North Somerset 014,2,Male,3517
E02003079,North Somerset 015,1,Female,4727
E02003079,North Somerset 015,2,Male,4560
E02003080,North Somerset 016,1,Female,4507
E02003080,North Somerset 016,2,Male,4153
E02003081,North Somerset 017,1,Female,4802
E02003081,North Somerset 017,2,Male,4589
E02003082,North Somerset 018,1,Female,4564
E02003082,North Somerset 018,2,Male,4474
E02003084,North Somerset 020,1,Female,5330
E02003084,North Somerset 020,2,Male,5340
E02003085,North Somerset 021,1,Female,4097
E02003085,North Somerset 021,2,Male,3769
E02003086,North Somerset 022,1,Female,3162
E02003086,North Somerset 022,2,Male,2965
E02003087,North Somerset 023,1,Female,5531
E02003087,North Somerset 023,2,Male,5279
E02003088,North Somerset 024,1,Female,4663
E02003088,North Somerset 024,2,Male,4382
E02003089,North Somerset 025,1,Female,3101
E02003089,North Somerset 025,2,Male,2860
E02003090,South Gloucestershire 001,1,Female,4971
E02003090,South Gloucestershire 001,2,Male,4469
E02003091,South Gloucestershire 002,1,Female,3458
E02003091,South Gloucestershire 002,2,Male,3263
E02003092,South Gloucestershire 003,1,Female,4220
E02003092,South Gloucestershire 003,2,Male,4536
E02003093,South Gloucestershire 004,1,Female,3374
E02003093,South Gloucestershire 004,2,Male,3305
E02003094,South Gloucestershire 005,1,Female,4454
E02003094,South Gloucestershire 005,2,Male,4445
E02003095,South Gloucestershire 006,1,Female,4377
E02003095,South Gloucestershire 006,2,Male,4235
E02003096,South Gloucestershire 007,1,Female,3228
E02003096,South Gloucestershire 007,2,Male,3074
E02003097,South Gloucestershire 008,1,Female,3393
E02003097,South Gloucestershire 008,2,Male,3109
E02003098,South Gloucestershire 009,1,Female,4949
E02003098,South Gloucestershire 009,2,Male,5081
E02003099,South Gloucestershire 010,1,Female,3882
E02003099,South Gloucestershire 010,2,Male,3747
E02003101,South Gloucestershire 012,1,Female,5341
E02003101,South Gloucestershire 012,2,Male,5322
E02003102,South Gloucestershire 013,1,Female,3586
E02003102,South Gloucestershire 013,2,Male,3577
E02003103,South Gloucestershire 014,1,Female,3627
E02003103,South Gloucestershire 014,2,Male,3556
E02003104,South Gloucestershire 015,1,Female,3794
E02003104,South Gloucestershire 015,2,Male,3737
E02003105,South Gloucestershire 016,1,Female,3306
E02003105,South Gloucestershire 016,2,Male,3100
E02003107,South Gloucestershire 018,1,Female,5384
E02003107,South Gloucestershire 018,2,Male,5911
E02003108,South Gloucestershire 019,1,Female,6264
E02003108,South Gloucestershire 019,2,Male,6445
E02003109,South Gloucestershire 020,1,Female,3188
E02003109,South Gloucestershire 020,2,Male,3031
E02003110,South Gloucestershire 021,1,Female,6388
E02003110,South Gloucestershire 021,2,Male,6015
E02003111,South Gloucestershire 022,1,Female,3394
E02003111,South Gloucestershire 022,2,Male,3284
E02003112,South Gloucestershire 023,1,Female,3302
E02003112,South Gloucestershire 023,2,Male,3239
E02003113,South Gloucestershire 024,1,Female,5286
E02003113,South Gloucestershire 024,2,Male,5194
E02003114,South Gloucestershire 025,1,Female,3686
E02003114,South Gloucestershire 025,2,Male,3559
E02003115,South Gloucestershire 026,1,Female,4902
E02003115,South Gloucestershire 026,2,Male,4811
E02003116,South Gloucestershire 027,1,Female,4050
E02003116,South Gloucestershire 027,2,Male,3719
E02003117,South Gloucestershire 028,1,Female,4793
E02003117,South Gloucestershire 028,2,Male,4621
E02003118,South Gloucestershire 029,1,Female,5097
E02003118,South Gloucestershire 029,2,Male,4804
E02003119,South Gloucestershire 030,1,Female,5275
E02003119,South Gloucestershire 030,2,Male,5070
E02003120,South Gloucestershire 031,1,Female,4676
E02003120,South Gloucestershire 031,2,Male,4525
E02003121,South Gloucestershire 032,1,Female,5170
E02003121,South Gloucestershire 032,2,Male,4949
E02003122,Plymouth 001,1,Female,3832
E02003122,Plymouth 001,2,Male,3473
E02003123,Plymouth 002,1,Female,4565
E02003123,Plymouth 002,2,Male,4162
E02003124,Plymouth 003,1,Female,4305
E02003124,Plymouth 003,2,Male,3999
E02003125,Plymouth 004,1,Female,3077
E02003125,Plymouth 004,2,Male,2952
E02003126,Plymouth 005,1,Female,4428
E02003126,Plymouth 005,2,Male,3989
E02003127,Plymouth 006,1,Female,3910
E02003127,Plymouth 006,2,Male,3624
E02003128,Plymouth 007,1,Female,4805
E02003128,Plymouth 007,2,Male,4373
E02003129,Plymouth 008,1,Female,3322
E02003129,Plymouth 008,2,Male,3089
E02003130,Plymouth 009,1,Female,5382
E02003130,Plymouth 009,2,Male,5147
E02003131,Plymouth 010,1,Female,3837
E02003131,Plymouth 010,2,Male,3450
E02003132,Plymouth 011,1,Female,4561
E02003132,Plymouth 011,2,Male,4309
E02003133,Plymouth 012,1,Female,3690
E02003133,Plymouth 012,2,Male,3439
E02003134,Plymouth 013,1,Female,3582
E02003134,Plymouth 013,2,Male,3355
E02003135,Plymouth 014,1,Female,3579
E02003135,Plymouth 014,2,Male,3497
E02003136,Plymouth 015,1,Female,4039
E02003136,Plymouth 015,2,Male,3693
E02003137,Plymouth 016,1,Female,4056
E02003137,Plymouth 016,2,Male,3809
E02003138,Plymouth 017,1,Female,3918
E02003138,Plymouth 017,2,Male,3623
E02003139,Plymouth 018,1,Female,3465
E02003139,Plymouth 018,2,Male,3227
E02003140,Plymouth 019,1,Female,4033
E02003140,Plymouth 019,2,Male,3780
E02003141,Plymouth 020,1,Female,3858
E02003141,Plymouth 020,2,Male,4101
E02003142,Plymouth 021,1,Female,4729
E02003142,Plymouth 021,2,Male,4477
E02003143,Plymouth 022,1,Female,3783
E02003143,Plymouth 022,2,Male,3541
E02003144,Plymouth 023,1,Female,4134
E02003144,Plymouth 023,2,Male,4358
E02003145,Plymouth 024,1,Female,3339
E02003145,Plymouth 024,2,Male,3338
E02003146,Plymouth 025,1,Female,4230
E02003146,Plymouth 025,2,Male,4373
E02003147,Plymouth 026,1,Female,4579
E02003147,Plymouth 026,2,Male,4603
E02003148,Plymouth 027,1,Female,5565
E02003148,Plymouth 027,2,Male,5751
E02003149,Plymouth 028,1,Female,4454
E02003149,Plymouth 028,2,Male,4879
E02003151,Plymouth 030,1,Female,4357
E02003151,Plymouth 030,2,Male,4008
E02003152,Plymouth 031,1,Female,5772
E02003152,Plymouth 031,2,Male,5562
E02003153,Plymouth 032,1,Female,3868
E02003153,Plymouth 032,2,Male,3572
E02003154,Torbay 001,1,Female,3773
E02003154,Torbay 001,2,Male,3507
E02003155,Torbay 002,1,Female,3050
E02003155,Torbay 002,2,Male,2827
E02003156,Torbay 003,1,Female,5520
E02003156,Torbay 003,2,Male,5111
E02003157,Torbay 004,1,Female,3487
E02003157,Torbay 004,2,Male,3359
E02003158,Torbay 005,1,Female,3048
E02003158,Torbay 005,2,Male,2711
E02003159,Torbay 006,1,Female,3069
E02003159,Torbay 006,2,Male,2956
E02003161,Torbay 008,1,Female,3665
E02003161,Torbay 008,2,Male,4093
E02003163,Torbay 010,1,Female,4078
E02003163,Torbay 010,2,Male,4044
E02003164,Torbay 011,1,Female,4692
E02003164,Torbay 011,2,Male,4336
E02003165,Torbay 012,1,Female,3777
E02003165,Torbay 012,2,Male,3544
E02003166,Torbay 013,1,Female,6611
E02003166,Torbay 013,2,Male,6347
E02003167,Torbay 014,1,Female,4935
E02003167,Torbay 014,2,Male,4916
E02003168,Torbay 015,1,Female,3772
E02003168,Torbay 015,2,Male,3378
E02003169,Torbay 016,1,Female,3437
E02003169,Torbay 016,2,Male,3164
E02003170,Torbay 017,1,Female,4921
E02003170,Torbay 017,2,Male,4552
E02003171,Torbay 018,1,Female,3778
E02003171,Torbay 018,2,Male,3580
E02003172,"Bournemouth, Christchurch and Poole 003",1,Female,3297
E02003172,"Bournemouth, Christchurch and Poole 003",2,Male,3201
E02003173,"Bournemouth, Christchurch and Poole 005",1,Female,3590
E02003173,"Bournemouth, Christchurch and Poole 005",2,Male,3245
E02003174,"Bournemouth, Christchurch and Poole 006",1,Female,4247
E02003174,"Bournemouth, Christchurch and Poole 006",2,Male,4081
E02003175,"Bournemouth, Christchurch and Poole 007",1,Female,4934
E02003175,"Bournemouth, Christchurch and Poole 007",2,Male,4497
E02003176,"Bournemouth, Christchurch and Poole 010",1,Female,3897
E02003176,"Bournemouth, Christchurch and Poole 010",2,Male,3597
E02003177,"Bournemouth, Christchurch and Poole 009",1,Female,4317
E02003177,"Bournemouth, Christchurch and Poole 009",2,Male,4137
E02003178,"Bournemouth, Christchurch and Poole 011",1,Female,4511
E02003178,"Bournemouth, Christchurch and Poole 011",2,Male,4244
E02003179,"Bournemouth, Christchurch and Poole 012",1,Female,3324
E02003179,"Bournemouth, Christchurch and Poole 012",2,Male,3127
E02003180,"Bournemouth, Christchurch and Poole 015",1,Female,5129
E02003180,"Bournemouth, Christchurch and Poole 015",2,Male,4989
E02003181,"Bournemouth, Christchurch and Poole 017",1,Female,4468
E02003181,"Bournemouth, Christchurch and Poole 017",2,Male,4371
E02003182,"Bournemouth, Christchurch and Poole 020",1,Female,3376
E02003182,"Bournemouth, Christchurch and Poole 020",2,Male,3199
E02003183,"Bournemouth, Christchurch and Poole 028",1,Female,3793
E02003183,"Bournemouth, Christchurch and Poole 028",2,Male,3554
E02003184,"Bournemouth, Christchurch and Poole 027",1,Female,4014
E02003184,"Bournemouth, Christchurch and Poole 027",2,Male,4084
E02003185,"Bournemouth, Christchurch and Poole 026",1,Female,3944
E02003185,"Bournemouth, Christchurch and Poole 026",2,Male,3656
E02003186,"Bournemouth, Christchurch and Poole 025",1,Female,4691
E02003186,"Bournemouth, Christchurch and Poole 025",2,Male,4745
E02003187,"Bournemouth, Christchurch and Poole 035",1,Female,4835
E02003187,"Bournemouth, Christchurch and Poole 035",2,Male,4683
E02003188,"Bournemouth, Christchurch and Poole 038",1,Female,6521
E02003188,"Bournemouth, Christchurch and Poole 038",2,Male,6678
E02003189,"Bournemouth, Christchurch and Poole 036",1,Female,4428
E02003189,"Bournemouth, Christchurch and Poole 036",2,Male,4073
E02003190,"Bournemouth, Christchurch and Poole 037",1,Female,5026
E02003190,"Bournemouth, Christchurch and Poole 037",2,Male,5350
E02003191,"Bournemouth, Christchurch and Poole 039",1,Female,4460
E02003191,"Bournemouth, Christchurch and Poole 039",2,Male,3910
E02003192,"Bournemouth, Christchurch and Poole 041",1,Female,6451
E02003192,"Bournemouth, Christchurch and Poole 041",2,Male,6736
E02003194,"Bournemouth, Christchurch and Poole 001",1,Female,3243
E02003194,"Bournemouth, Christchurch and Poole 001",2,Male,3089
E02003195,"Bournemouth, Christchurch and Poole 008",1,Female,3047
E02003195,"Bournemouth, Christchurch and Poole 008",2,Male,2876
E02003196,"Bournemouth, Christchurch and Poole 004",1,Female,5347
E02003196,"Bournemouth, Christchurch and Poole 004",2,Male,4942
E02003197,"Bournemouth, Christchurch and Poole 013",1,Female,3512
E02003197,"Bournemouth, Christchurch and Poole 013",2,Male,3325
E02003198,"Bournemouth, Christchurch and Poole 016",1,Female,3865
E02003198,"Bournemouth, Christchurch and Poole 016",2,Male,3684
E02003199,"Bournemouth, Christchurch and Poole 021",1,Female,4913
E02003199,"Bournemouth, Christchurch and Poole 021",2,Male,4557
E02003200,"Bournemouth, Christchurch and Poole 022",1,Female,5312
E02003200,"Bournemouth, Christchurch and Poole 022",2,Male,5092
E02003201,"Bournemouth, Christchurch and Poole 023",1,Female,5643
E02003201,"Bournemouth, Christchurch and Poole 023",2,Male,5515
E02003202,"Bournemouth, Christchurch and Poole 029",1,Female,3047
E02003202,"Bournemouth, Christchurch and Poole 029",2,Male,3069
E02003203,"Bournemouth, Christchurch and Poole 032",1,Female,3884
E02003203,"Bournemouth, Christchurch and Poole 032",2,Male,3717
E02003204,"Bournemouth, Christchurch and Poole 030",1,Female,4771
E02003204,"Bournemouth, Christchurch and Poole 030",2,Male,4520
E02003205,"Bournemouth, Christchurch and Poole 034",1,Female,4340
E02003205,"Bournemouth, Christchurch and Poole 034",2,Male,4119
E02003206,"Bournemouth, Christchurch and Poole 043",1,Female,5090
E02003206,"Bournemouth, Christchurch and Poole 043",2,Male,4954
E02003207,"Bournemouth, Christchurch and Poole 042",1,Female,3768
E02003207,"Bournemouth, Christchurch and Poole 042",2,Male,3664
E02003208,"Bournemouth, Christchurch and Poole 044",1,Female,5960
E02003208,"Bournemouth, Christchurch and Poole 044",2,Male,5469
E02003209,"Bournemouth, Christchurch and Poole 046",1,Female,3526
E02003209,"Bournemouth, Christchurch and Poole 046",2,Male,3255
E02003210,"Bournemouth, Christchurch and Poole 047",1,Female,5063
E02003210,"Bournemouth, Christchurch and Poole 047",2,Male,4744
E02003211,"Bournemouth, Christchurch and Poole 048",1,Female,4401
E02003211,"Bournemouth, Christchurch and Poole 048",2,Male,4139
E02003212,Swindon 001,1,Female,4288
E02003212,Swindon 001,2,Male,4080
E02003214,Swindon 003,1,Female,3590
E02003214,Swindon 003,2,Male,3269
E02003215,Swindon 004,1,Female,3402
E02003215,Swindon 004,2,Male,3294
E02003216,Swindon 005,1,Female,5087
E02003216,Swindon 005,2,Male,4839
E02003217,Swindon 006,1,Female,3748
E02003217,Swindon 006,2,Male,3638
E02003218,Swindon 007,1,Female,3394
E02003218,Swindon 007,2,Male,3171
E02003219,Swindon 008,1,Female,6563
E02003219,Swindon 008,2,Male,6480
E02003220,Swindon 009,1,Female,5235
E02003220,Swindon 009,2,Male,5034
E02003221,Swindon 010,1,Female,3511
E02003221,Swindon 010,2,Male,3784
E02003222,Swindon 011,1,Female,3016
E02003222,Swindon 011,2,Male,3001
E02003223,Swindon 012,1,Female,5304
E02003223,Swindon 012,2,Male,5589
E02003224,Swindon 013,1,Female,4376
E02003224,Swindon 013,2,Male,4154
E02003225,Swindon 014,1,Female,3265
E02003225,Swindon 014,2,Male,3169
E02003226,Swindon 015,1,Female,5000
E02003226,Swindon 015,2,Male,5665
E02003227,Swindon 016,1,Female,3612
E02003227,Swindon 016,2,Male,3399
E02003228,Swindon 017,1,Female,3815
E02003228,Swindon 017,2,Male,3965
E02003229,Swindon 018,1,Female,2906
E02003229,Swindon 018,2,Male,2758
E02003230,Swindon 019,1,Female,4084
E02003230,Swindon 019,2,Male,4644
E02003231,Swindon 020,1,Female,4399
E02003231,Swindon 020,2,Male,4148
E02003232,Swindon 021,1,Female,4214
E02003232,Swindon 021,2,Male,4358
E02003233,Swindon 022,1,Female,4471
E02003233,Swindon 022,2,Male,4267
E02003234,Swindon 023,1,Female,4274
E02003234,Swindon 023,2,Male,4188
E02003235,Swindon 024,1,Female,4742
E02003235,Swindon 024,2,Male,4616
E02003236,Swindon 025,1,Female,6616
E02003236,Swindon 025,2,Male,6177
E02003237,Peterborough 001,1,Female,3170
E02003237,Peterborough 001,2,Male,2985
E02003238,Peterborough 002,1,Female,2966
E02003238,Peterborough 002,2,Male,2771
E02003239,Peterborough 003,1,Female,4252
E02003239,Peterborough 003,2,Male,4077
E02003240,Peterborough 004,1,Female,3373
E02003240,Peterborough 004,2,Male,3498
E02003241,Peterborough 005,1,Female,3739
E02003241,Peterborough 005,2,Male,3441
E02003242,Peterborough 006,1,Female,4399
E02003242,Peterborough 006,2,Male,4047
E02003243,Peterborough 007,1,Female,6216
E02003243,Peterborough 007,2,Male,5953
E02003244,Peterborough 008,1,Female,5113
E02003244,Peterborough 008,2,Male,4922
E02003245,Peterborough 009,1,Female,4168
E02003245,Peterborough 009,2,Male,4076
E02003246,Peterborough 010,1,Female,4800
E02003246,Peterborough 010,2,Male,5232
E02003247,Peterborough 011,1,Female,4471
E02003247,Peterborough 011,2,Male,4378
E02003248,Peterborough 012,1,Female,5802
E02003248,Peterborough 012,2,Male,5772
E02003249,Peterborough 013,1,Female,6506
E02003249,Peterborough 013,2,Male,6316
E02003250,Peterborough 014,1,Female,5863
E02003250,Peterborough 014,2,Male,6191
E02003251,Peterborough 015,1,Female,4040
E02003251,Peterborough 015,2,Male,3882
E02003252,Peterborough 016,1,Female,6299
E02003252,Peterborough 016,2,Male,6228
E02003253,Peterborough 017,1,Female,5160
E02003253,Peterborough 017,2,Male,5106
E02003254,Peterborough 018,1,Female,4698
E02003254,Peterborough 018,2,Male,4540
E02003255,Peterborough 019,1,Female,7041
E02003255,Peterborough 019,2,Male,6683
E02003257,Peterborough 021,1,Female,4891
E02003257,Peterborough 021,2,Male,4728
E02003258,Luton 001,1,Female,4372
E02003258,Luton 001,2,Male,4238
E02003259,Luton 002,1,Female,3527
E02003259,Luton 002,2,Male,3272
E02003260,Luton 003,1,Female,4754
E02003260,Luton 003,2,Male,4195
E02003261,Luton 004,1,Female,3335
E02003261,Luton 004,2,Male,3107
E02003262,Luton 005,1,Female,5697
E02003262,Luton 005,2,Male,5492
E02003263,Luton 006,1,Female,6558
E02003263,Luton 006,2,Male,6416
E02003264,Luton 007,1,Female,4971
E02003264,Luton 007,2,Male,4880
E02003265,Luton 008,1,Female,4169
E02003265,Luton 008,2,Male,4063
E02003266,Luton 009,1,Female,5184
E02003266,Luton 009,2,Male,4930
E02003267,Luton 010,1,Female,7293
E02003267,Luton 010,2,Male,7348
E02003268,Luton 011,1,Female,6473
E02003268,Luton 011,2,Male,6476
E02003269,Luton 012,1,Female,5399
E02003269,Luton 012,2,Male,5375
E02003270,Luton 013,1,Female,4427
E02003270,Luton 013,2,Male,4379
E02003271,Luton 014,1,Female,5044
E02003271,Luton 014,2,Male,5171
E02003272,Luton 015,1,Female,5616
E02003272,Luton 015,2,Male,5737
E02003273,Luton 016,1,Female,6090
E02003273,Luton 016,2,Male,5941
E02003274,Luton 017,1,Female,5711
E02003274,Luton 017,2,Male,5828
E02003276,Luton 019,1,Female,4297
E02003276,Luton 019,2,Male,4852
E02003277,Luton 020,1,Female,5802
E02003277,Luton 020,2,Male,5811
E02003278,Luton 021,1,Female,6392
E02003278,Luton 021,2,Male,6885
E02003279,Southend-on-Sea 001,1,Female,4845
E02003279,Southend-on-Sea 001,2,Male,4606
E02003280,Southend-on-Sea 002,1,Female,5420
E02003280,Southend-on-Sea 002,2,Male,5162
E02003281,Southend-on-Sea 003,1,Female,4892
E02003281,Southend-on-Sea 003,2,Male,4550
E02003282,Southend-on-Sea 004,1,Female,5473
E02003282,Southend-on-Sea 004,2,Male,5214
E02003283,Southend-on-Sea 005,1,Female,5669
E02003283,Southend-on-Sea 005,2,Male,5325
E02003284,Southend-on-Sea 006,1,Female,5789
E02003284,Southend-on-Sea 006,2,Male,5419
E02003285,Southend-on-Sea 007,1,Female,5760
E02003285,Southend-on-Sea 007,2,Male,5524
E02003286,Southend-on-Sea 008,1,Female,4778
E02003286,Southend-on-Sea 008,2,Male,4590
E02003287,Southend-on-Sea 009,1,Female,5341
E02003287,Southend-on-Sea 009,2,Male,4810
E02003288,Southend-on-Sea 010,1,Female,6599
E02003288,Southend-on-Sea 010,2,Male,6409
E02003289,Southend-on-Sea 011,1,Female,5118
E02003289,Southend-on-Sea 011,2,Male,4773
E02003290,Southend-on-Sea 012,1,Female,5062
E02003290,Southend-on-Sea 012,2,Male,4864
E02003291,Southend-on-Sea 013,1,Female,6050
E02003291,Southend-on-Sea 013,2,Male,5626
E02003292,Southend-on-Sea 014,1,Female,6123
E02003292,Southend-on-Sea 014,2,Male,5969
E02003293,Southend-on-Sea 015,1,Female,5847
E02003293,Southend-on-Sea 015,2,Male,5845
E02003294,Southend-on-Sea 016,1,Female,4733
E02003294,Southend-on-Sea 016,2,Male,4383
E02003295,Southend-on-Sea 017,1,Female,5275
E02003295,Southend-on-Sea 017,2,Male,4844
E02003296,Thurrock 001,1,Female,3591
E02003296,Thurrock 001,2,Male,3494
E02003297,Thurrock 002,1,Female,3806
E02003297,Thurrock 002,2,Male,3506
E02003298,Thurrock 003,1,Female,3658
E02003298,Thurrock 003,2,Male,3439
E02003299,Thurrock 004,1,Female,3273
E02003299,Thurrock 004,2,Male,3144
E02003300,Thurrock 005,1,Female,4538
E02003300,Thurrock 005,2,Male,4410
E02003301,Thurrock 006,1,Female,6135
E02003301,Thurrock 006,2,Male,5895
E02003302,Thurrock 007,1,Female,5298
E02003302,Thurrock 007,2,Male,5110
E02003303,Thurrock 008,1,Female,4850
E02003303,Thurrock 008,2,Male,4668
E02003304,Thurrock 009,1,Female,4963
E02003304,Thurrock 009,2,Male,4685
E02003305,Thurrock 010,1,Female,3626
E02003305,Thurrock 010,2,Male,3455
E02003307,Thurrock 012,1,Female,5478
E02003307,Thurrock 012,2,Male,5144
E02003308,Thurrock 013,1,Female,3973
E02003308,Thurrock 013,2,Male,3740
E02003309,Thurrock 014,1,Female,3945
E02003309,Thurrock 014,2,Male,3825
E02003311,Thurrock 016,1,Female,4632
E02003311,Thurrock 016,2,Male,4672
E02003312,Thurrock 017,1,Female,4808
E02003312,Thurrock 017,2,Male,4616
E02003313,Thurrock 018,1,Female,7717
E02003313,Thurrock 018,2,Male,7102
E02003314,Medway 001,1,Female,3496
E02003314,Medway 001,2,Male,3279
E02003315,Medway 002,1,Female,2861
E02003315,Medway 002,2,Male,2863
E02003316,Medway 003,1,Female,6286
E02003316,Medway 003,2,Male,5856
E02003317,Medway 004,1,Female,3641
E02003317,Medway 004,2,Male,3438
E02003318,Medway 005,1,Female,3043
E02003318,Medway 005,2,Male,2925
E02003319,Medway 006,1,Female,4228
E02003319,Medway 006,2,Male,4012
E02003320,Medway 007,1,Female,4489
E02003320,Medway 007,2,Male,4913
E02003321,Medway 008,1,Female,3369
E02003321,Medway 008,2,Male,3123
E02003322,Medway 009,1,Female,3949
E02003322,Medway 009,2,Male,4087
E02003323,Medway 010,1,Female,3835
E02003323,Medway 010,2,Male,3551
E02003324,Medway 011,1,Female,5166
E02003324,Medway 011,2,Male,4912
E02003325,Medway 012,1,Female,3757
E02003325,Medway 012,2,Male,3603
E02003326,Medway 013,1,Female,3960
E02003326,Medway 013,2,Male,3807
E02003327,Medway 014,1,Female,3833
E02003327,Medway 014,2,Male,3623
E02003328,Medway 015,1,Female,4960
E02003328,Medway 015,2,Male,4959
E02003329,Medway 016,1,Female,3508
E02003329,Medway 016,2,Male,3370
E02003330,Medway 017,1,Female,3479
E02003330,Medway 017,2,Male,3303
E02003331,Medway 018,1,Female,4594
E02003331,Medway 018,2,Male,4263
E02003332,Medway 019,1,Female,3288
E02003332,Medway 019,2,Male,2996
E02003333,Medway 020,1,Female,3418
E02003333,Medway 020,2,Male,3386
E02003334,Medway 021,1,Female,3108
E02003334,Medway 021,2,Male,3109
E02003335,Medway 022,1,Female,3856
E02003335,Medway 022,2,Male,3574
E02003336,Medway 023,1,Female,3258
E02003336,Medway 023,2,Male,3098
E02003337,Medway 024,1,Female,3505
E02003337,Medway 024,2,Male,3914
E02003338,Medway 025,1,Female,3829
E02003338,Medway 025,2,Male,3471
E02003339,Medway 026,1,Female,3297
E02003339,Medway 026,2,Male,3144
E02003340,Medway 027,1,Female,4165
E02003340,Medway 027,2,Male,3925
E02003341,Medway 028,1,Female,3364
E02003341,Medway 028,2,Male,3238
E02003342,Medway 029,1,Female,3256
E02003342,Medway 029,2,Male,3166
E02003343,Medway 030,1,Female,3036
E02003343,Medway 030,2,Male,2936
E02003344,Medway 031,1,Female,3499
E02003344,Medway 031,2,Male,3303
E02003345,Medway 032,1,Female,3252
E02003345,Medway 032,2,Male,3002
E02003346,Medway 033,1,Female,3616
E02003346,Medway 033,2,Male,3471
E02003347,Medway 034,1,Female,3079
E02003347,Medway 034,2,Male,3018
E02003348,Medway 035,1,Female,4154
E02003348,Medway 035,2,Male,3940
E02003349,Medway 036,1,Female,3826
E02003349,Medway 036,2,Male,3564
E02003350,Medway 037,1,Female,3301
E02003350,Medway 037,2,Male,3158
E02003351,Medway 038,1,Female,4087
E02003351,Medway 038,2,Male,3829
E02003352,Bracknell Forest 001,1,Female,2999
E02003352,Bracknell Forest 001,2,Male,2775
E02003353,Bracknell Forest 002,1,Female,6113
E02003353,Bracknell Forest 002,2,Male,5980
E02003354,Bracknell Forest 003,1,Female,5261
E02003354,Bracknell Forest 003,2,Male,5005
E02003355,Bracknell Forest 004,1,Female,3537
E02003355,Bracknell Forest 004,2,Male,3420
E02003356,Bracknell Forest 005,1,Female,3797
E02003356,Bracknell Forest 005,2,Male,3365
E02003357,Bracknell Forest 006,1,Female,5146
E02003357,Bracknell Forest 006,2,Male,5047
E02003358,Bracknell Forest 007,1,Female,5958
E02003358,Bracknell Forest 007,2,Male,5913
E02003359,Bracknell Forest 008,1,Female,3209
E02003359,Bracknell Forest 008,2,Male,3114
E02003360,Bracknell Forest 009,1,Female,5889
E02003360,Bracknell Forest 009,2,Male,5734
E02003361,Bracknell Forest 010,1,Female,3811
E02003361,Bracknell Forest 010,2,Male,3629
E02003362,Bracknell Forest 011,1,Female,3430
E02003362,Bracknell Forest 011,2,Male,3291
E02003363,Bracknell Forest 012,1,Female,3621
E02003363,Bracknell Forest 012,2,Male,3477
E02003364,Bracknell Forest 013,1,Female,3500
E02003364,Bracknell Forest 013,2,Male,3515
E02003365,Bracknell Forest 014,1,Female,3503
E02003365,Bracknell Forest 014,2,Male,3436
E02003366,Bracknell Forest 015,1,Female,3389
E02003366,Bracknell Forest 015,2,Male,3743
E02003367,West Berkshire 001,1,Female,3313
E02003367,West Berkshire 001,2,Male,3219
E02003368,West Berkshire 002,1,Female,2908
E02003368,West Berkshire 002,2,Male,2788
E02003369,West Berkshire 003,1,Female,3195
E02003369,West Berkshire 003,2,Male,3204
E02003370,West Berkshire 004,1,Female,3483
E02003370,West Berkshire 004,2,Male,3248
E02003371,West Berkshire 005,1,Female,3023
E02003371,West Berkshire 005,2,Male,2923
E02003372,West Berkshire 006,1,Female,3959
E02003372,West Berkshire 006,2,Male,3889
E02003373,West Berkshire 007,1,Female,4546
E02003373,West Berkshire 007,2,Male,4109
E02003374,West Berkshire 008,1,Female,2966
E02003374,West Berkshire 008,2,Male,2897
E02003375,West Berkshire 009,1,Female,3144
E02003375,West Berkshire 009,2,Male,3049
E02003376,West Berkshire 010,1,Female,3064
E02003376,West Berkshire 010,2,Male,2802
E02003377,West Berkshire 011,1,Female,5159
E02003377,West Berkshire 011,2,Male,5253
E02003378,West Berkshire 012,1,Female,4063
E02003378,West Berkshire 012,2,Male,3946
E02003379,West Berkshire 013,1,Female,3518
E02003379,West Berkshire 013,2,Male,3460
E02003380,West Berkshire 014,1,Female,4055
E02003380,West Berkshire 014,2,Male,4091
E02003381,West Berkshire 015,1,Female,3094
E02003381,West Berkshire 015,2,Male,3020
E02003382,West Berkshire 016,1,Female,3878
E02003382,West Berkshire 016,2,Male,3666
E02003383,West Berkshire 017,1,Female,3511
E02003383,West Berkshire 017,2,Male,3408
E02003384,West Berkshire 018,1,Female,3273
E02003384,West Berkshire 018,2,Male,3206
E02003385,West Berkshire 019,1,Female,5522
E02003385,West Berkshire 019,2,Male,5659
E02003386,West Berkshire 020,1,Female,4181
E02003386,West Berkshire 020,2,Male,4126
E02003387,West Berkshire 021,1,Female,4863
E02003387,West Berkshire 021,2,Male,4726
E02003388,West Berkshire 022,1,Female,3027
E02003388,West Berkshire 022,2,Male,3013
E02003389,Reading 001,1,Female,4053
E02003389,Reading 001,2,Male,3944
E02003390,Reading 002,1,Female,3927
E02003390,Reading 002,2,Male,3825
E02003391,Reading 003,1,Female,4556
E02003391,Reading 003,2,Male,4032
E02003392,Reading 004,1,Female,4370
E02003392,Reading 004,2,Male,4331
E02003393,Reading 005,1,Female,4232
E02003393,Reading 005,2,Male,3929
E02003394,Reading 006,1,Female,4405
E02003394,Reading 006,2,Male,4252
E02003395,Reading 007,1,Female,5553
E02003395,Reading 007,2,Male,5721
E02003396,Reading 008,1,Female,4803
E02003396,Reading 008,2,Male,5033
E02003397,Reading 009,1,Female,4327
E02003397,Reading 009,2,Male,3897
E02003398,Reading 010,1,Female,5655
E02003398,Reading 010,2,Male,5876
E02003400,Reading 012,1,Female,4547
E02003400,Reading 012,2,Male,4423
E02003401,Reading 013,1,Female,4555
E02003401,Reading 013,2,Male,4615
E02003402,Reading 014,1,Female,5173
E02003402,Reading 014,2,Male,5535
E02003403,Reading 015,1,Female,4870
E02003403,Reading 015,2,Male,4512
E02003404,Reading 016,1,Female,4426
E02003404,Reading 016,2,Male,4215
E02003405,Reading 017,1,Female,6465
E02003405,Reading 017,2,Male,6606
E02003406,Reading 018,1,Female,4114
E02003406,Reading 018,2,Male,4131
E02003407,Slough 001,1,Female,5624
E02003407,Slough 001,2,Male,5286
E02003408,Slough 002,1,Female,5603
E02003408,Slough 002,2,Male,5689
E02003409,Slough 003,1,Female,5354
E02003409,Slough 003,2,Male,5090
E02003410,Slough 004,1,Female,6194
E02003410,Slough 004,2,Male,6050
E02003411,Slough 005,1,Female,6334
E02003411,Slough 005,2,Male,6170
E02003412,Slough 006,1,Female,5252
E02003412,Slough 006,2,Male,5154
E02003414,Slough 008,1,Female,6986
E02003414,Slough 008,2,Male,6768
E02003415,Slough 009,1,Female,6667
E02003415,Slough 009,2,Male,6841
E02003416,Slough 010,1,Female,4971
E02003416,Slough 010,2,Male,4841
E02003417,Slough 011,1,Female,6456
E02003417,Slough 011,2,Male,6350
E02003418,Slough 012,1,Female,5267
E02003418,Slough 012,2,Male,5054
E02003419,Slough 013,1,Female,4603
E02003419,Slough 013,2,Male,4380
E02003420,Slough 014,1,Female,3228
E02003420,Slough 014,2,Male,3190
E02003421,Windsor and Maidenhead 001,1,Female,2966
E02003421,Windsor and Maidenhead 001,2,Male,2707
E02003422,Windsor and Maidenhead 002,1,Female,6046
E02003422,Windsor and Maidenhead 002,2,Male,5803
E02003423,Windsor and Maidenhead 003,1,Female,3381
E02003423,Windsor and Maidenhead 003,2,Male,3205
E02003424,Windsor and Maidenhead 004,1,Female,4747
E02003424,Windsor and Maidenhead 004,2,Male,4564
E02003425,Windsor and Maidenhead 005,1,Female,6554
E02003425,Windsor and Maidenhead 005,2,Male,6512
E02003426,Windsor and Maidenhead 006,1,Female,5144
E02003426,Windsor and Maidenhead 006,2,Male,4659
E02003427,Windsor and Maidenhead 007,1,Female,4144
E02003427,Windsor and Maidenhead 007,2,Male,4040
E02003428,Windsor and Maidenhead 008,1,Female,4652
E02003428,Windsor and Maidenhead 008,2,Male,4511
E02003429,Windsor and Maidenhead 009,1,Female,3914
E02003429,Windsor and Maidenhead 009,2,Male,3828
E02003430,Windsor and Maidenhead 010,1,Female,3057
E02003430,Windsor and Maidenhead 010,2,Male,4465
E02003431,Windsor and Maidenhead 011,1,Female,3596
E02003431,Windsor and Maidenhead 011,2,Male,3410
E02003432,Windsor and Maidenhead 012,1,Female,3681
E02003432,Windsor and Maidenhead 012,2,Male,3415
E02003433,Windsor and Maidenhead 013,1,Female,3345
E02003433,Windsor and Maidenhead 013,2,Male,3126
E02003434,Windsor and Maidenhead 014,1,Female,4760
E02003434,Windsor and Maidenhead 014,2,Male,4431
E02003435,Windsor and Maidenhead 015,1,Female,3669
E02003435,Windsor and Maidenhead 015,2,Male,3473
E02003436,Windsor and Maidenhead 016,1,Female,4534
E02003436,Windsor and Maidenhead 016,2,Male,4503
E02003437,Windsor and Maidenhead 017,1,Female,3842
E02003437,Windsor and Maidenhead 017,2,Male,3577
E02003438,Windsor and Maidenhead 018,1,Female,6045
E02003438,Windsor and Maidenhead 018,2,Male,5188
E02003439,Wokingham 001,1,Female,2840
E02003439,Wokingham 001,2,Male,2687
E02003440,Wokingham 002,1,Female,4674
E02003440,Wokingham 002,2,Male,4599
E02003441,Wokingham 003,1,Female,3883
E02003441,Wokingham 003,2,Male,3788
E02003442,Wokingham 004,1,Female,4329
E02003442,Wokingham 004,2,Male,4160
E02003443,Wokingham 005,1,Female,3556
E02003443,Wokingham 005,2,Male,3431
E02003444,Wokingham 006,1,Female,4676
E02003444,Wokingham 006,2,Male,4700
E02003445,Wokingham 007,1,Female,4455
E02003445,Wokingham 007,2,Male,4319
E02003446,Wokingham 008,1,Female,5047
E02003446,Wokingham 008,2,Male,4758
E02003447,Wokingham 009,1,Female,5526
E02003447,Wokingham 009,2,Male,5187
E02003448,Wokingham 010,1,Female,4125
E02003448,Wokingham 010,2,Male,3995
E02003449,Wokingham 011,1,Female,3736
E02003449,Wokingham 011,2,Male,3752
E02003450,Wokingham 012,1,Female,6595
E02003450,Wokingham 012,2,Male,6597
E02003451,Wokingham 013,1,Female,5178
E02003451,Wokingham 013,2,Male,4540
E02003452,Wokingham 014,1,Female,4846
E02003452,Wokingham 014,2,Male,4648
E02003453,Wokingham 015,1,Female,3559
E02003453,Wokingham 015,2,Male,3421
E02003454,Wokingham 016,1,Female,4530
E02003454,Wokingham 016,2,Male,4223
E02003455,Wokingham 017,1,Female,5428
E02003455,Wokingham 017,2,Male,5216
E02003456,Wokingham 018,1,Female,4208
E02003456,Wokingham 018,2,Male,4062
E02003457,Wokingham 019,1,Female,4966
E02003457,Wokingham 019,2,Male,4836
E02003458,Wokingham 020,1,Female,4121
E02003458,Wokingham 020,2,Male,4302
E02003459,Milton Keynes 001,1,Female,4633
E02003459,Milton Keynes 001,2,Male,4374
E02003460,Milton Keynes 002,1,Female,5950
E02003460,Milton Keynes 002,2,Male,5725
E02003461,Milton Keynes 003,1,Female,3900
E02003461,Milton Keynes 003,2,Male,3578
E02003462,Milton Keynes 004,1,Female,4164
E02003462,Milton Keynes 004,2,Male,3944
E02003463,Milton Keynes 005,1,Female,3447
E02003463,Milton Keynes 005,2,Male,3366
E02003464,Milton Keynes 006,1,Female,3585
E02003464,Milton Keynes 006,2,Male,3481
E02003465,Milton Keynes 007,1,Female,3115
E02003465,Milton Keynes 007,2,Male,2956
E02003466,Milton Keynes 008,1,Female,3877
E02003466,Milton Keynes 008,2,Male,3911
E02003467,Milton Keynes 009,1,Female,3366
E02003467,Milton Keynes 009,2,Male,3222
E02003468,Milton Keynes 010,1,Female,4465
E02003468,Milton Keynes 010,2,Male,4156
E02003469,Milton Keynes 011,1,Female,2883
E02003469,Milton Keynes 011,2,Male,2846
E02003470,Milton Keynes 012,1,Female,3203
E02003470,Milton Keynes 012,2,Male,2991
E02003471,Milton Keynes 013,1,Female,3322
E02003471,Milton Keynes 013,2,Male,3306
E02003472,Milton Keynes 014,1,Female,4671
E02003472,Milton Keynes 014,2,Male,5531
E02003473,Milton Keynes 015,1,Female,2744
E02003473,Milton Keynes 015,2,Male,2864
E02003474,Milton Keynes 016,1,Female,4475
E02003474,Milton Keynes 016,2,Male,4541
E02003476,Milton Keynes 018,1,Female,4325
E02003476,Milton Keynes 018,2,Male,4457
E02003478,Milton Keynes 020,1,Female,3527
E02003478,Milton Keynes 020,2,Male,3311
E02003479,Milton Keynes 021,1,Female,3893
E02003479,Milton Keynes 021,2,Male,3788
E02003480,Milton Keynes 022,1,Female,4119
E02003480,Milton Keynes 022,2,Male,4033
E02003481,Milton Keynes 023,1,Female,4274
E02003481,Milton Keynes 023,2,Male,4099
E02003482,Milton Keynes 024,1,Female,4496
E02003482,Milton Keynes 024,2,Male,4248
E02003483,Milton Keynes 025,1,Female,5690
E02003483,Milton Keynes 025,2,Male,5525
E02003484,Milton Keynes 026,1,Female,3719
E02003484,Milton Keynes 026,2,Male,3434
E02003485,Milton Keynes 027,1,Female,4301
E02003485,Milton Keynes 027,2,Male,3964
E02003486,Milton Keynes 028,1,Female,5219
E02003486,Milton Keynes 028,2,Male,4969
E02003487,Milton Keynes 029,1,Female,3816
E02003487,Milton Keynes 029,2,Male,3572
E02003488,Milton Keynes 030,1,Female,4302
E02003488,Milton Keynes 030,2,Male,4166
E02003489,Milton Keynes 031,1,Female,3930
E02003489,Milton Keynes 031,2,Male,3708
E02003490,Milton Keynes 032,1,Female,5786
E02003490,Milton Keynes 032,2,Male,5416
E02003491,Brighton and Hove 001,1,Female,4014
E02003491,Brighton and Hove 001,2,Male,3776
E02003492,Brighton and Hove 002,1,Female,5391
E02003492,Brighton and Hove 002,2,Male,4724
E02003493,Brighton and Hove 003,1,Female,4173
E02003493,Brighton and Hove 003,2,Male,3889
E02003494,Brighton and Hove 004,1,Female,3451
E02003494,Brighton and Hove 004,2,Male,3189
E02003495,Brighton and Hove 005,1,Female,3785
E02003495,Brighton and Hove 005,2,Male,3370
E02003496,Brighton and Hove 006,1,Female,4001
E02003496,Brighton and Hove 006,2,Male,3750
E02003497,Brighton and Hove 007,1,Female,3841
E02003497,Brighton and Hove 007,2,Male,3740
E02003498,Brighton and Hove 008,1,Female,4398
E02003498,Brighton and Hove 008,2,Male,4149
E02003499,Brighton and Hove 009,1,Female,3994
E02003499,Brighton and Hove 009,2,Male,3855
E02003500,Brighton and Hove 010,1,Female,4198
E02003500,Brighton and Hove 010,2,Male,3874
E02003501,Brighton and Hove 011,1,Female,4260
E02003501,Brighton and Hove 011,2,Male,4125
E02003502,Brighton and Hove 012,1,Female,4003
E02003502,Brighton and Hove 012,2,Male,3777
E02003503,Brighton and Hove 013,1,Female,4716
E02003503,Brighton and Hove 013,2,Male,4364
E02003504,Brighton and Hove 014,1,Female,4342
E02003504,Brighton and Hove 014,2,Male,4214
E02003505,Brighton and Hove 015,1,Female,4614
E02003505,Brighton and Hove 015,2,Male,4353
E02003506,Brighton and Hove 016,1,Female,3668
E02003506,Brighton and Hove 016,2,Male,3495
E02003507,Brighton and Hove 017,1,Female,5059
E02003507,Brighton and Hove 017,2,Male,4714
E02003508,Brighton and Hove 018,1,Female,4515
E02003508,Brighton and Hove 018,2,Male,4190
E02003509,Brighton and Hove 019,1,Female,4566
E02003509,Brighton and Hove 019,2,Male,4324
E02003510,Brighton and Hove 020,1,Female,4435
E02003510,Brighton and Hove 020,2,Male,4216
E02003511,Brighton and Hove 021,1,Female,4534
E02003511,Brighton and Hove 021,2,Male,4112
E02003512,Brighton and Hove 022,1,Female,4766
E02003512,Brighton and Hove 022,2,Male,4189
E02003513,Brighton and Hove 023,1,Female,3442
E02003513,Brighton and Hove 023,2,Male,3046
E02003514,Brighton and Hove 024,1,Female,4115
E02003514,Brighton and Hove 024,2,Male,4351
E02003515,Brighton and Hove 025,1,Female,4731
E02003515,Brighton and Hove 025,2,Male,4358
E02003516,Brighton and Hove 026,1,Female,4151
E02003516,Brighton and Hove 026,2,Male,4029
E02003517,Brighton and Hove 027,1,Female,5154
E02003517,Brighton and Hove 027,2,Male,5584
E02003518,Brighton and Hove 028,1,Female,3920
E02003518,Brighton and Hove 028,2,Male,3656
E02003519,Brighton and Hove 029,1,Female,3948
E02003519,Brighton and Hove 029,2,Male,4290
E02003520,Brighton and Hove 030,1,Female,4441
E02003520,Brighton and Hove 030,2,Male,4730
E02003521,Brighton and Hove 031,1,Female,3796
E02003521,Brighton and Hove 031,2,Male,4282
E02003522,Brighton and Hove 032,1,Female,3851
E02003522,Brighton and Hove 032,2,Male,3956
E02003523,Brighton and Hove 033,1,Female,5268
E02003523,Brighton and Hove 033,2,Male,4890
E02003524,Portsmouth 001,1,Female,4195
E02003524,Portsmouth 001,2,Male,3920
E02003525,Portsmouth 002,1,Female,3407
E02003525,Portsmouth 002,2,Male,3033
E02003526,Portsmouth 003,1,Female,3527
E02003526,Portsmouth 003,2,Male,3304
E02003527,Portsmouth 004,1,Female,3238
E02003527,Portsmouth 004,2,Male,3144
E02003529,Portsmouth 006,1,Female,4348
E02003529,Portsmouth 006,2,Male,3980
E02003530,Portsmouth 007,1,Female,4025
E02003530,Portsmouth 007,2,Male,3840
E02003531,Portsmouth 008,1,Female,3908
E02003531,Portsmouth 008,2,Male,3812
E02003532,Portsmouth 009,1,Female,3972
E02003532,Portsmouth 009,2,Male,3901
E02003533,Portsmouth 010,1,Female,2988
E02003533,Portsmouth 010,2,Male,2797
E02003534,Portsmouth 011,1,Female,4453
E02003534,Portsmouth 011,2,Male,4441
E02003535,Portsmouth 012,1,Female,4864
E02003535,Portsmouth 012,2,Male,4800
E02003536,Portsmouth 013,1,Female,4210
E02003536,Portsmouth 013,2,Male,3802
E02003537,Portsmouth 014,1,Female,5217
E02003537,Portsmouth 014,2,Male,5044
E02003538,Portsmouth 015,1,Female,5127
E02003538,Portsmouth 015,2,Male,5229
E02003540,Portsmouth 017,1,Female,4857
E02003540,Portsmouth 017,2,Male,4577
E02003541,Portsmouth 018,1,Female,5513
E02003541,Portsmouth 018,2,Male,5424
E02003542,Portsmouth 019,1,Female,4335
E02003542,Portsmouth 019,2,Male,4496
E02003543,Portsmouth 020,1,Female,4212
E02003543,Portsmouth 020,2,Male,4573
E02003544,Portsmouth 021,1,Female,3258
E02003544,Portsmouth 021,2,Male,3061
E02003545,Portsmouth 022,1,Female,3252
E02003545,Portsmouth 022,2,Male,3496
E02003546,Portsmouth 023,1,Female,4017
E02003546,Portsmouth 023,2,Male,3910
E02003547,Portsmouth 024,1,Female,3853
E02003547,Portsmouth 024,2,Male,4234
E02003548,Portsmouth 025,1,Female,3043
E02003548,Portsmouth 025,2,Male,3122
E02003549,Southampton 001,1,Female,4216
E02003549,Southampton 001,2,Male,4278
E02003550,Southampton 002,1,Female,4040
E02003550,Southampton 002,2,Male,3847
E02003551,Southampton 003,1,Female,3078
E02003551,Southampton 003,2,Male,3410
E02003552,Southampton 004,1,Female,3144
E02003552,Southampton 004,2,Male,2991
E02003553,Southampton 005,1,Female,3444
E02003553,Southampton 005,2,Male,3831
E02003554,Southampton 006,1,Female,3124
E02003554,Southampton 006,2,Male,2946
E02003555,Southampton 007,1,Female,4429
E02003555,Southampton 007,2,Male,4274
E02003556,Southampton 008,1,Female,2907
E02003556,Southampton 008,2,Male,2844
E02003557,Southampton 009,1,Female,3343
E02003557,Southampton 009,2,Male,3456
E02003558,Southampton 010,1,Female,3725
E02003558,Southampton 010,2,Male,3524
E02003559,Southampton 011,1,Female,4010
E02003559,Southampton 011,2,Male,3827
E02003560,Southampton 012,1,Female,3824
E02003560,Southampton 012,2,Male,3644
E02003561,Southampton 013,1,Female,3871
E02003561,Southampton 013,2,Male,4052
E02003562,Southampton 014,1,Female,4183
E02003562,Southampton 014,2,Male,4135
E02003563,Southampton 015,1,Female,4072
E02003563,Southampton 015,2,Male,3946
E02003564,Southampton 016,1,Female,4241
E02003564,Southampton 016,2,Male,3845
E02003565,Southampton 017,1,Female,3130
E02003565,Southampton 017,2,Male,3629
E02003566,Southampton 018,1,Female,3331
E02003566,Southampton 018,2,Male,3071
E02003567,Southampton 019,1,Female,4068
E02003567,Southampton 019,2,Male,3995
E02003568,Southampton 020,1,Female,3965
E02003568,Southampton 020,2,Male,4301
E02003569,Southampton 021,1,Female,3764
E02003569,Southampton 021,2,Male,4052
E02003570,Southampton 022,1,Female,5375
E02003570,Southampton 022,2,Male,6234
E02003571,Southampton 023,1,Female,4347
E02003571,Southampton 023,2,Male,4619
E02003572,Southampton 024,1,Female,3102
E02003572,Southampton 024,2,Male,3076
E02003573,Southampton 025,1,Female,4130
E02003573,Southampton 025,2,Male,3745
E02003574,Southampton 026,1,Female,3831
E02003574,Southampton 026,2,Male,3829
E02003575,Southampton 027,1,Female,3398
E02003575,Southampton 027,2,Male,3136
E02003576,Southampton 028,1,Female,4115
E02003576,Southampton 028,2,Male,4011
E02003578,Southampton 030,1,Female,3180
E02003578,Southampton 030,2,Male,3157
E02003579,Southampton 031,1,Female,4892
E02003579,Southampton 031,2,Male,4693
E02003580,Southampton 032,1,Female,3182
E02003580,Southampton 032,2,Male,3019
E02003581,Isle of Wight 001,1,Female,4053
E02003581,Isle of Wight 001,2,Male,3747
E02003582,Isle of Wight 002,1,Female,4476
E02003582,Isle of Wight 002,2,Male,4107
E02003583,Isle of Wight 003,1,Female,3962
E02003583,Isle of Wight 003,2,Male,3745
E02003584,Isle of Wight 004,1,Female,3046
E02003584,Isle of Wight 004,2,Male,3081
E02003585,Isle of Wight 005,1,Female,3469
E02003585,Isle of Wight 005,2,Male,3129
E02003586,Isle of Wight 006,1,Female,4042
E02003586,Isle of Wight 006,2,Male,3650
E02003587,Isle of Wight 007,1,Female,4464
E02003587,Isle of Wight 007,2,Male,4109
E02003588,Isle of Wight 008,1,Female,4349
E02003588,Isle of Wight 008,2,Male,4915
E02003589,Isle of Wight 009,1,Female,3785
E02003589,Isle of Wight 009,2,Male,3626
E02003590,Isle of Wight 010,1,Female,3826
E02003590,Isle of Wight 010,2,Male,3499
E02003591,Isle of Wight 011,1,Female,4854
E02003591,Isle of Wight 011,2,Male,4562
E02003592,Isle of Wight 012,1,Female,5091
E02003592,Isle of Wight 012,2,Male,4602
E02003593,Isle of Wight 013,1,Female,2718
E02003593,Isle of Wight 013,2,Male,2540
E02003594,Isle of Wight 014,1,Female,4844
E02003594,Isle of Wight 014,2,Male,4456
E02003595,Isle of Wight 015,1,Female,4160
E02003595,Isle of Wight 015,2,Male,3862
E02003596,Isle of Wight 016,1,Female,4533
E02003596,Isle of Wight 016,2,Male,4179
E02003597,Isle of Wight 017,1,Female,2929
E02003597,Isle of Wight 017,2,Male,2771
E02003598,Isle of Wight 018,1,Female,3766
E02003598,Isle of Wight 018,2,Male,3509
E02003599,Central Bedfordshire 001,1,Female,2892
E02003599,Central Bedfordshire 001,2,Male,2857
E02003600,Central Bedfordshire 002,1,Female,3264
E02003600,Central Bedfordshire 002,2,Male,3164
E02003601,Central Bedfordshire 003,1,Female,4135
E02003601,Central Bedfordshire 003,2,Male,4021
E02003602,Central Bedfordshire 004,1,Female,3372
E02003602,Central Bedfordshire 004,2,Male,3191
E02003603,Central Bedfordshire 005,1,Female,5663
E02003603,Central Bedfordshire 005,2,Male,5651
E02003604,Central Bedfordshire 006,1,Female,5706
E02003604,Central Bedfordshire 006,2,Male,5521
E02003605,Central Bedfordshire 007,1,Female,5088
E02003605,Central Bedfordshire 007,2,Male,5206
E02003606,Central Bedfordshire 008,1,Female,4744
E02003606,Central Bedfordshire 008,2,Male,4581
E02003607,Central Bedfordshire 009,1,Female,5776
E02003607,Central Bedfordshire 009,2,Male,5430
E02003608,Central Bedfordshire 010,1,Female,6226
E02003608,Central Bedfordshire 010,2,Male,5959
E02003609,Central Bedfordshire 011,1,Female,5945
E02003609,Central Bedfordshire 011,2,Male,5901
E02003610,Central Bedfordshire 012,1,Female,4588
E02003610,Central Bedfordshire 012,2,Male,4384
E02003611,Central Bedfordshire 013,1,Female,5047
E02003611,Central Bedfordshire 013,2,Male,4841
E02003612,Central Bedfordshire 014,1,Female,6405
E02003612,Central Bedfordshire 014,2,Male,6015
E02003613,Central Bedfordshire 015,1,Female,2884
E02003613,Central Bedfordshire 015,2,Male,2830
E02003614,Central Bedfordshire 016,1,Female,4086
E02003614,Central Bedfordshire 016,2,Male,4055
E02003615,Central Bedfordshire 017,1,Female,5313
E02003615,Central Bedfordshire 017,2,Male,5193
E02003616,Bedford 001,1,Female,2908
E02003616,Bedford 001,2,Male,2765
E02003617,Bedford 002,1,Female,4596
E02003617,Bedford 002,2,Male,4439
E02003618,Bedford 003,1,Female,4556
E02003618,Bedford 003,2,Male,4201
E02003619,Bedford 004,1,Female,6067
E02003619,Bedford 004,2,Male,5787
E02003620,Bedford 005,1,Female,4150
E02003620,Bedford 005,2,Male,4011
E02003621,Bedford 006,1,Female,4163
E02003621,Bedford 006,2,Male,3898
E02003622,Bedford 007,1,Female,4815
E02003622,Bedford 007,2,Male,4395
E02003623,Bedford 008,1,Female,6518
E02003623,Bedford 008,2,Male,6310
E02003624,Bedford 009,1,Female,2950
E02003624,Bedford 009,2,Male,2985
E02003625,Bedford 010,1,Female,4234
E02003625,Bedford 010,2,Male,4636
E02003626,Bedford 011,1,Female,2847
E02003626,Bedford 011,2,Male,2761
E02003627,Bedford 012,1,Female,5181
E02003627,Bedford 012,2,Male,5466
E02003628,Bedford 013,1,Female,4830
E02003628,Bedford 013,2,Male,4948
E02003629,Bedford 014,1,Female,5499
E02003629,Bedford 014,2,Male,5185
E02003630,Bedford 015,1,Female,5784
E02003630,Bedford 015,2,Male,5587
E02003631,Bedford 016,1,Female,2814
E02003631,Bedford 016,2,Male,2693
E02003632,Bedford 017,1,Female,3165
E02003632,Bedford 017,2,Male,3042
E02003633,Bedford 018,1,Female,5365
E02003633,Bedford 018,2,Male,5197
E02003635,Bedford 020,1,Female,5348
E02003635,Bedford 020,2,Male,4998
E02003636,Central Bedfordshire 018,1,Female,3740
E02003636,Central Bedfordshire 018,2,Male,3542
E02003637,Central Bedfordshire 019,1,Female,5404
E02003637,Central Bedfordshire 019,2,Male,5294
E02003638,Central Bedfordshire 020,1,Female,3843
E02003638,Central Bedfordshire 020,2,Male,3844
E02003639,Central Bedfordshire 021,1,Female,4921
E02003639,Central Bedfordshire 021,2,Male,4663
E02003640,Central Bedfordshire 022,1,Female,3007
E02003640,Central Bedfordshire 022,2,Male,3038
E02003641,Central Bedfordshire 023,1,Female,2709
E02003641,Central Bedfordshire 023,2,Male,2649
E02003642,Central Bedfordshire 025,1,Female,4828
E02003642,Central Bedfordshire 025,2,Male,4778
E02003643,Central Bedfordshire 024,1,Female,6952
E02003643,Central Bedfordshire 024,2,Male,6774
E02003644,Central Bedfordshire 026,1,Female,5149
E02003644,Central Bedfordshire 026,2,Male,4908
E02003645,Central Bedfordshire 027,1,Female,3463
E02003645,Central Bedfordshire 027,2,Male,3520
E02003646,Central Bedfordshire 028,1,Female,5373
E02003646,Central Bedfordshire 028,2,Male,5294
E02003647,Central Bedfordshire 029,1,Female,5325
E02003647,Central Bedfordshire 029,2,Male,5182
E02003648,Central Bedfordshire 030,1,Female,2799
E02003648,Central Bedfordshire 030,2,Male,2722
E02003649,Central Bedfordshire 031,1,Female,3326
E02003649,Central Bedfordshire 031,2,Male,3280
E02003650,Central Bedfordshire 032,1,Female,3537
E02003650,Central Bedfordshire 032,2,Male,3459
E02003651,Central Bedfordshire 033,1,Female,3613
E02003651,Central Bedfordshire 033,2,Male,3380
E02003652,Buckinghamshire 001,1,Female,5360
E02003652,Buckinghamshire 001,2,Male,5196
E02003653,Buckinghamshire 002,1,Female,3487
E02003653,Buckinghamshire 002,2,Male,3265
E02003654,Buckinghamshire 003,1,Female,2963
E02003654,Buckinghamshire 003,2,Male,2825
E02003655,Buckinghamshire 004,1,Female,5272
E02003655,Buckinghamshire 004,2,Male,5090
E02003656,Buckinghamshire 005,1,Female,3447
E02003656,Buckinghamshire 005,2,Male,3193
E02003657,Buckinghamshire 006,1,Female,3808
E02003657,Buckinghamshire 006,2,Male,3660
E02003658,Buckinghamshire 007,1,Female,5129
E02003658,Buckinghamshire 007,2,Male,4879
E02003659,Buckinghamshire 009,1,Female,5040
E02003659,Buckinghamshire 009,2,Male,4748
E02003660,Buckinghamshire 008,1,Female,5484
E02003660,Buckinghamshire 008,2,Male,5318
E02003661,Buckinghamshire 010,1,Female,2742
E02003661,Buckinghamshire 010,2,Male,3150
E02003662,Buckinghamshire 012,1,Female,3137
E02003662,Buckinghamshire 012,2,Male,3077
E02003663,Buckinghamshire 011,1,Female,7229
E02003663,Buckinghamshire 011,2,Male,6879
E02003664,Buckinghamshire 013,1,Female,4129
E02003664,Buckinghamshire 013,2,Male,3992
E02003665,Buckinghamshire 014,1,Female,2995
E02003665,Buckinghamshire 014,2,Male,3188
E02003666,Buckinghamshire 015,1,Female,3786
E02003666,Buckinghamshire 015,2,Male,3812
E02003667,Buckinghamshire 016,1,Female,4747
E02003667,Buckinghamshire 016,2,Male,4644
E02003668,Buckinghamshire 018,1,Female,4486
E02003668,Buckinghamshire 018,2,Male,4282
E02003669,Buckinghamshire 017,1,Female,3674
E02003669,Buckinghamshire 017,2,Male,3742
E02003670,Buckinghamshire 019,1,Female,4681
E02003670,Buckinghamshire 019,2,Male,4480
E02003671,Buckinghamshire 020,1,Female,3055
E02003671,Buckinghamshire 020,2,Male,2910
E02003672,Buckinghamshire 021,1,Female,6397
E02003672,Buckinghamshire 021,2,Male,6063
E02003673,Buckinghamshire 022,1,Female,4904
E02003673,Buckinghamshire 022,2,Male,4545
E02003674,Buckinghamshire 023,1,Female,2887
E02003674,Buckinghamshire 023,2,Male,2671
E02003675,Buckinghamshire 024,1,Female,4687
E02003675,Buckinghamshire 024,2,Male,4966
E02003676,Buckinghamshire 029,1,Female,4138
E02003676,Buckinghamshire 029,2,Male,4008
E02003677,Buckinghamshire 027,1,Female,5335
E02003677,Buckinghamshire 027,2,Male,5073
E02003678,Buckinghamshire 028,1,Female,2939
E02003678,Buckinghamshire 028,2,Male,2882
E02003679,Buckinghamshire 030,1,Female,3564
E02003679,Buckinghamshire 030,2,Male,3304
E02003680,Buckinghamshire 031,1,Female,5032
E02003680,Buckinghamshire 031,2,Male,4793
E02003681,Buckinghamshire 032,1,Female,5383
E02003681,Buckinghamshire 032,2,Male,5181
E02003682,Buckinghamshire 034,1,Female,3877
E02003682,Buckinghamshire 034,2,Male,3696
E02003683,Buckinghamshire 035,1,Female,3751
E02003683,Buckinghamshire 035,2,Male,3413
E02003685,Buckinghamshire 047,1,Female,4155
E02003685,Buckinghamshire 047,2,Male,3851
E02003686,Buckinghamshire 050,1,Female,3941
E02003686,Buckinghamshire 050,2,Male,3618
E02003687,Buckinghamshire 054,1,Female,3051
E02003687,Buckinghamshire 054,2,Male,2768
E02003688,Buckinghamshire 053,1,Female,6375
E02003688,Buckinghamshire 053,2,Male,5860
E02003689,Buckinghamshire 058,1,Female,4759
E02003689,Buckinghamshire 058,2,Male,4502
E02003690,Buckinghamshire 059,1,Female,3917
E02003690,Buckinghamshire 059,2,Male,3557
E02003691,Buckinghamshire 063,1,Female,3766
E02003691,Buckinghamshire 063,2,Male,3528
E02003692,Buckinghamshire 064,1,Female,4625
E02003692,Buckinghamshire 064,2,Male,4264
E02003693,Buckinghamshire 065,1,Female,3704
E02003693,Buckinghamshire 065,2,Male,3513
E02003694,Buckinghamshire 066,1,Female,4416
E02003694,Buckinghamshire 066,2,Male,4027
E02003695,Buckinghamshire 067,1,Female,5487
E02003695,Buckinghamshire 067,2,Male,5320
E02003696,Buckinghamshire 026,1,Female,4505
E02003696,Buckinghamshire 026,2,Male,4042
E02003697,Buckinghamshire 025,1,Female,3233
E02003697,Buckinghamshire 025,2,Male,3077
E02003698,Buckinghamshire 033,1,Female,4165
E02003698,Buckinghamshire 033,2,Male,4105
E02003699,Buckinghamshire 037,1,Female,2984
E02003699,Buckinghamshire 037,2,Male,2868
E02003701,Buckinghamshire 038,1,Female,6242
E02003701,Buckinghamshire 038,2,Male,6060
E02003702,Buckinghamshire 040,1,Female,4090
E02003702,Buckinghamshire 040,2,Male,4098
E02003703,Buckinghamshire 041,1,Female,4459
E02003703,Buckinghamshire 041,2,Male,4506
E02003704,Buckinghamshire 045,1,Female,2938
E02003704,Buckinghamshire 045,2,Male,2873
E02003705,Buckinghamshire 042,1,Female,3551
E02003705,Buckinghamshire 042,2,Male,3556
E02003706,Buckinghamshire 043,1,Female,3465
E02003706,Buckinghamshire 043,2,Male,3303
E02003707,Buckinghamshire 044,1,Female,3402
E02003707,Buckinghamshire 044,2,Male,3348
E02003708,Buckinghamshire 046,1,Female,4793
E02003708,Buckinghamshire 046,2,Male,4982
E02003709,Buckinghamshire 048,1,Female,2966
E02003709,Buckinghamshire 048,2,Male,2795
E02003710,Buckinghamshire 049,1,Female,6742
E02003710,Buckinghamshire 049,2,Male,6178
E02003711,Buckinghamshire 051,1,Female,4946
E02003711,Buckinghamshire 051,2,Male,4800
E02003712,Buckinghamshire 052,1,Female,4235
E02003712,Buckinghamshire 052,2,Male,3900
E02003713,Buckinghamshire 055,1,Female,3065
E02003713,Buckinghamshire 055,2,Male,2834
E02003714,Buckinghamshire 056,1,Female,3467
E02003714,Buckinghamshire 056,2,Male,3283
E02003715,Buckinghamshire 057,1,Female,3324
E02003715,Buckinghamshire 057,2,Male,3247
E02003716,Buckinghamshire 060,1,Female,3064
E02003716,Buckinghamshire 060,2,Male,2866
E02003717,Buckinghamshire 062,1,Female,4798
E02003717,Buckinghamshire 062,2,Male,4313
E02003718,Buckinghamshire 061,1,Female,2942
E02003718,Buckinghamshire 061,2,Male,2720
E02003719,Cambridge 001,1,Female,5044
E02003719,Cambridge 001,2,Male,5269
E02003720,Cambridge 002,1,Female,4878
E02003720,Cambridge 002,2,Male,4842
E02003721,Cambridge 003,1,Female,4826
E02003721,Cambridge 003,2,Male,4890
E02003722,Cambridge 004,1,Female,4311
E02003722,Cambridge 004,2,Male,4174
E02003723,Cambridge 005,1,Female,6175
E02003723,Cambridge 005,2,Male,6806
E02003724,Cambridge 006,1,Female,5122
E02003724,Cambridge 006,2,Male,5220
E02003725,Cambridge 007,1,Female,7957
E02003725,Cambridge 007,2,Male,8289
E02003726,Cambridge 008,1,Female,4155
E02003726,Cambridge 008,2,Male,4075
E02003727,Cambridge 009,1,Female,5010
E02003727,Cambridge 009,2,Male,5179
E02003728,Cambridge 010,1,Female,5411
E02003728,Cambridge 010,2,Male,5413
E02003729,Cambridge 011,1,Female,4705
E02003729,Cambridge 011,2,Male,4638
E02003731,Cambridge 013,1,Female,6085
E02003731,Cambridge 013,2,Male,5842
E02003732,East Cambridgeshire 001,1,Female,4982
E02003732,East Cambridgeshire 001,2,Male,4928
E02003733,East Cambridgeshire 002,1,Female,4285
E02003733,East Cambridgeshire 002,2,Male,4187
E02003734,East Cambridgeshire 003,1,Female,6181
E02003734,East Cambridgeshire 003,2,Male,5779
E02003735,East Cambridgeshire 004,1,Female,4413
E02003735,East Cambridgeshire 004,2,Male,4200
E02003736,East Cambridgeshire 005,1,Female,5216
E02003736,East Cambridgeshire 005,2,Male,5063
E02003737,East Cambridgeshire 006,1,Female,6719
E02003737,East Cambridgeshire 006,2,Male,6523
E02003738,East Cambridgeshire 007,1,Female,3218
E02003738,East Cambridgeshire 007,2,Male,3181
E02003739,East Cambridgeshire 008,1,Female,3257
E02003739,East Cambridgeshire 008,2,Male,3150
E02003740,East Cambridgeshire 009,1,Female,3256
E02003740,East Cambridgeshire 009,2,Male,3024
E02003742,Fenland 001,1,Female,3474
E02003742,Fenland 001,2,Male,3334
E02003743,Fenland 002,1,Female,5683
E02003743,Fenland 002,2,Male,5396
E02003744,Fenland 003,1,Female,7002
E02003744,Fenland 003,2,Male,6716
E02003745,Fenland 004,1,Female,5302
E02003745,Fenland 004,2,Male,5059
E02003746,Fenland 005,1,Female,3771
E02003746,Fenland 005,2,Male,4044
E02003747,Fenland 006,1,Female,6546
E02003747,Fenland 006,2,Male,6134
E02003748,Fenland 007,1,Female,4009
E02003748,Fenland 007,2,Male,3650
E02003749,Fenland 008,1,Female,3113
E02003749,Fenland 008,2,Male,3014
E02003750,Fenland 009,1,Female,3857
E02003750,Fenland 009,2,Male,3631
E02003751,Fenland 010,1,Female,3853
E02003751,Fenland 010,2,Male,3690
E02003752,Fenland 011,1,Female,5655
E02003752,Fenland 011,2,Male,5532
E02003753,Huntingdonshire 001,1,Female,5737
E02003753,Huntingdonshire 001,2,Male,5462
E02003754,Huntingdonshire 002,1,Female,2887
E02003754,Huntingdonshire 002,2,Male,2775
E02003755,Huntingdonshire 003,1,Female,4357
E02003755,Huntingdonshire 003,2,Male,4240
E02003756,Huntingdonshire 004,1,Female,3621
E02003756,Huntingdonshire 004,2,Male,3464
E02003757,Huntingdonshire 005,1,Female,3579
E02003757,Huntingdonshire 005,2,Male,3371
E02003758,Huntingdonshire 006,1,Female,4843
E02003758,Huntingdonshire 006,2,Male,4839
E02003759,Huntingdonshire 007,1,Female,2967
E02003759,Huntingdonshire 007,2,Male,2927
E02003760,Huntingdonshire 008,1,Female,4578
E02003760,Huntingdonshire 008,2,Male,4479
E02003761,Huntingdonshire 009,1,Female,3036
E02003761,Huntingdonshire 009,2,Male,2938
E02003762,Huntingdonshire 010,1,Female,5883
E02003762,Huntingdonshire 010,2,Male,5665
E02003763,Huntingdonshire 011,1,Female,4817
E02003763,Huntingdonshire 011,2,Male,4783
E02003764,Huntingdonshire 012,1,Female,5224
E02003764,Huntingdonshire 012,2,Male,5175
E02003765,Huntingdonshire 013,1,Female,3664
E02003765,Huntingdonshire 013,2,Male,3555
E02003766,Huntingdonshire 014,1,Female,3976
E02003766,Huntingdonshire 014,2,Male,3913
E02003767,Huntingdonshire 015,1,Female,3208
E02003767,Huntingdonshire 015,2,Male,3166
E02003768,Huntingdonshire 016,1,Female,5146
E02003768,Huntingdonshire 016,2,Male,4893
E02003769,Huntingdonshire 017,1,Female,3241
E02003769,Huntingdonshire 017,2,Male,4221
E02003770,Huntingdonshire 018,1,Female,5548
E02003770,Huntingdonshire 018,2,Male,5387
E02003771,Huntingdonshire 019,1,Female,3191
E02003771,Huntingdonshire 019,2,Male,3093
E02003772,Huntingdonshire 020,1,Female,3412
E02003772,Huntingdonshire 020,2,Male,3303
E02003773,Huntingdonshire 021,1,Female,5321
E02003773,Huntingdonshire 021,2,Male,5220
E02003774,Huntingdonshire 022,1,Female,2913
E02003774,Huntingdonshire 022,2,Male,2814
E02003775,South Cambridgeshire 001,1,Female,3686
E02003775,South Cambridgeshire 001,2,Male,3553
E02003776,South Cambridgeshire 002,1,Female,3411
E02003776,South Cambridgeshire 002,2,Male,3368
E02003777,South Cambridgeshire 003,1,Female,5024
E02003777,South Cambridgeshire 003,2,Male,4913
E02003778,South Cambridgeshire 004,1,Female,3311
E02003778,South Cambridgeshire 004,2,Male,3214
E02003780,South Cambridgeshire 006,1,Female,5784
E02003780,South Cambridgeshire 006,2,Male,5644
E02003781,South Cambridgeshire 007,1,Female,3074
E02003781,South Cambridgeshire 007,2,Male,3018
E02003784,South Cambridgeshire 010,1,Female,4584
E02003784,South Cambridgeshire 010,2,Male,4307
E02003785,South Cambridgeshire 011,1,Female,4583
E02003785,South Cambridgeshire 011,2,Male,4369
E02003786,South Cambridgeshire 012,1,Female,3357
E02003786,South Cambridgeshire 012,2,Male,3178
E02003787,South Cambridgeshire 013,1,Female,3938
E02003787,South Cambridgeshire 013,2,Male,3719
E02003788,South Cambridgeshire 014,1,Female,4107
E02003788,South Cambridgeshire 014,2,Male,4014
E02003789,South Cambridgeshire 015,1,Female,3739
E02003789,South Cambridgeshire 015,2,Male,3532
E02003790,South Cambridgeshire 016,1,Female,4791
E02003790,South Cambridgeshire 016,2,Male,4513
E02003791,South Cambridgeshire 017,1,Female,4162
E02003791,South Cambridgeshire 017,2,Male,4106
E02003792,South Cambridgeshire 018,1,Female,5041
E02003792,South Cambridgeshire 018,2,Male,4833
E02003793,South Cambridgeshire 019,1,Female,3667
E02003793,South Cambridgeshire 019,2,Male,3571
E02003794,Cheshire West and Chester 022,1,Female,4449
E02003794,Cheshire West and Chester 022,2,Male,4211
E02003795,Cheshire West and Chester 025,1,Female,3019
E02003795,Cheshire West and Chester 025,2,Male,3341
E02003796,Cheshire West and Chester 027,1,Female,3871
E02003796,Cheshire West and Chester 027,2,Male,3437
E02003797,Cheshire West and Chester 028,1,Female,5086
E02003797,Cheshire West and Chester 028,2,Male,4918
E02003798,Cheshire West and Chester 029,1,Female,3294
E02003798,Cheshire West and Chester 029,2,Male,2949
E02003799,Cheshire West and Chester 031,1,Female,3759
E02003799,Cheshire West and Chester 031,2,Male,3582
E02003800,Cheshire West and Chester 030,1,Female,3709
E02003800,Cheshire West and Chester 030,2,Male,3416
E02003801,Cheshire West and Chester 032,1,Female,3690
E02003801,Cheshire West and Chester 032,2,Male,3427
E02003802,Cheshire West and Chester 033,1,Female,4236
E02003802,Cheshire West and Chester 033,2,Male,4332
E02003803,Cheshire West and Chester 034,1,Female,5312
E02003803,Cheshire West and Chester 034,2,Male,4934
E02003804,Cheshire West and Chester 036,1,Female,3476
E02003804,Cheshire West and Chester 036,2,Male,3439
E02003805,Cheshire West and Chester 039,1,Female,3231
E02003805,Cheshire West and Chester 039,2,Male,3113
E02003806,Cheshire West and Chester 041,1,Female,4321
E02003806,Cheshire West and Chester 041,2,Male,3978
E02003807,Cheshire West and Chester 043,1,Female,4550
E02003807,Cheshire West and Chester 043,2,Male,4266
E02003808,Cheshire West and Chester 044,1,Female,3321
E02003808,Cheshire West and Chester 044,2,Male,3196
E02003809,Cheshire West and Chester 046,1,Female,4218
E02003809,Cheshire West and Chester 046,2,Male,3971
E02003810,Cheshire West and Chester 047,1,Female,5064
E02003810,Cheshire West and Chester 047,2,Male,4710
E02003811,Cheshire East 022,1,Female,3829
E02003811,Cheshire East 022,2,Male,3779
E02003812,Cheshire East 023,1,Female,3487
E02003812,Cheshire East 023,2,Male,3183
E02003813,Cheshire East 024,1,Female,3088
E02003813,Cheshire East 024,2,Male,2961
E02003814,Cheshire East 025,1,Female,4297
E02003814,Cheshire East 025,2,Male,4079
E02003815,Cheshire East 026,1,Female,3883
E02003815,Cheshire East 026,2,Male,3706
E02003816,Cheshire East 027,1,Female,3768
E02003816,Cheshire East 027,2,Male,3748
E02003817,Cheshire East 028,1,Female,3961
E02003817,Cheshire East 028,2,Male,3720
E02003818,Cheshire East 029,1,Female,2840
E02003818,Cheshire East 029,2,Male,2858
E02003819,Cheshire East 030,1,Female,3437
E02003819,Cheshire East 030,2,Male,3130
E02003820,Cheshire East 031,1,Female,4963
E02003820,Cheshire East 031,2,Male,4805
E02003821,Cheshire East 032,1,Female,2855
E02003821,Cheshire East 032,2,Male,2734
E02003822,Cheshire East 033,1,Female,5865
E02003822,Cheshire East 033,2,Male,5676
E02003823,Cheshire East 040,1,Female,3515
E02003823,Cheshire East 040,2,Male,3365
E02003824,Cheshire East 042,1,Female,3378
E02003824,Cheshire East 042,2,Male,3128
E02003825,Cheshire East 034,1,Female,3145
E02003825,Cheshire East 034,2,Male,3187
E02003826,Cheshire East 035,1,Female,4463
E02003826,Cheshire East 035,2,Male,4388
E02003827,Cheshire East 036,1,Female,4760
E02003827,Cheshire East 036,2,Male,4732
E02003828,Cheshire East 037,1,Female,3301
E02003828,Cheshire East 037,2,Male,3258
E02003829,Cheshire East 038,1,Female,2876
E02003829,Cheshire East 038,2,Male,2691
E02003830,Cheshire East 039,1,Female,3968
E02003830,Cheshire East 039,2,Male,4012
E02003831,Cheshire East 041,1,Female,5173
E02003831,Cheshire East 041,2,Male,4975
E02003832,Cheshire East 043,1,Female,2869
E02003832,Cheshire East 043,2,Male,3717
E02003833,Cheshire East 044,1,Female,3259
E02003833,Cheshire East 044,2,Male,3097
E02003834,Cheshire East 045,1,Female,3477
E02003834,Cheshire East 045,2,Male,3589
E02003835,Cheshire East 046,1,Female,4231
E02003835,Cheshire East 046,2,Male,4082
E02003836,Cheshire East 047,1,Female,3662
E02003836,Cheshire East 047,2,Male,3305
E02003838,Cheshire East 048,1,Female,4239
E02003838,Cheshire East 048,2,Male,3983
E02003839,Cheshire East 050,1,Female,3635
E02003839,Cheshire East 050,2,Male,3449
E02003840,Cheshire East 051,1,Female,5502
E02003840,Cheshire East 051,2,Male,5332
E02003841,Cheshire West and Chester 001,1,Female,4108
E02003841,Cheshire West and Chester 001,2,Male,3803
E02003842,Cheshire West and Chester 004,1,Female,2912
E02003842,Cheshire West and Chester 004,2,Male,2714
E02003843,Cheshire West and Chester 005,1,Female,3305
E02003843,Cheshire West and Chester 005,2,Male,3130
E02003844,Cheshire West and Chester 006,1,Female,3440
E02003844,Cheshire West and Chester 006,2,Male,3196
E02003845,Cheshire West and Chester 007,1,Female,5569
E02003845,Cheshire West and Chester 007,2,Male,5448
E02003846,Cheshire West and Chester 008,1,Female,3587
E02003846,Cheshire West and Chester 008,2,Male,3282
E02003847,Cheshire West and Chester 009,1,Female,5002
E02003847,Cheshire West and Chester 009,2,Male,4808
E02003848,Cheshire West and Chester 010,1,Female,2748
E02003848,Cheshire West and Chester 010,2,Male,2551
E02003849,Cheshire West and Chester 011,1,Female,4532
E02003849,Cheshire West and Chester 011,2,Male,4026
E02003850,Cheshire West and Chester 013,1,Female,2600
E02003850,Cheshire West and Chester 013,2,Male,2490
E02003851,Cheshire West and Chester 014,1,Female,2922
E02003851,Cheshire West and Chester 014,2,Male,2875
E02003852,Cheshire West and Chester 016,1,Female,3354
E02003852,Cheshire West and Chester 016,2,Male,3124
E02003853,Cheshire East 001,1,Female,3069
E02003853,Cheshire East 001,2,Male,3076
E02003854,Cheshire East 002,1,Female,3374
E02003854,Cheshire East 002,2,Male,3061
E02003855,Cheshire East 003,1,Female,3378
E02003855,Cheshire East 003,2,Male,3052
E02003856,Cheshire East 004,1,Female,5713
E02003856,Cheshire East 004,2,Male,5739
E02003857,Cheshire East 005,1,Female,3467
E02003857,Cheshire East 005,2,Male,3314
E02003858,Cheshire East 006,1,Female,3501
E02003858,Cheshire East 006,2,Male,3362
E02003859,Cheshire East 007,1,Female,6452
E02003859,Cheshire East 007,2,Male,6095
E02003860,Cheshire East 008,1,Female,3755
E02003860,Cheshire East 008,2,Male,3534
E02003861,Cheshire East 009,1,Female,3336
E02003861,Cheshire East 009,2,Male,3091
E02003862,Cheshire East 011,1,Female,2748
E02003862,Cheshire East 011,2,Male,2518
E02003863,Cheshire East 010,1,Female,3559
E02003863,Cheshire East 010,2,Male,3270
E02003864,Cheshire East 012,1,Female,4507
E02003864,Cheshire East 012,2,Male,4071
E02003865,Cheshire East 013,1,Female,4065
E02003865,Cheshire East 013,2,Male,3878
E02003866,Cheshire East 014,1,Female,3190
E02003866,Cheshire East 014,2,Male,3063
E02003867,Cheshire East 015,1,Female,4043
E02003867,Cheshire East 015,2,Male,3624
E02003868,Cheshire East 016,1,Female,4279
E02003868,Cheshire East 016,2,Male,4142
E02003869,Cheshire East 017,1,Female,3740
E02003869,Cheshire East 017,2,Male,3585
E02003870,Cheshire East 018,1,Female,5202
E02003870,Cheshire East 018,2,Male,5220
E02003871,Cheshire East 019,1,Female,3528
E02003871,Cheshire East 019,2,Male,3337
E02003872,Cheshire East 020,1,Female,5172
E02003872,Cheshire East 020,2,Male,5019
E02003873,Cheshire East 021,1,Female,3232
E02003873,Cheshire East 021,2,Male,2976
E02003874,Cheshire West and Chester 002,1,Female,4757
E02003874,Cheshire West and Chester 002,2,Male,4422
E02003875,Cheshire West and Chester 003,1,Female,3278
E02003875,Cheshire West and Chester 003,2,Male,3169
E02003876,Cheshire West and Chester 012,1,Female,2880
E02003876,Cheshire West and Chester 012,2,Male,2823
E02003877,Cheshire West and Chester 015,1,Female,4965
E02003877,Cheshire West and Chester 015,2,Male,4634
E02003878,Cheshire West and Chester 017,1,Female,4732
E02003878,Cheshire West and Chester 017,2,Male,4529
E02003879,Cheshire West and Chester 018,1,Female,4622
E02003879,Cheshire West and Chester 018,2,Male,4537
E02003880,Cheshire West and Chester 019,1,Female,3362
E02003880,Cheshire West and Chester 019,2,Male,3220
E02003881,Cheshire West and Chester 020,1,Female,2904
E02003881,Cheshire West and Chester 020,2,Male,2941
E02003882,Cheshire West and Chester 021,1,Female,4804
E02003882,Cheshire West and Chester 021,2,Male,4670
E02003883,Cheshire West and Chester 023,1,Female,5679
E02003883,Cheshire West and Chester 023,2,Male,5516
E02003884,Cheshire West and Chester 024,1,Female,4522
E02003884,Cheshire West and Chester 024,2,Male,4407
E02003885,Cheshire West and Chester 026,1,Female,3297
E02003885,Cheshire West and Chester 026,2,Male,3152
E02003886,Cheshire West and Chester 035,1,Female,3329
E02003886,Cheshire West and Chester 035,2,Male,3230
E02003887,Cheshire West and Chester 037,1,Female,3485
E02003887,Cheshire West and Chester 037,2,Male,3446
E02003888,Cheshire West and Chester 038,1,Female,3273
E02003888,Cheshire West and Chester 038,2,Male,3214
E02003889,Cheshire West and Chester 040,1,Female,3386
E02003889,Cheshire West and Chester 040,2,Male,3130
E02003890,Cheshire West and Chester 042,1,Female,3600
E02003890,Cheshire West and Chester 042,2,Male,3458
E02003891,Cheshire West and Chester 045,1,Female,3282
E02003891,Cheshire West and Chester 045,2,Male,3152
E02003892,Cornwall 010,1,Female,3396
E02003892,Cornwall 010,2,Male,3252
E02003893,Cornwall 012,1,Female,3352
E02003893,Cornwall 012,2,Male,3255
E02003894,Cornwall 013,1,Female,4207
E02003894,Cornwall 013,2,Male,4060
E02003895,Cornwall 016,1,Female,4899
E02003895,Cornwall 016,2,Male,4619
E02003896,Cornwall 017,1,Female,3058
E02003896,Cornwall 017,2,Male,2883
E02003897,Cornwall 022,1,Female,2752
E02003897,Cornwall 022,2,Male,2635
E02003898,Cornwall 023,1,Female,3480
E02003898,Cornwall 023,2,Male,3243
E02003899,Cornwall 025,1,Female,2739
E02003899,Cornwall 025,2,Male,2542
E02003900,Cornwall 026,1,Female,3687
E02003900,Cornwall 026,2,Male,3407
E02003901,Cornwall 028,1,Female,4248
E02003901,Cornwall 028,2,Male,4037
E02003902,Cornwall 029,1,Female,2746
E02003902,Cornwall 029,2,Male,2537
E02003903,Cornwall 034,1,Female,3190
E02003903,Cornwall 034,2,Male,3002
E02003904,Cornwall 037,1,Female,2512
E02003904,Cornwall 037,2,Male,2493
E02003905,Cornwall 032,1,Female,3670
E02003905,Cornwall 032,2,Male,3487
E02003906,Cornwall 033,1,Female,3272
E02003906,Cornwall 033,2,Male,3130
E02003907,Cornwall 040,1,Female,4415
E02003907,Cornwall 040,2,Male,4054
E02003908,Cornwall 042,1,Female,4426
E02003908,Cornwall 042,2,Male,4031
E02003909,Cornwall 043,1,Female,5672
E02003909,Cornwall 043,2,Male,5065
E02003910,Cornwall 044,1,Female,3787
E02003910,Cornwall 044,2,Male,3181
E02003911,Cornwall 047,1,Female,4685
E02003911,Cornwall 047,2,Male,4433
E02003912,Cornwall 048,1,Female,4226
E02003912,Cornwall 048,2,Male,3950
E02003913,Cornwall 056,1,Female,3076
E02003913,Cornwall 056,2,Male,2862
E02003914,Cornwall 060,1,Female,4323
E02003914,Cornwall 060,2,Male,4153
E02003915,Cornwall 062,1,Female,4380
E02003915,Cornwall 062,2,Male,3906
E02003916,Cornwall 063,1,Female,3861
E02003916,Cornwall 063,2,Male,3203
E02003917,Cornwall 064,1,Female,4348
E02003917,Cornwall 064,2,Male,3999
E02003918,Cornwall 045,1,Female,3744
E02003918,Cornwall 045,2,Male,3472
E02003919,Cornwall 046,1,Female,3835
E02003919,Cornwall 046,2,Male,3536
E02003920,Cornwall 049,1,Female,4146
E02003920,Cornwall 049,2,Male,4114
E02003921,Cornwall 050,1,Female,3287
E02003921,Cornwall 050,2,Male,2999
E02003922,Cornwall 051,1,Female,4493
E02003922,Cornwall 051,2,Male,4545
E02003923,Cornwall 052,1,Female,4756
E02003923,Cornwall 052,2,Male,4768
E02003924,Cornwall 053,1,Female,3800
E02003924,Cornwall 053,2,Male,3566
E02003925,Cornwall 055,1,Female,3650
E02003925,Cornwall 055,2,Male,3623
E02003926,Cornwall 059,1,Female,4240
E02003926,Cornwall 059,2,Male,4092
E02003927,Cornwall 066,1,Female,5553
E02003927,Cornwall 066,2,Male,5190
E02003928,Cornwall 071,1,Female,6338
E02003928,Cornwall 071,2,Male,5834
E02003929,Cornwall 072,1,Female,3529
E02003929,Cornwall 072,2,Male,3374
E02003930,Cornwall 073,1,Female,4550
E02003930,Cornwall 073,2,Male,4358
E02003931,Cornwall 001,1,Female,5556
E02003931,Cornwall 001,2,Male,5040
E02003932,Cornwall 002,1,Female,3822
E02003932,Cornwall 002,2,Male,3683
E02003933,Cornwall 003,1,Female,3612
E02003933,Cornwall 003,2,Male,3391
E02003934,Cornwall 004,1,Female,3685
E02003934,Cornwall 004,2,Male,3514
E02003935,Cornwall 005,1,Female,5265
E02003935,Cornwall 005,2,Male,4982
E02003936,Cornwall 006,1,Female,4212
E02003936,Cornwall 006,2,Male,4117
E02003937,Cornwall 007,1,Female,2692
E02003937,Cornwall 007,2,Male,2582
E02003938,Cornwall 008,1,Female,3407
E02003938,Cornwall 008,2,Male,3369
E02003939,Cornwall 009,1,Female,3636
E02003939,Cornwall 009,2,Male,3173
E02003940,Cornwall 011,1,Female,3275
E02003940,Cornwall 011,2,Male,3101
E02003941,Cornwall 014,1,Female,4491
E02003941,Cornwall 014,2,Male,4430
E02003942,Cornwall 015,1,Female,4047
E02003942,Cornwall 015,2,Male,3940
E02003943,Cornwall 054,1,Female,3653
E02003943,Cornwall 054,2,Male,3229
E02003944,Cornwall 057,1,Female,5400
E02003944,Cornwall 057,2,Male,4898
E02003945,Cornwall 058,1,Female,3054
E02003945,Cornwall 058,2,Male,2845
E02003946,Cornwall 061,1,Female,4842
E02003946,Cornwall 061,2,Male,4628
E02003947,Cornwall 065,1,Female,3408
E02003947,Cornwall 065,2,Male,3125
E02003948,Cornwall 067,1,Female,4269
E02003948,Cornwall 067,2,Male,4090
E02003949,Cornwall 068,1,Female,3387
E02003949,Cornwall 068,2,Male,3175
E02003950,Cornwall 069,1,Female,2825
E02003950,Cornwall 069,2,Male,2571
E02003951,Cornwall 070,1,Female,3068
E02003951,Cornwall 070,2,Male,2745
E02003952,Cornwall 018,1,Female,4977
E02003952,Cornwall 018,2,Male,4758
E02003953,Cornwall 019,1,Female,5536
E02003953,Cornwall 019,2,Male,5292
E02003954,Cornwall 020,1,Female,3839
E02003954,Cornwall 020,2,Male,3793
E02003955,Cornwall 021,1,Female,5193
E02003955,Cornwall 021,2,Male,4884
E02003956,Cornwall 024,1,Female,3924
E02003956,Cornwall 024,2,Male,3822
E02003957,Cornwall 027,1,Female,5609
E02003957,Cornwall 027,2,Male,5489
E02003958,Cornwall 030,1,Female,4145
E02003958,Cornwall 030,2,Male,4057
E02003959,Cornwall 031,1,Female,3640
E02003959,Cornwall 031,2,Male,3292
E02003960,Cornwall 035,1,Female,3001
E02003960,Cornwall 035,2,Male,2686
E02003961,Cornwall 036,1,Female,4931
E02003961,Cornwall 036,2,Male,4672
E02003962,Cornwall 038,1,Female,3679
E02003962,Cornwall 038,2,Male,3580
E02003963,Cornwall 039,1,Female,5157
E02003963,Cornwall 039,2,Male,4883
E02003964,Cornwall 041,1,Female,4120
E02003964,Cornwall 041,2,Male,3895
E02003965,Allerdale 001,1,Female,5696
E02003965,Allerdale 001,2,Male,5283
E02003966,Allerdale 002,1,Female,3538
E02003966,Allerdale 002,2,Male,3462
E02003967,Allerdale 003,1,Female,4086
E02003967,Allerdale 003,2,Male,4022
E02003968,Allerdale 004,1,Female,4474
E02003968,Allerdale 004,2,Male,4351
E02003969,Allerdale 005,1,Female,3424
E02003969,Allerdale 005,2,Male,3125
E02003970,Allerdale 006,1,Female,4218
E02003970,Allerdale 006,2,Male,3979
E02003971,Allerdale 007,1,Female,3940
E02003971,Allerdale 007,2,Male,3792
E02003972,Allerdale 008,1,Female,4488
E02003972,Allerdale 008,2,Male,4481
E02003973,Allerdale 009,1,Female,4358
E02003973,Allerdale 009,2,Male,4253
E02003974,Allerdale 010,1,Female,3957
E02003974,Allerdale 010,2,Male,3711
E02003975,Allerdale 011,1,Female,3664
E02003975,Allerdale 011,2,Male,3573
E02003976,Allerdale 012,1,Female,3218
E02003976,Allerdale 012,2,Male,3061
E02003977,Barrow-in-Furness 001,1,Female,3087
E02003977,Barrow-in-Furness 001,2,Male,3096
E02003978,Barrow-in-Furness 002,1,Female,2917
E02003978,Barrow-in-Furness 002,2,Male,2814
E02003979,Barrow-in-Furness 003,1,Female,4012
E02003979,Barrow-in-Furness 003,2,Male,3757
E02003980,Barrow-in-Furness 004,1,Female,3422
E02003980,Barrow-in-Furness 004,2,Male,3333
E02003981,Barrow-in-Furness 005,1,Female,3242
E02003981,Barrow-in-Furness 005,2,Male,3228
E02003982,Barrow-in-Furness 006,1,Female,4110
E02003982,Barrow-in-Furness 006,2,Male,3993
E02003983,Barrow-in-Furness 007,1,Female,3693
E02003983,Barrow-in-Furness 007,2,Male,3566
E02003984,Barrow-in-Furness 008,1,Female,3146
E02003984,Barrow-in-Furness 008,2,Male,3262
E02003985,Barrow-in-Furness 009,1,Female,3362
E02003985,Barrow-in-Furness 009,2,Male,3323
E02003986,Barrow-in-Furness 010,1,Female,2989
E02003986,Barrow-in-Furness 010,2,Male,3058
E02003987,Carlisle 001,1,Female,2974
E02003987,Carlisle 001,2,Male,3034
E02003988,Carlisle 002,1,Female,3306
E02003988,Carlisle 002,2,Male,3179
E02003989,Carlisle 003,1,Female,3854
E02003989,Carlisle 003,2,Male,3635
E02003990,Carlisle 004,1,Female,5664
E02003990,Carlisle 004,2,Male,5333
E02003991,Carlisle 005,1,Female,3879
E02003991,Carlisle 005,2,Male,3680
E02003992,Carlisle 006,1,Female,3963
E02003992,Carlisle 006,2,Male,4060
E02003993,Carlisle 007,1,Female,4487
E02003993,Carlisle 007,2,Male,4316
E02003994,Carlisle 008,1,Female,3678
E02003994,Carlisle 008,2,Male,3535
E02003995,Carlisle 009,1,Female,5288
E02003995,Carlisle 009,2,Male,4876
E02003996,Carlisle 010,1,Female,4652
E02003996,Carlisle 010,2,Male,4682
E02003997,Carlisle 011,1,Female,4920
E02003997,Carlisle 011,2,Male,4607
E02003998,Carlisle 012,1,Female,3383
E02003998,Carlisle 012,2,Male,3161
E02003999,Carlisle 013,1,Female,6097
E02003999,Carlisle 013,2,Male,5781
E02004000,Copeland 001,1,Female,2605
E02004000,Copeland 001,2,Male,2585
E02004001,Copeland 002,1,Female,2489
E02004001,Copeland 002,2,Male,2697
E02004002,Copeland 003,1,Female,4789
E02004002,Copeland 003,2,Male,4721
E02004003,Copeland 004,1,Female,5861
E02004003,Copeland 004,2,Male,5718
E02004004,Copeland 005,1,Female,5021
E02004004,Copeland 005,2,Male,4802
E02004005,Copeland 006,1,Female,3902
E02004005,Copeland 006,2,Male,3761
E02004006,Copeland 007,1,Female,4166
E02004006,Copeland 007,2,Male,4206
E02004007,Copeland 008,1,Female,4796
E02004007,Copeland 008,2,Male,4957
E02004008,Eden 001,1,Female,3240
E02004008,Eden 001,2,Male,3197
E02004009,Eden 002,1,Female,3111
E02004009,Eden 002,2,Male,3141
E02004010,Eden 003,1,Female,3919
E02004010,Eden 003,2,Male,3811
E02004011,Eden 004,1,Female,5552
E02004011,Eden 004,2,Male,5325
E02004012,Eden 005,1,Female,2767
E02004012,Eden 005,2,Male,2732
E02004013,Eden 006,1,Female,5169
E02004013,Eden 006,2,Male,5049
E02004014,Eden 007,1,Female,3836
E02004014,Eden 007,2,Male,3886
E02004015,South Lakeland 001,1,Female,3083
E02004015,South Lakeland 001,2,Male,3044
E02004016,South Lakeland 002,1,Female,4103
E02004016,South Lakeland 002,2,Male,3916
E02004017,South Lakeland 003,1,Female,4581
E02004017,South Lakeland 003,2,Male,4297
E02004018,South Lakeland 004,1,Female,4224
E02004018,South Lakeland 004,2,Male,4096
E02004019,South Lakeland 005,1,Female,3913
E02004019,South Lakeland 005,2,Male,3736
E02004020,South Lakeland 006,1,Female,4568
E02004020,South Lakeland 006,2,Male,4366
E02004021,South Lakeland 007,1,Female,2648
E02004021,South Lakeland 007,2,Male,2621
E02004022,South Lakeland 008,1,Female,2726
E02004022,South Lakeland 008,2,Male,2826
E02004023,South Lakeland 009,1,Female,3179
E02004023,South Lakeland 009,2,Male,3150
E02004024,South Lakeland 010,1,Female,3816
E02004024,South Lakeland 010,2,Male,3620
E02004025,South Lakeland 011,1,Female,4158
E02004025,South Lakeland 011,2,Male,3812
E02004026,South Lakeland 012,1,Female,4078
E02004026,South Lakeland 012,2,Male,4029
E02004027,South Lakeland 013,1,Female,4166
E02004027,South Lakeland 013,2,Male,3776
E02004028,South Lakeland 014,1,Female,4055
E02004028,South Lakeland 014,2,Male,3862
E02004029,Amber Valley 001,1,Female,3667
E02004029,Amber Valley 001,2,Male,3678
E02004030,Amber Valley 002,1,Female,3096
E02004030,Amber Valley 002,2,Male,2938
E02004031,Amber Valley 003,1,Female,3799
E02004031,Amber Valley 003,2,Male,3676
E02004032,Amber Valley 004,1,Female,4306
E02004032,Amber Valley 004,2,Male,4135
E02004033,Amber Valley 005,1,Female,4509
E02004033,Amber Valley 005,2,Male,4416
E02004034,Amber Valley 006,1,Female,3498
E02004034,Amber Valley 006,2,Male,3328
E02004035,Amber Valley 007,1,Female,3235
E02004035,Amber Valley 007,2,Male,3179
E02004036,Amber Valley 008,1,Female,5271
E02004036,Amber Valley 008,2,Male,5037
E02004037,Amber Valley 009,1,Female,4042
E02004037,Amber Valley 009,2,Male,3835
E02004038,Amber Valley 010,1,Female,3843
E02004038,Amber Valley 010,2,Male,3680
E02004039,Amber Valley 011,1,Female,3961
E02004039,Amber Valley 011,2,Male,3781
E02004040,Amber Valley 012,1,Female,4767
E02004040,Amber Valley 012,2,Male,4715
E02004041,Amber Valley 013,1,Female,3725
E02004041,Amber Valley 013,2,Male,3640
E02004043,Amber Valley 015,1,Female,3773
E02004043,Amber Valley 015,2,Male,3551
E02004044,Amber Valley 016,1,Female,4704
E02004044,Amber Valley 016,2,Male,4415
E02004045,Bolsover 001,1,Female,4950
E02004045,Bolsover 001,2,Male,4802
E02004046,Bolsover 002,1,Female,3181
E02004046,Bolsover 002,2,Male,3005
E02004047,Bolsover 003,1,Female,3087
E02004047,Bolsover 003,2,Male,3078
E02004048,Bolsover 004,1,Female,3588
E02004048,Bolsover 004,2,Male,3457
E02004049,Bolsover 005,1,Female,4018
E02004049,Bolsover 005,2,Male,3881
E02004050,Bolsover 006,1,Female,4039
E02004050,Bolsover 006,2,Male,3764
E02004051,Bolsover 007,1,Female,4912
E02004051,Bolsover 007,2,Male,4767
E02004052,Bolsover 008,1,Female,4454
E02004052,Bolsover 008,2,Male,4294
E02004053,Bolsover 009,1,Female,3870
E02004053,Bolsover 009,2,Male,3972
E02004054,Bolsover 010,1,Female,4594
E02004054,Bolsover 010,2,Male,4560
E02004055,Chesterfield 001,1,Female,3488
E02004055,Chesterfield 001,2,Male,3427
E02004056,Chesterfield 002,1,Female,4145
E02004056,Chesterfield 002,2,Male,3901
E02004057,Chesterfield 003,1,Female,3874
E02004057,Chesterfield 003,2,Male,3886
E02004058,Chesterfield 004,1,Female,4076
E02004058,Chesterfield 004,2,Male,3928
E02004059,Chesterfield 005,1,Female,3667
E02004059,Chesterfield 005,2,Male,3542
E02004060,Chesterfield 006,1,Female,3821
E02004060,Chesterfield 006,2,Male,3691
E02004061,Chesterfield 007,1,Female,3743
E02004061,Chesterfield 007,2,Male,3646
E02004062,Chesterfield 008,1,Female,3864
E02004062,Chesterfield 008,2,Male,3720
E02004063,Chesterfield 009,1,Female,3997
E02004063,Chesterfield 009,2,Male,3742
E02004064,Chesterfield 010,1,Female,4768
E02004064,Chesterfield 010,2,Male,4815
E02004065,Chesterfield 011,1,Female,4202
E02004065,Chesterfield 011,2,Male,3905
E02004066,Chesterfield 012,1,Female,5830
E02004066,Chesterfield 012,2,Male,5590
E02004067,Chesterfield 013,1,Female,3205
E02004067,Chesterfield 013,2,Male,3095
E02004068,Derbyshire Dales 001,1,Female,3736
E02004068,Derbyshire Dales 001,2,Male,3524
E02004069,Derbyshire Dales 002,1,Female,3300
E02004069,Derbyshire Dales 002,2,Male,3016
E02004072,Derbyshire Dales 005,1,Female,4860
E02004072,Derbyshire Dales 005,2,Male,4531
E02004073,Derbyshire Dales 006,1,Female,4483
E02004073,Derbyshire Dales 006,2,Male,4320
E02004074,Derbyshire Dales 007,1,Female,3008
E02004074,Derbyshire Dales 007,2,Male,2787
E02004075,Derbyshire Dales 008,1,Female,3586
E02004075,Derbyshire Dales 008,2,Male,3545
E02004076,Derbyshire Dales 009,1,Female,3900
E02004076,Derbyshire Dales 009,2,Male,3628
E02004077,Derbyshire Dales 010,1,Female,3928
E02004077,Derbyshire Dales 010,2,Male,4336
E02004078,Erewash 001,1,Female,3584
E02004078,Erewash 001,2,Male,3443
E02004080,Erewash 003,1,Female,4861
E02004080,Erewash 003,2,Male,4876
E02004081,Erewash 004,1,Female,2972
E02004081,Erewash 004,2,Male,2836
E02004082,Erewash 005,1,Female,3087
E02004082,Erewash 005,2,Male,2983
E02004083,Erewash 006,1,Female,4182
E02004083,Erewash 006,2,Male,4059
E02004084,Erewash 007,1,Female,3054
E02004084,Erewash 007,2,Male,2913
E02004085,Erewash 008,1,Female,4583
E02004085,Erewash 008,2,Male,4321
E02004086,Erewash 009,1,Female,3716
E02004086,Erewash 009,2,Male,3454
E02004087,Erewash 010,1,Female,3963
E02004087,Erewash 010,2,Male,3801
E02004088,Erewash 011,1,Female,3860
E02004088,Erewash 011,2,Male,3761
E02004089,Erewash 012,1,Female,3454
E02004089,Erewash 012,2,Male,3397
E02004090,Erewash 013,1,Female,3039
E02004090,Erewash 013,2,Male,2907
E02004091,Erewash 014,1,Female,4706
E02004091,Erewash 014,2,Male,4605
E02004092,Erewash 015,1,Female,4763
E02004092,Erewash 015,2,Male,4625
E02004093,High Peak 001,1,Female,3272
E02004093,High Peak 001,2,Male,3096
E02004094,High Peak 002,1,Female,3644
E02004094,High Peak 002,2,Male,3384
E02004095,High Peak 003,1,Female,5149
E02004095,High Peak 003,2,Male,5004
E02004096,High Peak 004,1,Female,5015
E02004096,High Peak 004,2,Male,4774
E02004097,High Peak 005,1,Female,3756
E02004097,High Peak 005,2,Male,3719
E02004098,High Peak 006,1,Female,3715
E02004098,High Peak 006,2,Male,3636
E02004100,High Peak 008,1,Female,4160
E02004100,High Peak 008,2,Male,3997
E02004102,High Peak 010,1,Female,3822
E02004102,High Peak 010,2,Male,3784
E02004103,High Peak 011,1,Female,3539
E02004103,High Peak 011,2,Male,3334
E02004104,High Peak 012,1,Female,3659
E02004104,High Peak 012,2,Male,3581
E02004105,North East Derbyshire 001,1,Female,4729
E02004105,North East Derbyshire 001,2,Male,4530
E02004106,North East Derbyshire 002,1,Female,3496
E02004106,North East Derbyshire 002,2,Male,3266
E02004108,North East Derbyshire 004,1,Female,3863
E02004108,North East Derbyshire 004,2,Male,3689
E02004109,North East Derbyshire 005,1,Female,3490
E02004109,North East Derbyshire 005,2,Male,3300
E02004110,North East Derbyshire 006,1,Female,3791
E02004110,North East Derbyshire 006,2,Male,3587
E02004111,North East Derbyshire 007,1,Female,2803
E02004111,North East Derbyshire 007,2,Male,2747
E02004112,North East Derbyshire 008,1,Female,3254
E02004112,North East Derbyshire 008,2,Male,3017
E02004113,North East Derbyshire 009,1,Female,5146
E02004113,North East Derbyshire 009,2,Male,5073
E02004114,North East Derbyshire 010,1,Female,4305
E02004114,North East Derbyshire 010,2,Male,4166
E02004115,North East Derbyshire 011,1,Female,4490
E02004115,North East Derbyshire 011,2,Male,4319
E02004116,North East Derbyshire 012,1,Female,4384
E02004116,North East Derbyshire 012,2,Male,4162
E02004117,North East Derbyshire 013,1,Female,4184
E02004117,North East Derbyshire 013,2,Male,3897
E02004118,South Derbyshire 001,1,Female,4034
E02004118,South Derbyshire 001,2,Male,3680
E02004119,South Derbyshire 002,1,Female,6044
E02004119,South Derbyshire 002,2,Male,5851
E02004120,South Derbyshire 003,1,Female,5582
E02004120,South Derbyshire 003,2,Male,5357
E02004121,South Derbyshire 004,1,Female,4750
E02004121,South Derbyshire 004,2,Male,4538
E02004122,South Derbyshire 005,1,Female,3509
E02004122,South Derbyshire 005,2,Male,3407
E02004123,South Derbyshire 006,1,Female,3505
E02004123,South Derbyshire 006,2,Male,3264
E02004124,South Derbyshire 007,1,Female,3878
E02004124,South Derbyshire 007,2,Male,3682
E02004125,South Derbyshire 008,1,Female,4390
E02004125,South Derbyshire 008,2,Male,4299
E02004126,South Derbyshire 009,1,Female,3778
E02004126,South Derbyshire 009,2,Male,3671
E02004128,South Derbyshire 011,1,Female,5828
E02004128,South Derbyshire 011,2,Male,5645
E02004129,East Devon 001,1,Female,3037
E02004129,East Devon 001,2,Male,3044
E02004130,East Devon 002,1,Female,3268
E02004130,East Devon 002,2,Male,2903
E02004131,East Devon 003,1,Female,2864
E02004131,East Devon 003,2,Male,2627
E02004132,East Devon 004,1,Female,4542
E02004132,East Devon 004,2,Male,4352
E02004133,East Devon 005,1,Female,5101
E02004133,East Devon 005,2,Male,4712
E02004135,East Devon 007,1,Female,4379
E02004135,East Devon 007,2,Male,3981
E02004136,East Devon 008,1,Female,4976
E02004136,East Devon 008,2,Male,4519
E02004137,East Devon 009,1,Female,2733
E02004137,East Devon 009,2,Male,2593
E02004138,East Devon 010,1,Female,4101
E02004138,East Devon 010,2,Male,3587
E02004139,East Devon 011,1,Female,3689
E02004139,East Devon 011,2,Male,3315
E02004140,East Devon 012,1,Female,2892
E02004140,East Devon 012,2,Male,2380
E02004141,East Devon 013,1,Female,3253
E02004141,East Devon 013,2,Male,3006
E02004142,East Devon 014,1,Female,2876
E02004142,East Devon 014,2,Male,3514
E02004143,East Devon 015,1,Female,3340
E02004143,East Devon 015,2,Male,3004
E02004144,East Devon 016,1,Female,3595
E02004144,East Devon 016,2,Male,3269
E02004145,East Devon 017,1,Female,3270
E02004145,East Devon 017,2,Male,2836
E02004146,East Devon 018,1,Female,3913
E02004146,East Devon 018,2,Male,3628
E02004147,East Devon 019,1,Female,3566
E02004147,East Devon 019,2,Male,3408
E02004148,East Devon 020,1,Female,4188
E02004148,East Devon 020,2,Male,3588
E02004149,Exeter 001,1,Female,5744
E02004149,Exeter 001,2,Male,5321
E02004150,Exeter 002,1,Female,3597
E02004150,Exeter 002,2,Male,3499
E02004151,Exeter 003,1,Female,5165
E02004151,Exeter 003,2,Male,4907
E02004152,Exeter 004,1,Female,4987
E02004152,Exeter 004,2,Male,4746
E02004153,Exeter 005,1,Female,3777
E02004153,Exeter 005,2,Male,3710
E02004154,Exeter 006,1,Female,4267
E02004154,Exeter 006,2,Male,4028
E02004155,Exeter 007,1,Female,3868
E02004155,Exeter 007,2,Male,3591
E02004156,Exeter 008,1,Female,5868
E02004156,Exeter 008,2,Male,5756
E02004157,Exeter 009,1,Female,3306
E02004157,Exeter 009,2,Male,3041
E02004158,Exeter 010,1,Female,4043
E02004158,Exeter 010,2,Male,4021
E02004159,Exeter 011,1,Female,6481
E02004159,Exeter 011,2,Male,6288
E02004160,Exeter 012,1,Female,3695
E02004160,Exeter 012,2,Male,3518
E02004161,Exeter 013,1,Female,4321
E02004161,Exeter 013,2,Male,3976
E02004162,Exeter 014,1,Female,3564
E02004162,Exeter 014,2,Male,3373
E02004163,Exeter 015,1,Female,4361
E02004163,Exeter 015,2,Male,3893
E02004164,Mid Devon 001,1,Female,3500
E02004164,Mid Devon 001,2,Male,3303
E02004165,Mid Devon 002,1,Female,4584
E02004165,Mid Devon 002,2,Male,4292
E02004166,Mid Devon 003,1,Female,3490
E02004166,Mid Devon 003,2,Male,3290
E02004167,Mid Devon 004,1,Female,3675
E02004167,Mid Devon 004,2,Male,3489
E02004168,Mid Devon 005,1,Female,3177
E02004168,Mid Devon 005,2,Male,3075
E02004169,Mid Devon 006,1,Female,3833
E02004169,Mid Devon 006,2,Male,3747
E02004170,Mid Devon 007,1,Female,4485
E02004170,Mid Devon 007,2,Male,4323
E02004171,Mid Devon 008,1,Female,4358
E02004171,Mid Devon 008,2,Male,4161
E02004172,Mid Devon 009,1,Female,3291
E02004172,Mid Devon 009,2,Male,3209
E02004173,Mid Devon 010,1,Female,3800
E02004173,Mid Devon 010,2,Male,3692
E02004174,Mid Devon 011,1,Female,4196
E02004174,Mid Devon 011,2,Male,3881
E02004175,North Devon 001,1,Female,2612
E02004175,North Devon 001,2,Male,2534
E02004176,North Devon 002,1,Female,2837
E02004176,North Devon 002,2,Male,2729
E02004177,North Devon 003,1,Female,3022
E02004177,North Devon 003,2,Male,2869
E02004178,North Devon 004,1,Female,2670
E02004178,North Devon 004,2,Male,2585
E02004179,North Devon 005,1,Female,4639
E02004179,North Devon 005,2,Male,4566
E02004180,North Devon 006,1,Female,3305
E02004180,North Devon 006,2,Male,3209
E02004181,North Devon 007,1,Female,3006
E02004181,North Devon 007,2,Male,2722
E02004182,North Devon 008,1,Female,3180
E02004182,North Devon 008,2,Male,3091
E02004183,North Devon 009,1,Female,2991
E02004183,North Devon 009,2,Male,2853
E02004184,North Devon 010,1,Female,4430
E02004184,North Devon 010,2,Male,4132
E02004185,North Devon 011,1,Female,3491
E02004185,North Devon 011,2,Male,3207
E02004186,North Devon 012,1,Female,5324
E02004186,North Devon 012,2,Male,4835
E02004187,North Devon 013,1,Female,5506
E02004187,North Devon 013,2,Male,5244
E02004188,North Devon 014,1,Female,3577
E02004188,North Devon 014,2,Male,3441
E02004189,South Hams 001,1,Female,3088
E02004189,South Hams 001,2,Male,3044
E02004190,South Hams 002,1,Female,4514
E02004190,South Hams 002,2,Male,4193
E02004191,South Hams 003,1,Female,4893
E02004191,South Hams 003,2,Male,4137
E02004192,South Hams 004,1,Female,3986
E02004192,South Hams 004,2,Male,3719
E02004193,South Hams 005,1,Female,6209
E02004193,South Hams 005,2,Male,5695
E02004194,South Hams 006,1,Female,3819
E02004194,South Hams 006,2,Male,3564
E02004195,South Hams 007,1,Female,2660
E02004195,South Hams 007,2,Male,2600
E02004196,South Hams 008,1,Female,4162
E02004196,South Hams 008,2,Male,3940
E02004197,South Hams 009,1,Female,3729
E02004197,South Hams 009,2,Male,3504
E02004198,South Hams 010,1,Female,3339
E02004198,South Hams 010,2,Male,2946
E02004199,South Hams 011,1,Female,2938
E02004199,South Hams 011,2,Male,2825
E02004200,South Hams 012,1,Female,2632
E02004200,South Hams 012,2,Male,2490
E02004201,Teignbridge 001,1,Female,2830
E02004201,Teignbridge 001,2,Male,2657
E02004202,Teignbridge 002,1,Female,4527
E02004202,Teignbridge 002,2,Male,4168
E02004203,Teignbridge 003,1,Female,2975
E02004203,Teignbridge 003,2,Male,2768
E02004204,Teignbridge 004,1,Female,5061
E02004204,Teignbridge 004,2,Male,4760
E02004205,Teignbridge 005,1,Female,4488
E02004205,Teignbridge 005,2,Male,4103
E02004206,Teignbridge 006,1,Female,3489
E02004206,Teignbridge 006,2,Male,3185
E02004207,Teignbridge 007,1,Female,3505
E02004207,Teignbridge 007,2,Male,3216
E02004208,Teignbridge 008,1,Female,4287
E02004208,Teignbridge 008,2,Male,4044
E02004209,Teignbridge 009,1,Female,4772
E02004209,Teignbridge 009,2,Male,4462
E02004210,Teignbridge 010,1,Female,3431
E02004210,Teignbridge 010,2,Male,3171
E02004211,Teignbridge 011,1,Female,3457
E02004211,Teignbridge 011,2,Male,3141
E02004212,Teignbridge 012,1,Female,3134
E02004212,Teignbridge 012,2,Male,3036
E02004213,Teignbridge 013,1,Female,4390
E02004213,Teignbridge 013,2,Male,4769
E02004214,Teignbridge 014,1,Female,3111
E02004214,Teignbridge 014,2,Male,2973
E02004215,Teignbridge 015,1,Female,3026
E02004215,Teignbridge 015,2,Male,2801
E02004216,Teignbridge 016,1,Female,2829
E02004216,Teignbridge 016,2,Male,2728
E02004217,Teignbridge 017,1,Female,4018
E02004217,Teignbridge 017,2,Male,3774
E02004218,Teignbridge 018,1,Female,3198
E02004218,Teignbridge 018,2,Male,2928
E02004219,Teignbridge 019,1,Female,2942
E02004219,Teignbridge 019,2,Male,2648
E02004220,Torridge 001,1,Female,3139
E02004220,Torridge 001,2,Male,2842
E02004221,Torridge 002,1,Female,3337
E02004221,Torridge 002,2,Male,3033
E02004222,Torridge 003,1,Female,2856
E02004222,Torridge 003,2,Male,2882
E02004223,Torridge 004,1,Female,6624
E02004223,Torridge 004,2,Male,6395
E02004224,Torridge 005,1,Female,3248
E02004224,Torridge 005,2,Male,3198
E02004225,Torridge 006,1,Female,3017
E02004225,Torridge 006,2,Male,2784
E02004226,Torridge 007,1,Female,3712
E02004226,Torridge 007,2,Male,3593
E02004227,Torridge 008,1,Female,5162
E02004227,Torridge 008,2,Male,5022
E02004228,Torridge 009,1,Female,3674
E02004228,Torridge 009,2,Male,3595
E02004229,West Devon 001,1,Female,5067
E02004229,West Devon 001,2,Male,4889
E02004230,West Devon 002,1,Female,3891
E02004230,West Devon 002,2,Male,3819
E02004231,West Devon 003,1,Female,3404
E02004231,West Devon 003,2,Male,3683
E02004232,West Devon 004,1,Female,3506
E02004232,West Devon 004,2,Male,3398
E02004233,West Devon 005,1,Female,6643
E02004233,West Devon 005,2,Male,6026
E02004234,West Devon 006,1,Female,3259
E02004234,West Devon 006,2,Male,2965
E02004235,West Devon 007,1,Female,3390
E02004235,West Devon 007,2,Male,3153
E02004236,"Bournemouth, Christchurch and Poole 002",1,Female,3175
E02004236,"Bournemouth, Christchurch and Poole 002",2,Male,3048
E02004237,"Bournemouth, Christchurch and Poole 014",1,Female,4227
E02004237,"Bournemouth, Christchurch and Poole 014",2,Male,3916
E02004238,"Bournemouth, Christchurch and Poole 019",1,Female,3978
E02004238,"Bournemouth, Christchurch and Poole 019",2,Male,3505
E02004239,"Bournemouth, Christchurch and Poole 018",1,Female,3329
E02004239,"Bournemouth, Christchurch and Poole 018",2,Male,2913
E02004240,"Bournemouth, Christchurch and Poole 024",1,Female,3182
E02004240,"Bournemouth, Christchurch and Poole 024",2,Male,2927
E02004241,"Bournemouth, Christchurch and Poole 031",1,Female,4969
E02004241,"Bournemouth, Christchurch and Poole 031",2,Male,4501
E02004242,"Bournemouth, Christchurch and Poole 033",1,Female,3420
E02004242,"Bournemouth, Christchurch and Poole 033",2,Male,3048
E02004243,Dorset 007,1,Female,3297
E02004243,Dorset 007,2,Male,3151
E02004244,Dorset 010,1,Female,3937
E02004244,Dorset 010,2,Male,3754
E02004245,Dorset 012,1,Female,3861
E02004245,Dorset 012,2,Male,3626
E02004246,Dorset 015,1,Female,4061
E02004246,Dorset 015,2,Male,3842
E02004247,Dorset 013,1,Female,3076
E02004247,Dorset 013,2,Male,3006
E02004248,Dorset 016,1,Female,3923
E02004248,Dorset 016,2,Male,3480
E02004249,Dorset 017,1,Female,3078
E02004249,Dorset 017,2,Male,2949
E02004250,Dorset 018,1,Female,4076
E02004250,Dorset 018,2,Male,3716
E02004251,Dorset 020,1,Female,3351
E02004251,Dorset 020,2,Male,2975
E02004252,Dorset 021,1,Female,4271
E02004252,Dorset 021,2,Male,3716
E02004253,Dorset 024,1,Female,5070
E02004253,Dorset 024,2,Male,4730
E02004254,Dorset 025,1,Female,5252
E02004254,Dorset 025,2,Male,5122
E02004255,Dorset 001,1,Female,3837
E02004255,Dorset 001,2,Male,3478
E02004256,Dorset 002,1,Female,4752
E02004256,Dorset 002,2,Male,4433
E02004257,Dorset 003,1,Female,4725
E02004257,Dorset 003,2,Male,4435
E02004258,Dorset 005,1,Female,5369
E02004258,Dorset 005,2,Male,5070
E02004259,Dorset 006,1,Female,3516
E02004259,Dorset 006,2,Male,3640
E02004260,Dorset 009,1,Female,4305
E02004260,Dorset 009,2,Male,4719
E02004261,Dorset 011,1,Female,5333
E02004261,Dorset 011,2,Male,5026
E02004262,Dorset 014,1,Female,3995
E02004262,Dorset 014,2,Male,3894
E02004263,Dorset 027,1,Female,2999
E02004263,Dorset 027,2,Male,2835
E02004264,Dorset 028,1,Female,4458
E02004264,Dorset 028,2,Male,4191
E02004265,Dorset 033,1,Female,4485
E02004265,Dorset 033,2,Male,4013
E02004266,Dorset 035,1,Female,4071
E02004266,Dorset 035,2,Male,4259
E02004267,Dorset 039,1,Female,2576
E02004267,Dorset 039,2,Male,2481
E02004268,Dorset 042,1,Female,4916
E02004268,Dorset 042,2,Male,4510
E02004269,Dorset 004,1,Female,5551
E02004269,Dorset 004,2,Male,4810
E02004270,Dorset 008,1,Female,4019
E02004270,Dorset 008,2,Male,3777
E02004271,Dorset 019,1,Female,5147
E02004271,Dorset 019,2,Male,4897
E02004272,Dorset 022,1,Female,6363
E02004272,Dorset 022,2,Male,5843
E02004273,Dorset 023,1,Female,3766
E02004273,Dorset 023,2,Male,3407
E02004274,Dorset 026,1,Female,3368
E02004274,Dorset 026,2,Male,3046
E02004275,Dorset 029,1,Female,3965
E02004275,Dorset 029,2,Male,3699
E02004276,Dorset 030,1,Female,3017
E02004276,Dorset 030,2,Male,2536
E02004278,Dorset 034,1,Female,4618
E02004278,Dorset 034,2,Male,4199
E02004279,Dorset 036,1,Female,4106
E02004279,Dorset 036,2,Male,3918
E02004280,Dorset 037,1,Female,4320
E02004280,Dorset 037,2,Male,4055
E02004281,Dorset 038,1,Female,3936
E02004281,Dorset 038,2,Male,3730
E02004282,Dorset 040,1,Female,4653
E02004282,Dorset 040,2,Male,4193
E02004283,Dorset 041,1,Female,4590
E02004283,Dorset 041,2,Male,4476
E02004284,Dorset 044,1,Female,4783
E02004284,Dorset 044,2,Male,4741
E02004285,Dorset 043,1,Female,3924
E02004285,Dorset 043,2,Male,3781
E02004286,Dorset 045,1,Female,2584
E02004286,Dorset 045,2,Male,2448
E02004287,Dorset 046,1,Female,2840
E02004287,Dorset 046,2,Male,2734
E02004288,Dorset 047,1,Female,2598
E02004288,Dorset 047,2,Male,3599
E02004289,Dorset 048,1,Female,3792
E02004289,Dorset 048,2,Male,3569
E02004290,County Durham 002,1,Female,2879
E02004290,County Durham 002,2,Male,2843
E02004291,County Durham 005,1,Female,3646
E02004291,County Durham 005,2,Male,3474
E02004292,County Durham 007,1,Female,4131
E02004292,County Durham 007,2,Male,3829
E02004293,County Durham 011,1,Female,4952
E02004293,County Durham 011,2,Male,4662
E02004294,County Durham 013,1,Female,4071
E02004294,County Durham 013,2,Male,3828
E02004295,County Durham 015,1,Female,3766
E02004295,County Durham 015,2,Male,3510
E02004296,County Durham 019,1,Female,4307
E02004296,County Durham 019,2,Male,4118
E02004297,County Durham 001,1,Female,4078
E02004297,County Durham 001,2,Male,3859
E02004298,County Durham 003,1,Female,5116
E02004298,County Durham 003,2,Male,4840
E02004299,County Durham 004,1,Female,4094
E02004299,County Durham 004,2,Male,4097
E02004300,County Durham 006,1,Female,3996
E02004300,County Durham 006,2,Male,3688
E02004301,County Durham 008,1,Female,4871
E02004301,County Durham 008,2,Male,4728
E02004302,County Durham 009,1,Female,3916
E02004302,County Durham 009,2,Male,3911
E02004303,County Durham 010,1,Female,5566
E02004303,County Durham 010,2,Male,5452
E02004304,County Durham 012,1,Female,4644
E02004304,County Durham 012,2,Male,4360
E02004305,County Durham 014,1,Female,5203
E02004305,County Durham 014,2,Male,4984
E02004306,County Durham 020,1,Female,3099
E02004306,County Durham 020,2,Male,2894
E02004307,County Durham 024,1,Female,3380
E02004307,County Durham 024,2,Male,3074
E02004308,County Durham 022,1,Female,3674
E02004308,County Durham 022,2,Male,4048
E02004309,County Durham 023,1,Female,3193
E02004309,County Durham 023,2,Male,3002
E02004310,County Durham 026,1,Female,4010
E02004310,County Durham 026,2,Male,3816
E02004311,County Durham 027,1,Female,4681
E02004311,County Durham 027,2,Male,4448
E02004312,County Durham 028,1,Female,3853
E02004312,County Durham 028,2,Male,3572
E02004313,County Durham 029,1,Female,3440
E02004313,County Durham 029,2,Male,3306
E02004314,County Durham 030,1,Female,6370
E02004314,County Durham 030,2,Male,6297
E02004315,County Durham 033,1,Female,6703
E02004315,County Durham 033,2,Male,6597
E02004316,County Durham 031,1,Female,3264
E02004316,County Durham 031,2,Male,3215
E02004317,County Durham 038,1,Female,3769
E02004317,County Durham 038,2,Male,3550
E02004318,County Durham 041,1,Female,3395
E02004318,County Durham 041,2,Male,3190
E02004319,County Durham 044,1,Female,4083
E02004319,County Durham 044,2,Male,3879
E02004320,County Durham 016,1,Female,4382
E02004320,County Durham 016,2,Male,4175
E02004321,County Durham 017,1,Female,4137
E02004321,County Durham 017,2,Male,4031
E02004322,County Durham 018,1,Female,4531
E02004322,County Durham 018,2,Male,4128
E02004323,County Durham 021,1,Female,3738
E02004323,County Durham 021,2,Male,3642
E02004324,County Durham 025,1,Female,2904
E02004324,County Durham 025,2,Male,2858
E02004325,County Durham 032,1,Female,4736
E02004325,County Durham 032,2,Male,4276
E02004326,County Durham 034,1,Female,3484
E02004326,County Durham 034,2,Male,3282
E02004327,County Durham 036,1,Female,2892
E02004327,County Durham 036,2,Male,2657
E02004328,County Durham 035,1,Female,3787
E02004328,County Durham 035,2,Male,3441
E02004329,County Durham 037,1,Female,3300
E02004329,County Durham 037,2,Male,3156
E02004330,County Durham 039,1,Female,3056
E02004330,County Durham 039,2,Male,2888
E02004331,County Durham 040,1,Female,3622
E02004331,County Durham 040,2,Male,3564
E02004332,County Durham 043,1,Female,3741
E02004332,County Durham 043,2,Male,3621
E02004333,County Durham 047,1,Female,3403
E02004333,County Durham 047,2,Male,3286
E02004334,County Durham 048,1,Female,3628
E02004334,County Durham 048,2,Male,3373
E02004335,County Durham 049,1,Female,4026
E02004335,County Durham 049,2,Male,3859
E02004336,County Durham 050,1,Female,3393
E02004336,County Durham 050,2,Male,3320
E02004337,County Durham 052,1,Female,5294
E02004337,County Durham 052,2,Male,5207
E02004338,County Durham 053,1,Female,3674
E02004338,County Durham 053,2,Male,3649
E02004339,County Durham 054,1,Female,3587
E02004339,County Durham 054,2,Male,3442
E02004340,County Durham 059,1,Female,5229
E02004340,County Durham 059,2,Male,5191
E02004341,County Durham 060,1,Female,4412
E02004341,County Durham 060,2,Male,4303
E02004342,County Durham 061,1,Female,2930
E02004342,County Durham 061,2,Male,2676
E02004343,County Durham 062,1,Female,2879
E02004343,County Durham 062,2,Male,2657
E02004344,County Durham 063,1,Female,3625
E02004344,County Durham 063,2,Male,3347
E02004345,County Durham 064,1,Female,6442
E02004345,County Durham 064,2,Male,6125
E02004348,County Durham 042,1,Female,3959
E02004348,County Durham 042,2,Male,3869
E02004349,County Durham 045,1,Female,4829
E02004349,County Durham 045,2,Male,4532
E02004350,County Durham 046,1,Female,5020
E02004350,County Durham 046,2,Male,4760
E02004351,County Durham 051,1,Female,3597
E02004351,County Durham 051,2,Male,3638
E02004352,County Durham 055,1,Female,4140
E02004352,County Durham 055,2,Male,4040
E02004353,County Durham 056,1,Female,3710
E02004353,County Durham 056,2,Male,3495
E02004354,County Durham 057,1,Female,4654
E02004354,County Durham 057,2,Male,4432
E02004355,County Durham 058,1,Female,3711
E02004355,County Durham 058,2,Male,3328
E02004356,Eastbourne 001,1,Female,3815
E02004356,Eastbourne 001,2,Male,3577
E02004357,Eastbourne 002,1,Female,4013
E02004357,Eastbourne 002,2,Male,3673
E02004358,Eastbourne 003,1,Female,4281
E02004358,Eastbourne 003,2,Male,3760
E02004359,Eastbourne 004,1,Female,4116
E02004359,Eastbourne 004,2,Male,3635
E02004361,Eastbourne 006,1,Female,4321
E02004361,Eastbourne 006,2,Male,3867
E02004362,Eastbourne 007,1,Female,4639
E02004362,Eastbourne 007,2,Male,4186
E02004363,Eastbourne 008,1,Female,3552
E02004363,Eastbourne 008,2,Male,3409
E02004364,Eastbourne 009,1,Female,4393
E02004364,Eastbourne 009,2,Male,3807
E02004365,Eastbourne 010,1,Female,4184
E02004365,Eastbourne 010,2,Male,4240
E02004366,Eastbourne 011,1,Female,3958
E02004366,Eastbourne 011,2,Male,3685
E02004367,Eastbourne 012,1,Female,3630
E02004367,Eastbourne 012,2,Male,3117
E02004368,Hastings 001,1,Female,4217
E02004368,Hastings 001,2,Male,4076
E02004369,Hastings 002,1,Female,5296
E02004369,Hastings 002,2,Male,4754
E02004370,Hastings 003,1,Female,4213
E02004370,Hastings 003,2,Male,3893
E02004371,Hastings 004,1,Female,3794
E02004371,Hastings 004,2,Male,3343
E02004372,Hastings 005,1,Female,3769
E02004372,Hastings 005,2,Male,3380
E02004373,Hastings 006,1,Female,4469
E02004373,Hastings 006,2,Male,4327
E02004374,Hastings 007,1,Female,3802
E02004374,Hastings 007,2,Male,3490
E02004375,Hastings 008,1,Female,4224
E02004375,Hastings 008,2,Male,4140
E02004376,Hastings 009,1,Female,3411
E02004376,Hastings 009,2,Male,3467
E02004377,Hastings 010,1,Female,5534
E02004377,Hastings 010,2,Male,5175
E02004378,Hastings 011,1,Female,4120
E02004378,Hastings 011,2,Male,4101
E02004379,Lewes 001,1,Female,3886
E02004379,Lewes 001,2,Male,3764
E02004380,Lewes 002,1,Female,5051
E02004380,Lewes 002,2,Male,4593
E02004381,Lewes 003,1,Female,4886
E02004381,Lewes 003,2,Male,4489
E02004382,Lewes 004,1,Female,3409
E02004382,Lewes 004,2,Male,3104
E02004383,Lewes 005,1,Female,3730
E02004383,Lewes 005,2,Male,3609
E02004384,Lewes 006,1,Female,3812
E02004384,Lewes 006,2,Male,3582
E02004385,Lewes 007,1,Female,3996
E02004385,Lewes 007,2,Male,3663
E02004386,Lewes 008,1,Female,3362
E02004386,Lewes 008,2,Male,3259
E02004387,Lewes 009,1,Female,3107
E02004387,Lewes 009,2,Male,2962
E02004388,Lewes 010,1,Female,3983
E02004388,Lewes 010,2,Male,3793
E02004389,Lewes 011,1,Female,4868
E02004389,Lewes 011,2,Male,4474
E02004390,Lewes 012,1,Female,4255
E02004390,Lewes 012,2,Male,3779
E02004391,Lewes 013,1,Female,3448
E02004391,Lewes 013,2,Male,3040
E02004392,Rother 001,1,Female,4727
E02004392,Rother 001,2,Male,4556
E02004393,Rother 002,1,Female,3284
E02004393,Rother 002,2,Male,3065
E02004394,Rother 003,1,Female,4007
E02004394,Rother 003,2,Male,3902
E02004395,Rother 004,1,Female,3982
E02004395,Rother 004,2,Male,3641
E02004396,Rother 005,1,Female,4773
E02004396,Rother 005,2,Male,4465
E02004397,Rother 006,1,Female,4309
E02004397,Rother 006,2,Male,3827
E02004398,Rother 007,1,Female,5015
E02004398,Rother 007,2,Male,4306
E02004399,Rother 008,1,Female,4343
E02004399,Rother 008,2,Male,3704
E02004400,Rother 009,1,Female,5548
E02004400,Rother 009,2,Male,4982
E02004401,Rother 010,1,Female,4109
E02004401,Rother 010,2,Male,3602
E02004402,Rother 011,1,Female,4790
E02004402,Rother 011,2,Male,4170
E02004403,Wealden 001,1,Female,3402
E02004403,Wealden 001,2,Male,3032
E02004404,Wealden 002,1,Female,3266
E02004404,Wealden 002,2,Male,3140
E02004405,Wealden 003,1,Female,3114
E02004405,Wealden 003,2,Male,2915
E02004406,Wealden 004,1,Female,3764
E02004406,Wealden 004,2,Male,3522
E02004407,Wealden 005,1,Female,4253
E02004407,Wealden 005,2,Male,3850
E02004408,Wealden 006,1,Female,4232
E02004408,Wealden 006,2,Male,4143
E02004409,Wealden 007,1,Female,2729
E02004409,Wealden 007,2,Male,2594
E02004410,Wealden 008,1,Female,4052
E02004410,Wealden 008,2,Male,3938
E02004411,Wealden 009,1,Female,4485
E02004411,Wealden 009,2,Male,4025
E02004412,Wealden 010,1,Female,4188
E02004412,Wealden 010,2,Male,3892
E02004413,Wealden 011,1,Female,3753
E02004413,Wealden 011,2,Male,3570
E02004414,Wealden 012,1,Female,3360
E02004414,Wealden 012,2,Male,3166
E02004415,Wealden 013,1,Female,3403
E02004415,Wealden 013,2,Male,3296
E02004416,Wealden 014,1,Female,3304
E02004416,Wealden 014,2,Male,3171
E02004417,Wealden 015,1,Female,3436
E02004417,Wealden 015,2,Male,3081
E02004418,Wealden 016,1,Female,3042
E02004418,Wealden 016,2,Male,2749
E02004419,Wealden 017,1,Female,3324
E02004419,Wealden 017,2,Male,3008
E02004420,Wealden 018,1,Female,7274
E02004420,Wealden 018,2,Male,6675
E02004421,Wealden 019,1,Female,4859
E02004421,Wealden 019,2,Male,4480
E02004422,Wealden 020,1,Female,5754
E02004422,Wealden 020,2,Male,5352
E02004423,Wealden 021,1,Female,4020
E02004423,Wealden 021,2,Male,3538
E02004424,Basildon 001,1,Female,3644
E02004424,Basildon 001,2,Male,3471
E02004425,Basildon 002,1,Female,3843
E02004425,Basildon 002,2,Male,3500
E02004426,Basildon 003,1,Female,4100
E02004426,Basildon 003,2,Male,4001
E02004427,Basildon 004,1,Female,4178
E02004427,Basildon 004,2,Male,3886
E02004428,Basildon 005,1,Female,3624
E02004428,Basildon 005,2,Male,3340
E02004429,Basildon 006,1,Female,3863
E02004429,Basildon 006,2,Male,3713
E02004430,Basildon 007,1,Female,4257
E02004430,Basildon 007,2,Male,4181
E02004431,Basildon 008,1,Female,4983
E02004431,Basildon 008,2,Male,4739
E02004432,Basildon 009,1,Female,3247
E02004432,Basildon 009,2,Male,3196
E02004433,Basildon 010,1,Female,4533
E02004433,Basildon 010,2,Male,4203
E02004434,Basildon 011,1,Female,4385
E02004434,Basildon 011,2,Male,4161
E02004435,Basildon 012,1,Female,5048
E02004435,Basildon 012,2,Male,4742
E02004436,Basildon 013,1,Female,4145
E02004436,Basildon 013,2,Male,3763
E02004437,Basildon 014,1,Female,5246
E02004437,Basildon 014,2,Male,4822
E02004438,Basildon 015,1,Female,5088
E02004438,Basildon 015,2,Male,4525
E02004439,Basildon 016,1,Female,5090
E02004439,Basildon 016,2,Male,4793
E02004440,Basildon 017,1,Female,4685
E02004440,Basildon 017,2,Male,4478
E02004441,Basildon 018,1,Female,4023
E02004441,Basildon 018,2,Male,3806
E02004442,Basildon 019,1,Female,4439
E02004442,Basildon 019,2,Male,4177
E02004443,Basildon 020,1,Female,5276
E02004443,Basildon 020,2,Male,5038
E02004444,Basildon 021,1,Female,4601
E02004444,Basildon 021,2,Male,4443
E02004445,Basildon 022,1,Female,4206
E02004445,Basildon 022,2,Male,4092
E02004446,Braintree 001,1,Female,3520
E02004446,Braintree 001,2,Male,3501
E02004447,Braintree 002,1,Female,2999
E02004447,Braintree 002,2,Male,2972
E02004448,Braintree 003,1,Female,3980
E02004448,Braintree 003,2,Male,3837
E02004449,Braintree 004,1,Female,4567
E02004449,Braintree 004,2,Male,4315
E02004450,Braintree 005,1,Female,3146
E02004450,Braintree 005,2,Male,3133
E02004451,Braintree 006,1,Female,4849
E02004451,Braintree 006,2,Male,4645
E02004452,Braintree 007,1,Female,4757
E02004452,Braintree 007,2,Male,4583
E02004453,Braintree 008,1,Female,3829
E02004453,Braintree 008,2,Male,3623
E02004454,Braintree 009,1,Female,4731
E02004454,Braintree 009,2,Male,4710
E02004455,Braintree 010,1,Female,4040
E02004455,Braintree 010,2,Male,3908
E02004456,Braintree 011,1,Female,4962
E02004456,Braintree 011,2,Male,4870
E02004457,Braintree 012,1,Female,5427
E02004457,Braintree 012,2,Male,5185
E02004458,Braintree 013,1,Female,4950
E02004458,Braintree 013,2,Male,4586
E02004459,Braintree 014,1,Female,5309
E02004459,Braintree 014,2,Male,5100
E02004460,Braintree 015,1,Female,4994
E02004460,Braintree 015,2,Male,4774
E02004461,Braintree 016,1,Female,2989
E02004461,Braintree 016,2,Male,2753
E02004462,Braintree 017,1,Female,5945
E02004462,Braintree 017,2,Male,5639
E02004463,Braintree 018,1,Female,4151
E02004463,Braintree 018,2,Male,3988
E02004464,Brentwood 001,1,Female,5097
E02004464,Brentwood 001,2,Male,4769
E02004465,Brentwood 002,1,Female,3302
E02004465,Brentwood 002,2,Male,3062
E02004466,Brentwood 003,1,Female,4265
E02004466,Brentwood 003,2,Male,3966
E02004467,Brentwood 004,1,Female,4259
E02004467,Brentwood 004,2,Male,3979
E02004468,Brentwood 005,1,Female,5382
E02004468,Brentwood 005,2,Male,5236
E02004469,Brentwood 006,1,Female,3735
E02004469,Brentwood 006,2,Male,3529
E02004470,Brentwood 007,1,Female,6009
E02004470,Brentwood 007,2,Male,5756
E02004471,Brentwood 008,1,Female,4410
E02004471,Brentwood 008,2,Male,4108
E02004472,Brentwood 009,1,Female,3129
E02004472,Brentwood 009,2,Male,3055
E02004473,Castle Point 001,1,Female,4051
E02004473,Castle Point 001,2,Male,3772
E02004474,Castle Point 002,1,Female,4150
E02004474,Castle Point 002,2,Male,3802
E02004475,Castle Point 003,1,Female,3365
E02004475,Castle Point 003,2,Male,3261
E02004476,Castle Point 004,1,Female,4142
E02004476,Castle Point 004,2,Male,3937
E02004477,Castle Point 005,1,Female,3155
E02004477,Castle Point 005,2,Male,2891
E02004478,Castle Point 006,1,Female,3465
E02004478,Castle Point 006,2,Male,3221
E02004479,Castle Point 007,1,Female,4118
E02004479,Castle Point 007,2,Male,3929
E02004480,Castle Point 008,1,Female,3543
E02004480,Castle Point 008,2,Male,3432
E02004481,Castle Point 009,1,Female,3472
E02004481,Castle Point 009,2,Male,3173
E02004482,Castle Point 010,1,Female,4349
E02004482,Castle Point 010,2,Male,3993
E02004483,Castle Point 011,1,Female,4145
E02004483,Castle Point 011,2,Male,3853
E02004484,Castle Point 012,1,Female,4269
E02004484,Castle Point 012,2,Male,4096
E02004485,Chelmsford 001,1,Female,5082
E02004485,Chelmsford 001,2,Male,4779
E02004486,Chelmsford 002,1,Female,4449
E02004486,Chelmsford 002,2,Male,4181
E02004487,Chelmsford 003,1,Female,3938
E02004487,Chelmsford 003,2,Male,3688
E02004488,Chelmsford 004,1,Female,5132
E02004488,Chelmsford 004,2,Male,4866
E02004489,Chelmsford 005,1,Female,4835
E02004489,Chelmsford 005,2,Male,4662
E02004490,Chelmsford 006,1,Female,4124
E02004490,Chelmsford 006,2,Male,3783
E02004491,Chelmsford 007,1,Female,3750
E02004491,Chelmsford 007,2,Male,3727
E02004492,Chelmsford 008,1,Female,4733
E02004492,Chelmsford 008,2,Male,4615
E02004493,Chelmsford 009,1,Female,5226
E02004493,Chelmsford 009,2,Male,5123
E02004495,Chelmsford 011,1,Female,4386
E02004495,Chelmsford 011,2,Male,3923
E02004496,Chelmsford 012,1,Female,4124
E02004496,Chelmsford 012,2,Male,4100
E02004497,Chelmsford 013,1,Female,4006
E02004497,Chelmsford 013,2,Male,3819
E02004498,Chelmsford 014,1,Female,5065
E02004498,Chelmsford 014,2,Male,4826
E02004499,Chelmsford 015,1,Female,3445
E02004499,Chelmsford 015,2,Male,3392
E02004500,Chelmsford 016,1,Female,4770
E02004500,Chelmsford 016,2,Male,4475
E02004501,Chelmsford 017,1,Female,3628
E02004501,Chelmsford 017,2,Male,3421
E02004502,Chelmsford 018,1,Female,3586
E02004502,Chelmsford 018,2,Male,3645
E02004503,Chelmsford 019,1,Female,4065
E02004503,Chelmsford 019,2,Male,3952
E02004504,Chelmsford 020,1,Female,4104
E02004504,Chelmsford 020,2,Male,3905
E02004505,Chelmsford 021,1,Female,3301
E02004505,Chelmsford 021,2,Male,3207
E02004506,Colchester 001,1,Female,3653
E02004506,Colchester 001,2,Male,3495
E02004507,Colchester 002,1,Female,4962
E02004507,Colchester 002,2,Male,4727
E02004508,Colchester 003,1,Female,3339
E02004508,Colchester 003,2,Male,3227
E02004512,Colchester 007,1,Female,5754
E02004512,Colchester 007,2,Male,5560
E02004513,Colchester 008,1,Female,5790
E02004513,Colchester 008,2,Male,5559
E02004514,Colchester 009,1,Female,3074
E02004514,Colchester 009,2,Male,2750
E02004515,Colchester 010,1,Female,4899
E02004515,Colchester 010,2,Male,4810
E02004516,Colchester 011,1,Female,6838
E02004516,Colchester 011,2,Male,6541
E02004517,Colchester 012,1,Female,4980
E02004517,Colchester 012,2,Male,4632
E02004518,Colchester 013,1,Female,4031
E02004518,Colchester 013,2,Male,4050
E02004519,Colchester 014,1,Female,3921
E02004519,Colchester 014,2,Male,3577
E02004520,Colchester 015,1,Female,4892
E02004520,Colchester 015,2,Male,4809
E02004521,Colchester 016,1,Female,4898
E02004521,Colchester 016,2,Male,4547
E02004522,Colchester 017,1,Female,4608
E02004522,Colchester 017,2,Male,4376
E02004523,Colchester 018,1,Female,5386
E02004523,Colchester 018,2,Male,5116
E02004524,Colchester 019,1,Female,4175
E02004524,Colchester 019,2,Male,4125
E02004525,Colchester 020,1,Female,4180
E02004525,Colchester 020,2,Male,3908
E02004526,Colchester 021,1,Female,3767
E02004526,Colchester 021,2,Male,3454
E02004527,Epping Forest 001,1,Female,4700
E02004527,Epping Forest 001,2,Male,4581
E02004528,Epping Forest 002,1,Female,4414
E02004528,Epping Forest 002,2,Male,4403
E02004529,Epping Forest 003,1,Female,3726
E02004529,Epping Forest 003,2,Male,3648
E02004530,Epping Forest 004,1,Female,3724
E02004530,Epping Forest 004,2,Male,3414
E02004531,Epping Forest 005,1,Female,3736
E02004531,Epping Forest 005,2,Male,3426
E02004532,Epping Forest 006,1,Female,3323
E02004532,Epping Forest 006,2,Male,3092
E02004533,Epping Forest 007,1,Female,3972
E02004533,Epping Forest 007,2,Male,3742
E02004534,Epping Forest 008,1,Female,4614
E02004534,Epping Forest 008,2,Male,4459
E02004535,Epping Forest 009,1,Female,3106
E02004535,Epping Forest 009,2,Male,2965
E02004536,Epping Forest 010,1,Female,3172
E02004536,Epping Forest 010,2,Male,3064
E02004537,Epping Forest 011,1,Female,4968
E02004537,Epping Forest 011,2,Male,4558
E02004538,Epping Forest 012,1,Female,5098
E02004538,Epping Forest 012,2,Male,4765
E02004539,Epping Forest 013,1,Female,4070
E02004539,Epping Forest 013,2,Male,3853
E02004540,Epping Forest 014,1,Female,3118
E02004540,Epping Forest 014,2,Male,2916
E02004541,Epping Forest 015,1,Female,6088
E02004541,Epping Forest 015,2,Male,5662
E02004542,Epping Forest 016,1,Female,3557
E02004542,Epping Forest 016,2,Male,3442
E02004543,Epping Forest 017,1,Female,4001
E02004543,Epping Forest 017,2,Male,3601
E02004544,Harlow 001,1,Female,5705
E02004544,Harlow 001,2,Male,5478
E02004545,Harlow 002,1,Female,4111
E02004545,Harlow 002,2,Male,3860
E02004546,Harlow 003,1,Female,4284
E02004546,Harlow 003,2,Male,4128
E02004547,Harlow 004,1,Female,5243
E02004547,Harlow 004,2,Male,4818
E02004548,Harlow 005,1,Female,4565
E02004548,Harlow 005,2,Male,4376
E02004549,Harlow 006,1,Female,4189
E02004549,Harlow 006,2,Male,3969
E02004550,Harlow 007,1,Female,4501
E02004550,Harlow 007,2,Male,4320
E02004551,Harlow 008,1,Female,3950
E02004551,Harlow 008,2,Male,3659
E02004552,Harlow 009,1,Female,3362
E02004552,Harlow 009,2,Male,3230
E02004553,Harlow 010,1,Female,4101
E02004553,Harlow 010,2,Male,3745
E02004554,Harlow 011,1,Female,3909
E02004554,Harlow 011,2,Male,3824
E02004555,Maldon 001,1,Female,3284
E02004555,Maldon 001,2,Male,3203
E02004556,Maldon 002,1,Female,3847
E02004556,Maldon 002,2,Male,3705
E02004557,Maldon 003,1,Female,4623
E02004557,Maldon 003,2,Male,4287
E02004558,Maldon 004,1,Female,3624
E02004558,Maldon 004,2,Male,3285
E02004559,Maldon 005,1,Female,4112
E02004559,Maldon 005,2,Male,3917
E02004560,Maldon 006,1,Female,4555
E02004560,Maldon 006,2,Male,4529
E02004561,Maldon 007,1,Female,5208
E02004561,Maldon 007,2,Male,5181
E02004562,Maldon 008,1,Female,4564
E02004562,Maldon 008,2,Male,4288
E02004563,Rochford 001,1,Female,3394
E02004563,Rochford 001,2,Male,3199
E02004564,Rochford 002,1,Female,4035
E02004564,Rochford 002,2,Male,3880
E02004566,Rochford 004,1,Female,2909
E02004566,Rochford 004,2,Male,2745
E02004567,Rochford 005,1,Female,4185
E02004567,Rochford 005,2,Male,3940
E02004568,Rochford 006,1,Female,4549
E02004568,Rochford 006,2,Male,4313
E02004569,Rochford 007,1,Female,4469
E02004569,Rochford 007,2,Male,4181
E02004570,Rochford 008,1,Female,4565
E02004570,Rochford 008,2,Male,4126
E02004571,Rochford 009,1,Female,4065
E02004571,Rochford 009,2,Male,3750
E02004572,Rochford 010,1,Female,4065
E02004572,Rochford 010,2,Male,3862
E02004573,Tendring 001,1,Female,3314
E02004573,Tendring 001,2,Male,3104
E02004574,Tendring 002,1,Female,4069
E02004574,Tendring 002,2,Male,3794
E02004575,Tendring 003,1,Female,6259
E02004575,Tendring 003,2,Male,5830
E02004576,Tendring 004,1,Female,4704
E02004576,Tendring 004,2,Male,4435
E02004577,Tendring 005,1,Female,3046
E02004577,Tendring 005,2,Male,3062
E02004578,Tendring 006,1,Female,4075
E02004578,Tendring 006,2,Male,3552
E02004579,Tendring 007,1,Female,4030
E02004579,Tendring 007,2,Male,3883
E02004580,Tendring 008,1,Female,6474
E02004580,Tendring 008,2,Male,5811
E02004581,Tendring 009,1,Female,4317
E02004581,Tendring 009,2,Male,4190
E02004582,Tendring 010,1,Female,3678
E02004582,Tendring 010,2,Male,3294
E02004583,Tendring 011,1,Female,4558
E02004583,Tendring 011,2,Male,4349
E02004584,Tendring 012,1,Female,3464
E02004584,Tendring 012,2,Male,3120
E02004585,Tendring 013,1,Female,4709
E02004585,Tendring 013,2,Male,4329
E02004586,Tendring 014,1,Female,4323
E02004586,Tendring 014,2,Male,3923
E02004587,Tendring 015,1,Female,4031
E02004587,Tendring 015,2,Male,3705
E02004588,Tendring 016,1,Female,3680
E02004588,Tendring 016,2,Male,3529
E02004589,Tendring 017,1,Female,3876
E02004589,Tendring 017,2,Male,3537
E02004590,Tendring 018,1,Female,4207
E02004590,Tendring 018,2,Male,4028
E02004591,Uttlesford 001,1,Female,3965
E02004591,Uttlesford 001,2,Male,3661
E02004592,Uttlesford 002,1,Female,6813
E02004592,Uttlesford 002,2,Male,6314
E02004593,Uttlesford 003,1,Female,4531
E02004593,Uttlesford 003,2,Male,4435
E02004594,Uttlesford 004,1,Female,4148
E02004594,Uttlesford 004,2,Male,4164
E02004595,Uttlesford 005,1,Female,7557
E02004595,Uttlesford 005,2,Male,7280
E02004596,Uttlesford 006,1,Female,5353
E02004596,Uttlesford 006,2,Male,5267
E02004597,Uttlesford 007,1,Female,4687
E02004597,Uttlesford 007,2,Male,4337
E02004598,Uttlesford 008,1,Female,5659
E02004598,Uttlesford 008,2,Male,5375
E02004599,Uttlesford 009,1,Female,3979
E02004599,Uttlesford 009,2,Male,3814
E02004600,Cheltenham 001,1,Female,2822
E02004600,Cheltenham 001,2,Male,2740
E02004601,Cheltenham 002,1,Female,3234
E02004601,Cheltenham 002,2,Male,2912
E02004602,Cheltenham 003,1,Female,3466
E02004602,Cheltenham 003,2,Male,3267
E02004603,Cheltenham 004,1,Female,4086
E02004603,Cheltenham 004,2,Male,4010
E02004604,Cheltenham 005,1,Female,4273
E02004604,Cheltenham 005,2,Male,4041
E02004605,Cheltenham 006,1,Female,3053
E02004605,Cheltenham 006,2,Male,2816
E02004606,Cheltenham 007,1,Female,5124
E02004606,Cheltenham 007,2,Male,5315
E02004607,Cheltenham 008,1,Female,4774
E02004607,Cheltenham 008,2,Male,4771
E02004608,Cheltenham 009,1,Female,5158
E02004608,Cheltenham 009,2,Male,4755
E02004609,Cheltenham 010,1,Female,3564
E02004609,Cheltenham 010,2,Male,3589
E02004610,Cheltenham 011,1,Female,3888
E02004610,Cheltenham 011,2,Male,3689
E02004611,Cheltenham 012,1,Female,6213
E02004611,Cheltenham 012,2,Male,5984
E02004612,Cheltenham 013,1,Female,4844
E02004612,Cheltenham 013,2,Male,4496
E02004613,Cheltenham 014,1,Female,3287
E02004613,Cheltenham 014,2,Male,3100
E02004614,Cheltenham 015,1,Female,2965
E02004614,Cheltenham 015,2,Male,2600
E02004615,Cotswold 001,1,Female,4565
E02004615,Cotswold 001,2,Male,4133
E02004616,Cotswold 002,1,Female,5252
E02004616,Cotswold 002,2,Male,4756
E02004617,Cotswold 003,1,Female,4951
E02004617,Cotswold 003,2,Male,4560
E02004618,Cotswold 004,1,Female,3712
E02004618,Cotswold 004,2,Male,3557
E02004619,Cotswold 005,1,Female,3651
E02004619,Cotswold 005,2,Male,3540
E02004620,Cotswold 006,1,Female,4321
E02004620,Cotswold 006,2,Male,4087
E02004621,Cotswold 007,1,Female,3271
E02004621,Cotswold 007,2,Male,2858
E02004622,Cotswold 008,1,Female,3862
E02004622,Cotswold 008,2,Male,3647
E02004623,Cotswold 009,1,Female,4740
E02004623,Cotswold 009,2,Male,4524
E02004624,Cotswold 010,1,Female,3410
E02004624,Cotswold 010,2,Male,3173
E02004625,Cotswold 011,1,Female,5324
E02004625,Cotswold 011,2,Male,4936
E02004626,Forest of Dean 001,1,Female,5230
E02004626,Forest of Dean 001,2,Male,4737
E02004627,Forest of Dean 002,1,Female,3306
E02004627,Forest of Dean 002,2,Male,3071
E02004628,Forest of Dean 003,1,Female,4061
E02004628,Forest of Dean 003,2,Male,3847
E02004629,Forest of Dean 004,1,Female,6532
E02004629,Forest of Dean 004,2,Male,6429
E02004630,Forest of Dean 005,1,Female,3357
E02004630,Forest of Dean 005,2,Male,3229
E02004631,Forest of Dean 006,1,Female,2612
E02004631,Forest of Dean 006,2,Male,2491
E02004632,Forest of Dean 007,1,Female,5555
E02004632,Forest of Dean 007,2,Male,5299
E02004633,Forest of Dean 008,1,Female,4258
E02004633,Forest of Dean 008,2,Male,4067
E02004634,Forest of Dean 009,1,Female,5790
E02004634,Forest of Dean 009,2,Male,5513
E02004635,Forest of Dean 010,1,Female,3740
E02004635,Forest of Dean 010,2,Male,3881
E02004636,Gloucester 001,1,Female,3965
E02004636,Gloucester 001,2,Male,3900
E02004637,Gloucester 002,1,Female,4637
E02004637,Gloucester 002,2,Male,4692
E02004638,Gloucester 003,1,Female,2977
E02004638,Gloucester 003,2,Male,2928
E02004639,Gloucester 004,1,Female,5577
E02004639,Gloucester 004,2,Male,5974
E02004640,Gloucester 005,1,Female,4246
E02004640,Gloucester 005,2,Male,4367
E02004641,Gloucester 006,1,Female,3854
E02004641,Gloucester 006,2,Male,3528
E02004642,Gloucester 007,1,Female,6073
E02004642,Gloucester 007,2,Male,6028
E02004643,Gloucester 008,1,Female,4224
E02004643,Gloucester 008,2,Male,4019
E02004644,Gloucester 009,1,Female,4662
E02004644,Gloucester 009,2,Male,4483
E02004645,Gloucester 010,1,Female,4611
E02004645,Gloucester 010,2,Male,4452
E02004646,Gloucester 011,1,Female,4666
E02004646,Gloucester 011,2,Male,4554
E02004647,Gloucester 012,1,Female,3163
E02004647,Gloucester 012,2,Male,3010
E02004648,Gloucester 013,1,Female,2930
E02004648,Gloucester 013,2,Male,2752
E02004649,Gloucester 014,1,Female,3749
E02004649,Gloucester 014,2,Male,3565
E02004650,Gloucester 015,1,Female,7582
E02004650,Gloucester 015,2,Male,7249
E02004651,Stroud 001,1,Female,5654
E02004651,Stroud 001,2,Male,5508
E02004652,Stroud 002,1,Female,3451
E02004652,Stroud 002,2,Male,3223
E02004653,Stroud 003,1,Female,3968
E02004653,Stroud 003,2,Male,3831
E02004654,Stroud 004,1,Female,5860
E02004654,Stroud 004,2,Male,5641
E02004655,Stroud 005,1,Female,4082
E02004655,Stroud 005,2,Male,3984
E02004656,Stroud 006,1,Female,5814
E02004656,Stroud 006,2,Male,5533
E02004657,Stroud 007,1,Female,3448
E02004657,Stroud 007,2,Male,3281
E02004658,Stroud 008,1,Female,3205
E02004658,Stroud 008,2,Male,3079
E02004659,Stroud 009,1,Female,3686
E02004659,Stroud 009,2,Male,3442
E02004660,Stroud 010,1,Female,3475
E02004660,Stroud 010,2,Male,3200
E02004661,Stroud 011,1,Female,4348
E02004661,Stroud 011,2,Male,4173
E02004662,Stroud 012,1,Female,3349
E02004662,Stroud 012,2,Male,3218
E02004663,Stroud 013,1,Female,3361
E02004663,Stroud 013,2,Male,3135
E02004664,Stroud 014,1,Female,3742
E02004664,Stroud 014,2,Male,3721
E02004665,Stroud 015,1,Female,4426
E02004665,Stroud 015,2,Male,4264
E02004666,Tewkesbury 001,1,Female,6106
E02004666,Tewkesbury 001,2,Male,5978
E02004667,Tewkesbury 002,1,Female,5473
E02004667,Tewkesbury 002,2,Male,5191
E02004668,Tewkesbury 003,1,Female,4788
E02004668,Tewkesbury 003,2,Male,4317
E02004669,Tewkesbury 004,1,Female,3833
E02004669,Tewkesbury 004,2,Male,3664
E02004671,Tewkesbury 006,1,Female,3597
E02004671,Tewkesbury 006,2,Male,3537
E02004672,Tewkesbury 007,1,Female,6316
E02004672,Tewkesbury 007,2,Male,6030
E02004673,Tewkesbury 008,1,Female,4014
E02004673,Tewkesbury 008,2,Male,3754
E02004674,Tewkesbury 009,1,Female,6286
E02004674,Tewkesbury 009,2,Male,5966
E02004675,Basingstoke and Deane 001,1,Female,3912
E02004675,Basingstoke and Deane 001,2,Male,3813
E02004676,Basingstoke and Deane 002,1,Female,4054
E02004676,Basingstoke and Deane 002,2,Male,3933
E02004677,Basingstoke and Deane 003,1,Female,3828
E02004677,Basingstoke and Deane 003,2,Male,3742
E02004678,Basingstoke and Deane 004,1,Female,3839
E02004678,Basingstoke and Deane 004,2,Male,3739
E02004679,Basingstoke and Deane 005,1,Female,5670
E02004679,Basingstoke and Deane 005,2,Male,5441
E02004680,Basingstoke and Deane 006,1,Female,3940
E02004680,Basingstoke and Deane 006,2,Male,3908
E02004681,Basingstoke and Deane 007,1,Female,7616
E02004681,Basingstoke and Deane 007,2,Male,7314
E02004682,Basingstoke and Deane 008,1,Female,4173
E02004682,Basingstoke and Deane 008,2,Male,4165
E02004683,Basingstoke and Deane 009,1,Female,4070
E02004683,Basingstoke and Deane 009,2,Male,4089
E02004684,Basingstoke and Deane 010,1,Female,5801
E02004684,Basingstoke and Deane 010,2,Male,5573
E02004685,Basingstoke and Deane 011,1,Female,3768
E02004685,Basingstoke and Deane 011,2,Male,4119
E02004686,Basingstoke and Deane 012,1,Female,4393
E02004686,Basingstoke and Deane 012,2,Male,4439
E02004687,Basingstoke and Deane 013,1,Female,3907
E02004687,Basingstoke and Deane 013,2,Male,3785
E02004688,Basingstoke and Deane 014,1,Female,3972
E02004688,Basingstoke and Deane 014,2,Male,3873
E02004689,Basingstoke and Deane 015,1,Female,2939
E02004689,Basingstoke and Deane 015,2,Male,2751
E02004690,Basingstoke and Deane 016,1,Female,4085
E02004690,Basingstoke and Deane 016,2,Male,4041
E02004691,Basingstoke and Deane 017,1,Female,4083
E02004691,Basingstoke and Deane 017,2,Male,3868
E02004692,Basingstoke and Deane 018,1,Female,3671
E02004692,Basingstoke and Deane 018,2,Male,3561
E02004693,Basingstoke and Deane 019,1,Female,3762
E02004693,Basingstoke and Deane 019,2,Male,3684
E02004694,Basingstoke and Deane 020,1,Female,3810
E02004694,Basingstoke and Deane 020,2,Male,3729
E02004695,Basingstoke and Deane 021,1,Female,4386
E02004695,Basingstoke and Deane 021,2,Male,4367
E02004696,Basingstoke and Deane 022,1,Female,3807
E02004696,Basingstoke and Deane 022,2,Male,3737
E02004697,East Hampshire 001,1,Female,3563
E02004697,East Hampshire 001,2,Male,3273
E02004698,East Hampshire 002,1,Female,3412
E02004698,East Hampshire 002,2,Male,3193
E02004699,East Hampshire 003,1,Female,5500
E02004699,East Hampshire 003,2,Male,5212
E02004700,East Hampshire 004,1,Female,3479
E02004700,East Hampshire 004,2,Male,3426
E02004702,East Hampshire 006,1,Female,4047
E02004702,East Hampshire 006,2,Male,3972
E02004703,East Hampshire 007,1,Female,6467
E02004703,East Hampshire 007,2,Male,6144
E02004704,East Hampshire 008,1,Female,3132
E02004704,East Hampshire 008,2,Male,3072
E02004705,East Hampshire 009,1,Female,5114
E02004705,East Hampshire 009,2,Male,4657
E02004706,East Hampshire 010,1,Female,3941
E02004706,East Hampshire 010,2,Male,3675
E02004707,East Hampshire 011,1,Female,5769
E02004707,East Hampshire 011,2,Male,5441
E02004708,East Hampshire 012,1,Female,5095
E02004708,East Hampshire 012,2,Male,4527
E02004709,East Hampshire 013,1,Female,4503
E02004709,East Hampshire 013,2,Male,4240
E02004710,East Hampshire 014,1,Female,3344
E02004710,East Hampshire 014,2,Male,3210
E02004712,Eastleigh 001,1,Female,4483
E02004712,Eastleigh 001,2,Male,4285
E02004713,Eastleigh 002,1,Female,4109
E02004713,Eastleigh 002,2,Male,3923
E02004714,Eastleigh 003,1,Female,3900
E02004714,Eastleigh 003,2,Male,3614
E02004715,Eastleigh 004,1,Female,4545
E02004715,Eastleigh 004,2,Male,4500
E02004716,Eastleigh 005,1,Female,4430
E02004716,Eastleigh 005,2,Male,4321
E02004717,Eastleigh 006,1,Female,6635
E02004717,Eastleigh 006,2,Male,6353
E02004718,Eastleigh 007,1,Female,4374
E02004718,Eastleigh 007,2,Male,4318
E02004719,Eastleigh 008,1,Female,5845
E02004719,Eastleigh 008,2,Male,5686
E02004720,Eastleigh 009,1,Female,5836
E02004720,Eastleigh 009,2,Male,5485
E02004721,Eastleigh 010,1,Female,6067
E02004721,Eastleigh 010,2,Male,5717
E02004722,Eastleigh 011,1,Female,3631
E02004722,Eastleigh 011,2,Male,3380
E02004723,Eastleigh 012,1,Female,5101
E02004723,Eastleigh 012,2,Male,4757
E02004724,Eastleigh 013,1,Female,4877
E02004724,Eastleigh 013,2,Male,4793
E02004725,Eastleigh 014,1,Female,2802
E02004725,Eastleigh 014,2,Male,2640
E02004726,Eastleigh 015,1,Female,3109
E02004726,Eastleigh 015,2,Male,2927
E02004727,Fareham 001,1,Female,5212
E02004727,Fareham 001,2,Male,5043
E02004728,Fareham 002,1,Female,4696
E02004728,Fareham 002,2,Male,4402
E02004729,Fareham 003,1,Female,3735
E02004729,Fareham 003,2,Male,3511
E02004730,Fareham 004,1,Female,4442
E02004730,Fareham 004,2,Male,4231
E02004731,Fareham 005,1,Female,3874
E02004731,Fareham 005,2,Male,3705
E02004732,Fareham 006,1,Female,4593
E02004732,Fareham 006,2,Male,4250
E02004733,Fareham 007,1,Female,4116
E02004733,Fareham 007,2,Male,3902
E02004734,Fareham 008,1,Female,5194
E02004734,Fareham 008,2,Male,4918
E02004735,Fareham 009,1,Female,3858
E02004735,Fareham 009,2,Male,3622
E02004736,Fareham 010,1,Female,4121
E02004736,Fareham 010,2,Male,3990
E02004737,Fareham 011,1,Female,3872
E02004737,Fareham 011,2,Male,3700
E02004738,Fareham 012,1,Female,3712
E02004738,Fareham 012,2,Male,3496
E02004739,Fareham 013,1,Female,3596
E02004739,Fareham 013,2,Male,3628
E02004740,Fareham 014,1,Female,3698
E02004740,Fareham 014,2,Male,3395
E02004741,Gosport 001,1,Female,3830
E02004741,Gosport 001,2,Male,3667
E02004742,Gosport 002,1,Female,3637
E02004742,Gosport 002,2,Male,3416
E02004743,Gosport 003,1,Female,3726
E02004743,Gosport 003,2,Male,3587
E02004744,Gosport 004,1,Female,5004
E02004744,Gosport 004,2,Male,4814
E02004745,Gosport 005,1,Female,4276
E02004745,Gosport 005,2,Male,4235
E02004746,Gosport 006,1,Female,5752
E02004746,Gosport 006,2,Male,5359
E02004747,Gosport 007,1,Female,3158
E02004747,Gosport 007,2,Male,3089
E02004748,Gosport 008,1,Female,4781
E02004748,Gosport 008,2,Male,4611
E02004749,Gosport 009,1,Female,3753
E02004749,Gosport 009,2,Male,3421
E02004750,Gosport 010,1,Female,3924
E02004750,Gosport 010,2,Male,3912
E02004751,Hart 001,1,Female,4377
E02004751,Hart 001,2,Male,4059
E02004752,Hart 002,1,Female,3999
E02004752,Hart 002,2,Male,3954
E02004753,Hart 003,1,Female,5451
E02004753,Hart 003,2,Male,6065
E02004754,Hart 004,1,Female,3769
E02004754,Hart 004,2,Male,3395
E02004755,Hart 005,1,Female,6180
E02004755,Hart 005,2,Male,5986
E02004756,Hart 006,1,Female,4848
E02004756,Hart 006,2,Male,4811
E02004757,Hart 007,1,Female,3990
E02004757,Hart 007,2,Male,3904
E02004758,Hart 008,1,Female,4657
E02004758,Hart 008,2,Male,4496
E02004759,Hart 009,1,Female,4239
E02004759,Hart 009,2,Male,3987
E02004760,Hart 010,1,Female,5535
E02004760,Hart 010,2,Male,5189
E02004761,Hart 011,1,Female,3220
E02004761,Hart 011,2,Male,3299
E02004764,Havant 003,1,Female,4197
E02004764,Havant 003,2,Male,3978
E02004765,Havant 004,1,Female,3090
E02004765,Havant 004,2,Male,2958
E02004766,Havant 005,1,Female,3699
E02004766,Havant 005,2,Male,3416
E02004767,Havant 006,1,Female,3026
E02004767,Havant 006,2,Male,2793
E02004768,Havant 007,1,Female,2794
E02004768,Havant 007,2,Male,2582
E02004769,Havant 008,1,Female,3324
E02004769,Havant 008,2,Male,3061
E02004770,Havant 009,1,Female,3529
E02004770,Havant 009,2,Male,3321
E02004771,Havant 010,1,Female,4672
E02004771,Havant 010,2,Male,4295
E02004772,Havant 011,1,Female,4767
E02004772,Havant 011,2,Male,4573
E02004774,Havant 013,1,Female,5380
E02004774,Havant 013,2,Male,4889
E02004775,Havant 014,1,Female,5355
E02004775,Havant 014,2,Male,4959
E02004776,Havant 015,1,Female,3084
E02004776,Havant 015,2,Male,2864
E02004777,Havant 016,1,Female,2766
E02004777,Havant 016,2,Male,2493
E02004778,Havant 017,1,Female,3218
E02004778,Havant 017,2,Male,2966
E02004779,New Forest 001,1,Female,5651
E02004779,New Forest 001,2,Male,5272
E02004780,New Forest 002,1,Female,3058
E02004780,New Forest 002,2,Male,2817
E02004781,New Forest 003,1,Female,4111
E02004781,New Forest 003,2,Male,3896
E02004782,New Forest 004,1,Female,3969
E02004782,New Forest 004,2,Male,3767
E02004783,New Forest 005,1,Female,3587
E02004783,New Forest 005,2,Male,3448
E02004784,New Forest 006,1,Female,2859
E02004784,New Forest 006,2,Male,2786
E02004785,New Forest 007,1,Female,2815
E02004785,New Forest 007,2,Male,2676
E02004786,New Forest 008,1,Female,4231
E02004786,New Forest 008,2,Male,4015
E02004787,New Forest 009,1,Female,3790
E02004787,New Forest 009,2,Male,3486
E02004788,New Forest 010,1,Female,3653
E02004788,New Forest 010,2,Male,3571
E02004789,New Forest 011,1,Female,5427
E02004789,New Forest 011,2,Male,5008
E02004790,New Forest 012,1,Female,4300
E02004790,New Forest 012,2,Male,3807
E02004791,New Forest 013,1,Female,2842
E02004791,New Forest 013,2,Male,2714
E02004792,New Forest 014,1,Female,4274
E02004792,New Forest 014,2,Male,4183
E02004793,New Forest 015,1,Female,3852
E02004793,New Forest 015,2,Male,3539
E02004794,New Forest 016,1,Female,3582
E02004794,New Forest 016,2,Male,3309
E02004795,New Forest 017,1,Female,4435
E02004795,New Forest 017,2,Male,4079
E02004796,New Forest 018,1,Female,5037
E02004796,New Forest 018,2,Male,4593
E02004797,New Forest 019,1,Female,4222
E02004797,New Forest 019,2,Male,3902
E02004798,New Forest 020,1,Female,3188
E02004798,New Forest 020,2,Male,2956
E02004799,New Forest 021,1,Female,4247
E02004799,New Forest 021,2,Male,3696
E02004800,New Forest 022,1,Female,3993
E02004800,New Forest 022,2,Male,3411
E02004801,New Forest 023,1,Female,4120
E02004801,New Forest 023,2,Male,3611
E02004802,Rushmoor 001,1,Female,3479
E02004802,Rushmoor 001,2,Male,3271
E02004803,Rushmoor 002,1,Female,3841
E02004803,Rushmoor 002,2,Male,3648
E02004804,Rushmoor 003,1,Female,3577
E02004804,Rushmoor 003,2,Male,3578
E02004805,Rushmoor 004,1,Female,4291
E02004805,Rushmoor 004,2,Male,4278
E02004806,Rushmoor 005,1,Female,4039
E02004806,Rushmoor 005,2,Male,3995
E02004807,Rushmoor 006,1,Female,4836
E02004807,Rushmoor 006,2,Male,4627
E02004808,Rushmoor 007,1,Female,5736
E02004808,Rushmoor 007,2,Male,6387
E02004809,Rushmoor 008,1,Female,5309
E02004809,Rushmoor 008,2,Male,5605
E02004810,Rushmoor 009,1,Female,4081
E02004810,Rushmoor 009,2,Male,4005
E02004811,Rushmoor 010,1,Female,3981
E02004811,Rushmoor 010,2,Male,3991
E02004812,Rushmoor 011,1,Female,3349
E02004812,Rushmoor 011,2,Male,3392
E02004813,Rushmoor 012,1,Female,3349
E02004813,Rushmoor 012,2,Male,3115
E02004814,Test Valley 001,1,Female,3595
E02004814,Test Valley 001,2,Male,3446
E02004815,Test Valley 002,1,Female,3771
E02004815,Test Valley 002,2,Male,3602
E02004817,Test Valley 004,1,Female,3847
E02004817,Test Valley 004,2,Male,3644
E02004818,Test Valley 005,1,Female,5074
E02004818,Test Valley 005,2,Male,5168
E02004819,Test Valley 006,1,Female,3930
E02004819,Test Valley 006,2,Male,3867
E02004820,Test Valley 007,1,Female,3645
E02004820,Test Valley 007,2,Male,3643
E02004821,Test Valley 008,1,Female,2656
E02004821,Test Valley 008,2,Male,2571
E02004822,Test Valley 009,1,Female,4067
E02004822,Test Valley 009,2,Male,3958
E02004823,Test Valley 010,1,Female,4519
E02004823,Test Valley 010,2,Male,4139
E02004824,Test Valley 011,1,Female,3189
E02004824,Test Valley 011,2,Male,2668
E02004825,Test Valley 012,1,Female,5576
E02004825,Test Valley 012,2,Male,5326
E02004826,Test Valley 013,1,Female,5037
E02004826,Test Valley 013,2,Male,4728
E02004827,Test Valley 014,1,Female,3761
E02004827,Test Valley 014,2,Male,3600
E02004828,Test Valley 015,1,Female,3711
E02004828,Test Valley 015,2,Male,3539
E02004829,Winchester 001,1,Female,3002
E02004829,Winchester 001,2,Male,2916
E02004830,Winchester 002,1,Female,3508
E02004830,Winchester 002,2,Male,3436
E02004831,Winchester 003,1,Female,5294
E02004831,Winchester 003,2,Male,5196
E02004832,Winchester 004,1,Female,4460
E02004832,Winchester 004,2,Male,4016
E02004833,Winchester 005,1,Female,5161
E02004833,Winchester 005,2,Male,4917
E02004834,Winchester 006,1,Female,4114
E02004834,Winchester 006,2,Male,3529
E02004835,Winchester 007,1,Female,5246
E02004835,Winchester 007,2,Male,5454
E02004836,Winchester 008,1,Female,3698
E02004836,Winchester 008,2,Male,3066
E02004837,Winchester 009,1,Female,4251
E02004837,Winchester 009,2,Male,3981
E02004838,Winchester 010,1,Female,5002
E02004838,Winchester 010,2,Male,4748
E02004839,Winchester 011,1,Female,4584
E02004839,Winchester 011,2,Male,4378
E02004840,Winchester 012,1,Female,5318
E02004840,Winchester 012,2,Male,4885
E02004841,Winchester 013,1,Female,5903
E02004841,Winchester 013,2,Male,5843
E02004842,Winchester 014,1,Female,5835
E02004842,Winchester 014,2,Male,5700
E02004843,Broxbourne 001,1,Female,3703
E02004843,Broxbourne 001,2,Male,3529
E02004844,Broxbourne 002,1,Female,3851
E02004844,Broxbourne 002,2,Male,3607
E02004845,Broxbourne 003,1,Female,4016
E02004845,Broxbourne 003,2,Male,3880
E02004846,Broxbourne 004,1,Female,3273
E02004846,Broxbourne 004,2,Male,3127
E02004847,Broxbourne 005,1,Female,5442
E02004847,Broxbourne 005,2,Male,4913
E02004848,Broxbourne 006,1,Female,3974
E02004848,Broxbourne 006,2,Male,3744
E02004849,Broxbourne 007,1,Female,3496
E02004849,Broxbourne 007,2,Male,3355
E02004850,Broxbourne 008,1,Female,3808
E02004850,Broxbourne 008,2,Male,3641
E02004851,Broxbourne 009,1,Female,3130
E02004851,Broxbourne 009,2,Male,2806
E02004852,Broxbourne 010,1,Female,4210
E02004852,Broxbourne 010,2,Male,3859
E02004853,Broxbourne 011,1,Female,3666
E02004853,Broxbourne 011,2,Male,3325
E02004854,Broxbourne 012,1,Female,4201
E02004854,Broxbourne 012,2,Male,3872
E02004855,Broxbourne 013,1,Female,4356
E02004855,Broxbourne 013,2,Male,4223
E02004856,Dacorum 001,1,Female,2874
E02004856,Dacorum 001,2,Male,2926
E02004857,Dacorum 002,1,Female,3165
E02004857,Dacorum 002,2,Male,2876
E02004858,Dacorum 003,1,Female,2595
E02004858,Dacorum 003,2,Male,2431
E02004859,Dacorum 004,1,Female,2717
E02004859,Dacorum 004,2,Male,2600
E02004860,Dacorum 005,1,Female,2958
E02004860,Dacorum 005,2,Male,2874
E02004861,Dacorum 006,1,Female,2883
E02004861,Dacorum 006,2,Male,2649
E02004862,Dacorum 007,1,Female,3875
E02004862,Dacorum 007,2,Male,3907
E02004863,Dacorum 008,1,Female,4049
E02004863,Dacorum 008,2,Male,3885
E02004864,Dacorum 009,1,Female,3268
E02004864,Dacorum 009,2,Male,3103
E02004865,Dacorum 010,1,Female,2838
E02004865,Dacorum 010,2,Male,2676
E02004866,Dacorum 011,1,Female,3551
E02004866,Dacorum 011,2,Male,3218
E02004867,Dacorum 012,1,Female,3379
E02004867,Dacorum 012,2,Male,3158
E02004868,Dacorum 013,1,Female,4087
E02004868,Dacorum 013,2,Male,3711
E02004869,Dacorum 014,1,Female,3045
E02004869,Dacorum 014,2,Male,2830
E02004870,Dacorum 015,1,Female,5901
E02004870,Dacorum 015,2,Male,5714
E02004871,Dacorum 016,1,Female,2613
E02004871,Dacorum 016,2,Male,2411
E02004872,Dacorum 017,1,Female,3803
E02004872,Dacorum 017,2,Male,3622
E02004873,Dacorum 018,1,Female,5897
E02004873,Dacorum 018,2,Male,5768
E02004874,Dacorum 019,1,Female,3043
E02004874,Dacorum 019,2,Male,2957
E02004875,Dacorum 020,1,Female,5341
E02004875,Dacorum 020,2,Male,5100
E02004876,Dacorum 021,1,Female,4328
E02004876,Dacorum 021,2,Male,5169
E02004877,Dacorum 022,1,Female,2742
E02004877,Dacorum 022,2,Male,2546
E02004878,East Hertfordshire 001,1,Female,4722
E02004878,East Hertfordshire 001,2,Male,4596
E02004880,East Hertfordshire 003,1,Female,5471
E02004880,East Hertfordshire 003,2,Male,5358
E02004881,East Hertfordshire 004,1,Female,3517
E02004881,East Hertfordshire 004,2,Male,3350
E02004882,East Hertfordshire 005,1,Female,4341
E02004882,East Hertfordshire 005,2,Male,4116
E02004883,East Hertfordshire 006,1,Female,3166
E02004883,East Hertfordshire 006,2,Male,3081
E02004884,East Hertfordshire 007,1,Female,5343
E02004884,East Hertfordshire 007,2,Male,5030
E02004885,East Hertfordshire 008,1,Female,4322
E02004885,East Hertfordshire 008,2,Male,4259
E02004886,East Hertfordshire 009,1,Female,3389
E02004886,East Hertfordshire 009,2,Male,3274
E02004887,East Hertfordshire 010,1,Female,3805
E02004887,East Hertfordshire 010,2,Male,3724
E02004888,East Hertfordshire 011,1,Female,4449
E02004888,East Hertfordshire 011,2,Male,4293
E02004889,East Hertfordshire 012,1,Female,5862
E02004889,East Hertfordshire 012,2,Male,5376
E02004890,East Hertfordshire 013,1,Female,4311
E02004890,East Hertfordshire 013,2,Male,4078
E02004891,East Hertfordshire 014,1,Female,4072
E02004891,East Hertfordshire 014,2,Male,3825
E02004892,East Hertfordshire 015,1,Female,3034
E02004892,East Hertfordshire 015,2,Male,2879
E02004893,East Hertfordshire 016,1,Female,3014
E02004893,East Hertfordshire 016,2,Male,2962
E02004894,East Hertfordshire 017,1,Female,4931
E02004894,East Hertfordshire 017,2,Male,4701
E02004895,East Hertfordshire 018,1,Female,4817
E02004895,East Hertfordshire 018,2,Male,4570
E02004896,Hertsmere 001,1,Female,4191
E02004896,Hertsmere 001,2,Male,3789
E02004897,Hertsmere 002,1,Female,3551
E02004897,Hertsmere 002,2,Male,3261
E02004898,Hertsmere 003,1,Female,4119
E02004898,Hertsmere 003,2,Male,3633
E02004899,Hertsmere 004,1,Female,2848
E02004899,Hertsmere 004,2,Male,2543
E02004900,Hertsmere 005,1,Female,4150
E02004900,Hertsmere 005,2,Male,4035
E02004901,Hertsmere 006,1,Female,5291
E02004901,Hertsmere 006,2,Male,4923
E02004902,Hertsmere 007,1,Female,4188
E02004902,Hertsmere 007,2,Male,3940
E02004903,Hertsmere 008,1,Female,3925
E02004903,Hertsmere 008,2,Male,3588
E02004904,Hertsmere 009,1,Female,3525
E02004904,Hertsmere 009,2,Male,3344
E02004905,Hertsmere 010,1,Female,3359
E02004905,Hertsmere 010,2,Male,3183
E02004906,Hertsmere 011,1,Female,5665
E02004906,Hertsmere 011,2,Male,5448
E02004907,Hertsmere 012,1,Female,5674
E02004907,Hertsmere 012,2,Male,5102
E02004908,Hertsmere 013,1,Female,5542
E02004908,Hertsmere 013,2,Male,5011
E02004909,North Hertfordshire 001,1,Female,2890
E02004909,North Hertfordshire 001,2,Male,2923
E02004910,North Hertfordshire 002,1,Female,5922
E02004910,North Hertfordshire 002,2,Male,5709
E02004911,North Hertfordshire 003,1,Female,3549
E02004911,North Hertfordshire 003,2,Male,3259
E02004912,North Hertfordshire 004,1,Female,5454
E02004912,North Hertfordshire 004,2,Male,5163
E02004914,North Hertfordshire 006,1,Female,4181
E02004914,North Hertfordshire 006,2,Male,3894
E02004915,North Hertfordshire 007,1,Female,2898
E02004915,North Hertfordshire 007,2,Male,2734
E02004916,North Hertfordshire 008,1,Female,3880
E02004916,North Hertfordshire 008,2,Male,3536
E02004917,North Hertfordshire 009,1,Female,3301
E02004917,North Hertfordshire 009,2,Male,3092
E02004918,North Hertfordshire 010,1,Female,4119
E02004918,North Hertfordshire 010,2,Male,4041
E02004919,North Hertfordshire 011,1,Female,3979
E02004919,North Hertfordshire 011,2,Male,3728
E02004920,North Hertfordshire 012,1,Female,5976
E02004920,North Hertfordshire 012,2,Male,5509
E02004921,North Hertfordshire 013,1,Female,4062
E02004921,North Hertfordshire 013,2,Male,3806
E02004922,North Hertfordshire 014,1,Female,5187
E02004922,North Hertfordshire 014,2,Male,4945
E02004923,North Hertfordshire 015,1,Female,5370
E02004923,North Hertfordshire 015,2,Male,5015
E02004924,St Albans 001,1,Female,3947
E02004924,St Albans 001,2,Male,3783
E02004925,St Albans 002,1,Female,3971
E02004925,St Albans 002,2,Male,3907
E02004926,St Albans 003,1,Female,4185
E02004926,St Albans 003,2,Male,3916
E02004927,St Albans 004,1,Female,3519
E02004927,St Albans 004,2,Male,3197
E02004928,St Albans 005,1,Female,3485
E02004928,St Albans 005,2,Male,3386
E02004929,St Albans 006,1,Female,3333
E02004929,St Albans 006,2,Male,3070
E02004930,St Albans 007,1,Female,3616
E02004930,St Albans 007,2,Male,3388
E02004931,St Albans 008,1,Female,3540
E02004931,St Albans 008,2,Male,3432
E02004932,St Albans 009,1,Female,4106
E02004932,St Albans 009,2,Male,3638
E02004933,St Albans 010,1,Female,3576
E02004933,St Albans 010,2,Male,3367
E02004934,St Albans 011,1,Female,3916
E02004934,St Albans 011,2,Male,3887
E02004935,St Albans 012,1,Female,4509
E02004935,St Albans 012,2,Male,4539
E02004936,St Albans 013,1,Female,3344
E02004936,St Albans 013,2,Male,3196
E02004937,St Albans 014,1,Female,3733
E02004937,St Albans 014,2,Male,3559
E02004939,St Albans 016,1,Female,3421
E02004939,St Albans 016,2,Male,3266
E02004940,St Albans 017,1,Female,3978
E02004940,St Albans 017,2,Male,3732
E02004941,St Albans 018,1,Female,5058
E02004941,St Albans 018,2,Male,4746
E02004942,St Albans 019,1,Female,3277
E02004942,St Albans 019,2,Male,3156
E02004943,St Albans 020,1,Female,4214
E02004943,St Albans 020,2,Male,4006
E02004944,Stevenage 001,1,Female,4097
E02004944,Stevenage 001,2,Male,4044
E02004945,Stevenage 002,1,Female,6201
E02004945,Stevenage 002,2,Male,6031
E02004946,Stevenage 003,1,Female,3239
E02004946,Stevenage 003,2,Male,3184
E02004948,Stevenage 005,1,Female,3126
E02004948,Stevenage 005,2,Male,2953
E02004949,Stevenage 006,1,Female,4425
E02004949,Stevenage 006,2,Male,4372
E02004950,Stevenage 007,1,Female,3562
E02004950,Stevenage 007,2,Male,3264
E02004951,Stevenage 008,1,Female,4082
E02004951,Stevenage 008,2,Male,3973
E02004952,Stevenage 009,1,Female,3512
E02004952,Stevenage 009,2,Male,3373
E02004953,Stevenage 010,1,Female,3266
E02004953,Stevenage 010,2,Male,3208
E02004954,Stevenage 011,1,Female,3581
E02004954,Stevenage 011,2,Male,3551
E02004955,Stevenage 012,1,Female,3026
E02004955,Stevenage 012,2,Male,2993
E02004956,Three Rivers 001,1,Female,4617
E02004956,Three Rivers 001,2,Male,4419
E02004957,Three Rivers 002,1,Female,5553
E02004957,Three Rivers 002,2,Male,5262
E02004958,Three Rivers 003,1,Female,4046
E02004958,Three Rivers 003,2,Male,3812
E02004959,Three Rivers 004,1,Female,3239
E02004959,Three Rivers 004,2,Male,2943
E02004960,Three Rivers 005,1,Female,2959
E02004960,Three Rivers 005,2,Male,2751
E02004961,Three Rivers 006,1,Female,4956
E02004961,Three Rivers 006,2,Male,4753
E02004962,Three Rivers 007,1,Female,4604
E02004962,Three Rivers 007,2,Male,4421
E02004963,Three Rivers 008,1,Female,3856
E02004963,Three Rivers 008,2,Male,3709
E02004964,Three Rivers 009,1,Female,2972
E02004964,Three Rivers 009,2,Male,2774
E02004965,Three Rivers 010,1,Female,3596
E02004965,Three Rivers 010,2,Male,3354
E02004966,Three Rivers 011,1,Female,3642
E02004966,Three Rivers 011,2,Male,3654
E02004967,Three Rivers 012,1,Female,4078
E02004967,Three Rivers 012,2,Male,3800
E02004968,Watford 001,1,Female,4016
E02004968,Watford 001,2,Male,3690
E02004969,Watford 002,1,Female,3683
E02004969,Watford 002,2,Male,3571
E02004970,Watford 003,1,Female,4401
E02004970,Watford 003,2,Male,3998
E02004971,Watford 004,1,Female,4410
E02004971,Watford 004,2,Male,4255
E02004972,Watford 005,1,Female,3123
E02004972,Watford 005,2,Male,3050
E02004973,Watford 006,1,Female,4261
E02004973,Watford 006,2,Male,4443
E02004974,Watford 007,1,Female,4641
E02004974,Watford 007,2,Male,4430
E02004975,Watford 008,1,Female,4164
E02004975,Watford 008,2,Male,4064
E02004976,Watford 009,1,Female,5646
E02004976,Watford 009,2,Male,5767
E02004977,Watford 010,1,Female,4534
E02004977,Watford 010,2,Male,4626
E02004978,Watford 011,1,Female,5342
E02004978,Watford 011,2,Male,4955
E02004979,Watford 012,1,Female,3683
E02004979,Watford 012,2,Male,3496
E02004980,Welwyn Hatfield 001,1,Female,3142
E02004980,Welwyn Hatfield 001,2,Male,3060
E02004981,Welwyn Hatfield 002,1,Female,4190
E02004981,Welwyn Hatfield 002,2,Male,3947
E02004982,Welwyn Hatfield 003,1,Female,3099
E02004982,Welwyn Hatfield 003,2,Male,2872
E02004983,Welwyn Hatfield 004,1,Female,3154
E02004983,Welwyn Hatfield 004,2,Male,2966
E02004984,Welwyn Hatfield 005,1,Female,3167
E02004984,Welwyn Hatfield 005,2,Male,3120
E02004985,Welwyn Hatfield 006,1,Female,3650
E02004985,Welwyn Hatfield 006,2,Male,3282
E02004986,Welwyn Hatfield 007,1,Female,4526
E02004986,Welwyn Hatfield 007,2,Male,4261
E02004987,Welwyn Hatfield 008,1,Female,3967
E02004987,Welwyn Hatfield 008,2,Male,3827
E02004988,Welwyn Hatfield 009,1,Female,4021
E02004988,Welwyn Hatfield 009,2,Male,3829
E02004989,Welwyn Hatfield 010,1,Female,6291
E02004989,Welwyn Hatfield 010,2,Male,6265
E02004990,Welwyn Hatfield 011,1,Female,3579
E02004990,Welwyn Hatfield 011,2,Male,3706
E02004991,Welwyn Hatfield 012,1,Female,4003
E02004991,Welwyn Hatfield 012,2,Male,4227
E02004992,Welwyn Hatfield 013,1,Female,5222
E02004992,Welwyn Hatfield 013,2,Male,5182
E02004994,Welwyn Hatfield 015,1,Female,3178
E02004994,Welwyn Hatfield 015,2,Male,2974
E02004995,Welwyn Hatfield 016,1,Female,2880
E02004995,Welwyn Hatfield 016,2,Male,2762
E02004996,Ashford 001,1,Female,4403
E02004996,Ashford 001,2,Male,4024
E02004997,Ashford 002,1,Female,4239
E02004997,Ashford 002,2,Male,3952
E02004998,Ashford 003,1,Female,3512
E02004998,Ashford 003,2,Male,3288
E02005000,Ashford 005,1,Female,6065
E02005000,Ashford 005,2,Male,6040
E02005001,Ashford 006,1,Female,4904
E02005001,Ashford 006,2,Male,4659
E02005002,Ashford 007,1,Female,5170
E02005002,Ashford 007,2,Male,4870
E02005003,Ashford 008,1,Female,4744
E02005003,Ashford 008,2,Male,4504
E02005004,Ashford 009,1,Female,5974
E02005004,Ashford 009,2,Male,5827
E02005005,Ashford 010,1,Female,5233
E02005005,Ashford 010,2,Male,5163
E02005006,Ashford 011,1,Female,3200
E02005006,Ashford 011,2,Male,3008
E02005007,Ashford 012,1,Female,4759
E02005007,Ashford 012,2,Male,4606
E02005008,Ashford 013,1,Female,4686
E02005008,Ashford 013,2,Male,4083
E02005009,Ashford 014,1,Female,3086
E02005009,Ashford 014,2,Male,2875
E02005010,Canterbury 001,1,Female,3969
E02005010,Canterbury 001,2,Male,3623
E02005011,Canterbury 002,1,Female,3963
E02005011,Canterbury 002,2,Male,3521
E02005012,Canterbury 003,1,Female,4641
E02005012,Canterbury 003,2,Male,4319
E02005013,Canterbury 004,1,Female,4251
E02005013,Canterbury 004,2,Male,3962
E02005014,Canterbury 005,1,Female,4435
E02005014,Canterbury 005,2,Male,4002
E02005015,Canterbury 006,1,Female,4941
E02005015,Canterbury 006,2,Male,4707
E02005016,Canterbury 007,1,Female,4085
E02005016,Canterbury 007,2,Male,3723
E02005017,Canterbury 008,1,Female,3486
E02005017,Canterbury 008,2,Male,3151
E02005018,Canterbury 009,1,Female,4490
E02005018,Canterbury 009,2,Male,4242
E02005019,Canterbury 010,1,Female,3372
E02005019,Canterbury 010,2,Male,3153
E02005020,Canterbury 011,1,Female,3929
E02005020,Canterbury 011,2,Male,3593
E02005021,Canterbury 012,1,Female,5689
E02005021,Canterbury 012,2,Male,5343
E02005022,Canterbury 013,1,Female,4074
E02005022,Canterbury 013,2,Male,3988
E02005023,Canterbury 014,1,Female,5080
E02005023,Canterbury 014,2,Male,4648
E02005025,Canterbury 016,1,Female,5404
E02005025,Canterbury 016,2,Male,4490
E02005026,Canterbury 017,1,Female,4188
E02005026,Canterbury 017,2,Male,3891
E02005027,Canterbury 018,1,Female,2908
E02005027,Canterbury 018,2,Male,2609
E02005028,Dartford 001,1,Female,7353
E02005028,Dartford 001,2,Male,7015
E02005029,Dartford 002,1,Female,7553
E02005029,Dartford 002,2,Male,7372
E02005030,Dartford 003,1,Female,6222
E02005030,Dartford 003,2,Male,5981
E02005031,Dartford 004,1,Female,4129
E02005031,Dartford 004,2,Male,4009
E02005032,Dartford 005,1,Female,4835
E02005032,Dartford 005,2,Male,4892
E02005033,Dartford 006,1,Female,3917
E02005033,Dartford 006,2,Male,3687
E02005034,Dartford 007,1,Female,3906
E02005034,Dartford 007,2,Male,3821
E02005035,Dartford 008,1,Female,4390
E02005035,Dartford 008,2,Male,4149
E02005036,Dartford 009,1,Female,3484
E02005036,Dartford 009,2,Male,3249
E02005037,Dartford 010,1,Female,3665
E02005037,Dartford 010,2,Male,3422
E02005038,Dartford 011,1,Female,3113
E02005038,Dartford 011,2,Male,2886
E02005039,Dartford 012,1,Female,3509
E02005039,Dartford 012,2,Male,3364
E02005040,Dartford 013,1,Female,3523
E02005040,Dartford 013,2,Male,3307
E02005041,Dover 001,1,Female,3677
E02005041,Dover 001,2,Male,3569
E02005042,Dover 002,1,Female,4580
E02005042,Dover 002,2,Male,4341
E02005043,Dover 003,1,Female,3800
E02005043,Dover 003,2,Male,3327
E02005044,Dover 004,1,Female,3089
E02005044,Dover 004,2,Male,2965
E02005045,Dover 005,1,Female,4797
E02005045,Dover 005,2,Male,4555
E02005046,Dover 006,1,Female,4664
E02005046,Dover 006,2,Male,4300
E02005047,Dover 007,1,Female,4113
E02005047,Dover 007,2,Male,3603
E02005048,Dover 008,1,Female,3360
E02005048,Dover 008,2,Male,3234
E02005049,Dover 009,1,Female,3569
E02005049,Dover 009,2,Male,3363
E02005050,Dover 010,1,Female,4945
E02005050,Dover 010,2,Male,4760
E02005051,Dover 011,1,Female,6976
E02005051,Dover 011,2,Male,6628
E02005052,Dover 012,1,Female,4090
E02005052,Dover 012,2,Male,4262
E02005053,Dover 013,1,Female,4579
E02005053,Dover 013,2,Male,4578
E02005054,Dover 014,1,Female,3370
E02005054,Dover 014,2,Male,3316
E02005055,Gravesham 001,1,Female,4326
E02005055,Gravesham 001,2,Male,4069
E02005056,Gravesham 002,1,Female,4958
E02005056,Gravesham 002,2,Male,5204
E02005057,Gravesham 003,1,Female,5898
E02005057,Gravesham 003,2,Male,5688
E02005058,Gravesham 004,1,Female,4145
E02005058,Gravesham 004,2,Male,3862
E02005059,Gravesham 005,1,Female,4873
E02005059,Gravesham 005,2,Male,4772
E02005060,Gravesham 006,1,Female,4483
E02005060,Gravesham 006,2,Male,4162
E02005061,Gravesham 007,1,Female,3848
E02005061,Gravesham 007,2,Male,3648
E02005062,Gravesham 008,1,Female,3614
E02005062,Gravesham 008,2,Male,3471
E02005063,Gravesham 009,1,Female,3765
E02005063,Gravesham 009,2,Male,3561
E02005064,Gravesham 010,1,Female,3391
E02005064,Gravesham 010,2,Male,3172
E02005065,Gravesham 011,1,Female,4369
E02005065,Gravesham 011,2,Male,3942
E02005066,Gravesham 012,1,Female,3994
E02005066,Gravesham 012,2,Male,3753
E02005067,Gravesham 013,1,Female,3003
E02005067,Gravesham 013,2,Male,2929
E02005068,Maidstone 001,1,Female,3578
E02005068,Maidstone 001,2,Male,3599
E02005069,Maidstone 002,1,Female,4578
E02005069,Maidstone 002,2,Male,4507
E02005070,Maidstone 003,1,Female,5059
E02005070,Maidstone 003,2,Male,4693
E02005071,Maidstone 004,1,Female,5565
E02005071,Maidstone 004,2,Male,6727
E02005072,Maidstone 005,1,Female,4123
E02005072,Maidstone 005,2,Male,3918
E02005073,Maidstone 006,1,Female,6013
E02005073,Maidstone 006,2,Male,6353
E02005074,Maidstone 007,1,Female,4158
E02005074,Maidstone 007,2,Male,3874
E02005075,Maidstone 008,1,Female,5652
E02005075,Maidstone 008,2,Male,5409
E02005076,Maidstone 009,1,Female,5087
E02005076,Maidstone 009,2,Male,4924
E02005077,Maidstone 010,1,Female,4113
E02005077,Maidstone 010,2,Male,3986
E02005078,Maidstone 011,1,Female,4956
E02005078,Maidstone 011,2,Male,4808
E02005079,Maidstone 012,1,Female,4613
E02005079,Maidstone 012,2,Male,4439
E02005080,Maidstone 013,1,Female,6376
E02005080,Maidstone 013,2,Male,5805
E02005081,Maidstone 014,1,Female,3562
E02005081,Maidstone 014,2,Male,3409
E02005082,Maidstone 015,1,Female,6067
E02005082,Maidstone 015,2,Male,5903
E02005083,Maidstone 016,1,Female,3996
E02005083,Maidstone 016,2,Male,3854
E02005084,Maidstone 017,1,Female,3888
E02005084,Maidstone 017,2,Male,3617
E02005085,Maidstone 018,1,Female,3983
E02005085,Maidstone 018,2,Male,3897
E02005086,Maidstone 019,1,Female,3451
E02005086,Maidstone 019,2,Male,3242
E02005087,Sevenoaks 001,1,Female,3738
E02005087,Sevenoaks 001,2,Male,3403
E02005088,Sevenoaks 002,1,Female,5218
E02005088,Sevenoaks 002,2,Male,4695
E02005089,Sevenoaks 003,1,Female,3547
E02005089,Sevenoaks 003,2,Male,3309
E02005090,Sevenoaks 004,1,Female,3105
E02005090,Sevenoaks 004,2,Male,2826
E02005091,Sevenoaks 005,1,Female,3502
E02005091,Sevenoaks 005,2,Male,3269
E02005093,Sevenoaks 007,1,Female,3070
E02005093,Sevenoaks 007,2,Male,2954
E02005094,Sevenoaks 008,1,Female,4993
E02005094,Sevenoaks 008,2,Male,4733
E02005095,Sevenoaks 009,1,Female,3899
E02005095,Sevenoaks 009,2,Male,3667
E02005096,Sevenoaks 010,1,Female,5073
E02005096,Sevenoaks 010,2,Male,4780
E02005097,Sevenoaks 011,1,Female,4906
E02005097,Sevenoaks 011,2,Male,4734
E02005098,Sevenoaks 012,1,Female,5238
E02005098,Sevenoaks 012,2,Male,4868
E02005099,Sevenoaks 013,1,Female,4104
E02005099,Sevenoaks 013,2,Male,3859
E02005100,Sevenoaks 014,1,Female,5149
E02005100,Sevenoaks 014,2,Male,4732
E02005101,Sevenoaks 015,1,Female,3601
E02005101,Sevenoaks 015,2,Male,3471
E02005102,Folkestone and Hythe 001,1,Female,3153
E02005102,Folkestone and Hythe 001,2,Male,2935
E02005103,Folkestone and Hythe 002,1,Female,5179
E02005103,Folkestone and Hythe 002,2,Male,4907
E02005104,Folkestone and Hythe 003,1,Female,4170
E02005104,Folkestone and Hythe 003,2,Male,3827
E02005105,Folkestone and Hythe 004,1,Female,3932
E02005105,Folkestone and Hythe 004,2,Male,3724
E02005106,Folkestone and Hythe 005,1,Female,5189
E02005106,Folkestone and Hythe 005,2,Male,4817
E02005107,Folkestone and Hythe 006,1,Female,6555
E02005107,Folkestone and Hythe 006,2,Male,6544
E02005109,Folkestone and Hythe 008,1,Female,3540
E02005109,Folkestone and Hythe 008,2,Male,3152
E02005110,Folkestone and Hythe 009,1,Female,3610
E02005110,Folkestone and Hythe 009,2,Male,3497
E02005111,Folkestone and Hythe 010,1,Female,3801
E02005111,Folkestone and Hythe 010,2,Male,3384
E02005112,Folkestone and Hythe 011,1,Female,3616
E02005112,Folkestone and Hythe 011,2,Male,3440
E02005113,Folkestone and Hythe 012,1,Female,3744
E02005113,Folkestone and Hythe 012,2,Male,3508
E02005114,Folkestone and Hythe 013,1,Female,3160
E02005114,Folkestone and Hythe 013,2,Male,3180
E02005115,Swale 001,1,Female,3382
E02005115,Swale 001,2,Male,3325
E02005116,Swale 002,1,Female,3407
E02005116,Swale 002,2,Male,3137
E02005117,Swale 003,1,Female,3319
E02005117,Swale 003,2,Male,3265
E02005118,Swale 004,1,Female,5572
E02005118,Swale 004,2,Male,5283
E02005119,Swale 005,1,Female,3343
E02005119,Swale 005,2,Male,3231
E02005120,Swale 006,1,Female,3709
E02005120,Swale 006,2,Male,5924
E02005121,Swale 007,1,Female,7089
E02005121,Swale 007,2,Male,6948
E02005122,Swale 008,1,Female,4034
E02005122,Swale 008,2,Male,3777
E02005123,Swale 009,1,Female,6477
E02005123,Swale 009,2,Male,6279
E02005124,Swale 010,1,Female,4570
E02005124,Swale 010,2,Male,4251
E02005125,Swale 011,1,Female,4330
E02005125,Swale 011,2,Male,4219
E02005126,Swale 012,1,Female,4182
E02005126,Swale 012,2,Male,3982
E02005127,Swale 013,1,Female,4554
E02005127,Swale 013,2,Male,4333
E02005128,Swale 014,1,Female,4674
E02005128,Swale 014,2,Male,4299
E02005129,Swale 015,1,Female,5979
E02005129,Swale 015,2,Male,5484
E02005130,Swale 016,1,Female,4765
E02005130,Swale 016,2,Male,4756
E02005131,Swale 017,1,Female,2976
E02005131,Swale 017,2,Male,2823
E02005132,Thanet 001,1,Female,5469
E02005132,Thanet 001,2,Male,5163
E02005133,Thanet 002,1,Female,4556
E02005133,Thanet 002,2,Male,4080
E02005134,Thanet 003,1,Female,4075
E02005134,Thanet 003,2,Male,3919
E02005135,Thanet 004,1,Female,4071
E02005135,Thanet 004,2,Male,3811
E02005136,Thanet 005,1,Female,4161
E02005136,Thanet 005,2,Male,3885
E02005137,Thanet 006,1,Female,4081
E02005137,Thanet 006,2,Male,3640
E02005138,Thanet 007,1,Female,4758
E02005138,Thanet 007,2,Male,4289
E02005139,Thanet 008,1,Female,4698
E02005139,Thanet 008,2,Male,4166
E02005140,Thanet 009,1,Female,3972
E02005140,Thanet 009,2,Male,3585
E02005141,Thanet 010,1,Female,3611
E02005141,Thanet 010,2,Male,3454
E02005142,Thanet 011,1,Female,3758
E02005142,Thanet 011,2,Male,3537
E02005143,Thanet 012,1,Female,4304
E02005143,Thanet 012,2,Male,3903
E02005144,Thanet 013,1,Female,4594
E02005144,Thanet 013,2,Male,4331
E02005145,Thanet 014,1,Female,4110
E02005145,Thanet 014,2,Male,3945
E02005146,Thanet 015,1,Female,4229
E02005146,Thanet 015,2,Male,3911
E02005147,Thanet 016,1,Female,4420
E02005147,Thanet 016,2,Male,4286
E02005148,Thanet 017,1,Female,4059
E02005148,Thanet 017,2,Male,3755
E02005149,Tonbridge and Malling 001,1,Female,6216
E02005149,Tonbridge and Malling 001,2,Male,5888
E02005150,Tonbridge and Malling 002,1,Female,6063
E02005150,Tonbridge and Malling 002,2,Male,5767
E02005151,Tonbridge and Malling 003,1,Female,6534
E02005151,Tonbridge and Malling 003,2,Male,6182
E02005153,Tonbridge and Malling 005,1,Female,4864
E02005153,Tonbridge and Malling 005,2,Male,4578
E02005154,Tonbridge and Malling 006,1,Female,6056
E02005154,Tonbridge and Malling 006,2,Male,5695
E02005155,Tonbridge and Malling 007,1,Female,6370
E02005155,Tonbridge and Malling 007,2,Male,6189
E02005156,Tonbridge and Malling 008,1,Female,3672
E02005156,Tonbridge and Malling 008,2,Male,3541
E02005157,Tonbridge and Malling 009,1,Female,3513
E02005157,Tonbridge and Malling 009,2,Male,3217
E02005158,Tonbridge and Malling 010,1,Female,3370
E02005158,Tonbridge and Malling 010,2,Male,3244
E02005159,Tonbridge and Malling 011,1,Female,4055
E02005159,Tonbridge and Malling 011,2,Male,3675
E02005160,Tonbridge and Malling 012,1,Female,6264
E02005160,Tonbridge and Malling 012,2,Male,6244
E02005161,Tonbridge and Malling 013,1,Female,4418
E02005161,Tonbridge and Malling 013,2,Male,4184
E02005162,Tunbridge Wells 001,1,Female,5377
E02005162,Tunbridge Wells 001,2,Male,5135
E02005163,Tunbridge Wells 002,1,Female,4138
E02005163,Tunbridge Wells 002,2,Male,3942
E02005164,Tunbridge Wells 003,1,Female,4549
E02005164,Tunbridge Wells 003,2,Male,4376
E02005165,Tunbridge Wells 004,1,Female,3920
E02005165,Tunbridge Wells 004,2,Male,3597
E02005166,Tunbridge Wells 005,1,Female,3556
E02005166,Tunbridge Wells 005,2,Male,3357
E02005167,Tunbridge Wells 006,1,Female,3915
E02005167,Tunbridge Wells 006,2,Male,3746
E02005168,Tunbridge Wells 007,1,Female,3899
E02005168,Tunbridge Wells 007,2,Male,3673
E02005169,Tunbridge Wells 008,1,Female,4519
E02005169,Tunbridge Wells 008,2,Male,4578
E02005170,Tunbridge Wells 009,1,Female,5140
E02005170,Tunbridge Wells 009,2,Male,4707
E02005171,Tunbridge Wells 010,1,Female,3252
E02005171,Tunbridge Wells 010,2,Male,2948
E02005172,Tunbridge Wells 011,1,Female,4154
E02005172,Tunbridge Wells 011,2,Male,4108
E02005173,Tunbridge Wells 012,1,Female,4318
E02005173,Tunbridge Wells 012,2,Male,4112
E02005174,Tunbridge Wells 013,1,Female,3926
E02005174,Tunbridge Wells 013,2,Male,3650
E02005175,Tunbridge Wells 014,1,Female,4701
E02005175,Tunbridge Wells 014,2,Male,4018
E02005176,Burnley 001,1,Female,4699
E02005176,Burnley 001,2,Male,4414
E02005177,Burnley 002,1,Female,3369
E02005177,Burnley 002,2,Male,3333
E02005178,Burnley 003,1,Female,5644
E02005178,Burnley 003,2,Male,6173
E02005179,Burnley 004,1,Female,4774
E02005179,Burnley 004,2,Male,4551
E02005180,Burnley 005,1,Female,3618
E02005180,Burnley 005,2,Male,3457
E02005181,Burnley 006,1,Female,3375
E02005181,Burnley 006,2,Male,3268
E02005182,Burnley 007,1,Female,3247
E02005182,Burnley 007,2,Male,3061
E02005183,Burnley 008,1,Female,3132
E02005183,Burnley 008,2,Male,2896
E02005184,Burnley 009,1,Female,2568
E02005184,Burnley 009,2,Male,2507
E02005185,Burnley 010,1,Female,4831
E02005185,Burnley 010,2,Male,4787
E02005186,Burnley 011,1,Female,3139
E02005186,Burnley 011,2,Male,3053
E02005189,Chorley 001,1,Female,2700
E02005189,Chorley 001,2,Male,2629
E02005190,Chorley 002,1,Female,3092
E02005190,Chorley 002,2,Male,2877
E02005191,Chorley 003,1,Female,4914
E02005191,Chorley 003,2,Male,4822
E02005192,Chorley 004,1,Female,4463
E02005192,Chorley 004,2,Male,4384
E02005193,Chorley 005,1,Female,4466
E02005193,Chorley 005,2,Male,4249
E02005194,Chorley 006,1,Female,4079
E02005194,Chorley 006,2,Male,3907
E02005195,Chorley 007,1,Female,3110
E02005195,Chorley 007,2,Male,4773
E02005196,Chorley 008,1,Female,5844
E02005196,Chorley 008,2,Male,5482
E02005197,Chorley 009,1,Female,3670
E02005197,Chorley 009,2,Male,3572
E02005198,Chorley 010,1,Female,4867
E02005198,Chorley 010,2,Male,4814
E02005199,Chorley 011,1,Female,3843
E02005199,Chorley 011,2,Male,3720
E02005200,Chorley 012,1,Female,4640
E02005200,Chorley 012,2,Male,4494
E02005201,Chorley 013,1,Female,4244
E02005201,Chorley 013,2,Male,4056
E02005202,Chorley 014,1,Female,5112
E02005202,Chorley 014,2,Male,4912
E02005203,Fylde 001,1,Female,4296
E02005203,Fylde 001,2,Male,4216
E02005204,Fylde 002,1,Female,6389
E02005204,Fylde 002,2,Male,6187
E02005205,Fylde 003,1,Female,3163
E02005205,Fylde 003,2,Male,3508
E02005206,Fylde 004,1,Female,3905
E02005206,Fylde 004,2,Male,3667
E02005207,Fylde 005,1,Female,4418
E02005207,Fylde 005,2,Male,4108
E02005208,Fylde 006,1,Female,5015
E02005208,Fylde 006,2,Male,5035
E02005209,Fylde 007,1,Female,4520
E02005209,Fylde 007,2,Male,4247
E02005210,Fylde 008,1,Female,5374
E02005210,Fylde 008,2,Male,4841
E02005211,Fylde 009,1,Female,4437
E02005211,Fylde 009,2,Male,4048
E02005212,Hyndburn 001,1,Female,5646
E02005212,Hyndburn 001,2,Male,5370
E02005213,Hyndburn 002,1,Female,5863
E02005213,Hyndburn 002,2,Male,5619
E02005214,Hyndburn 003,1,Female,3322
E02005214,Hyndburn 003,2,Male,3336
E02005215,Hyndburn 004,1,Female,6396
E02005215,Hyndburn 004,2,Male,6114
E02005216,Hyndburn 005,1,Female,2743
E02005216,Hyndburn 005,2,Male,2596
E02005217,Hyndburn 006,1,Female,6727
E02005217,Hyndburn 006,2,Male,6687
E02005218,Hyndburn 007,1,Female,3710
E02005218,Hyndburn 007,2,Male,3579
E02005219,Hyndburn 008,1,Female,4342
E02005219,Hyndburn 008,2,Male,4295
E02005220,Hyndburn 009,1,Female,3009
E02005220,Hyndburn 009,2,Male,2882
E02005221,Lancaster 001,1,Female,5109
E02005221,Lancaster 001,2,Male,4834
E02005222,Lancaster 002,1,Female,3039
E02005222,Lancaster 002,2,Male,2956
E02005223,Lancaster 003,1,Female,3739
E02005223,Lancaster 003,2,Male,3504
E02005224,Lancaster 004,1,Female,2735
E02005224,Lancaster 004,2,Male,2423
E02005225,Lancaster 005,1,Female,3132
E02005225,Lancaster 005,2,Male,2892
E02005226,Lancaster 006,1,Female,3805
E02005226,Lancaster 006,2,Male,3661
E02005228,Lancaster 008,1,Female,3000
E02005228,Lancaster 008,2,Male,2776
E02005229,Lancaster 009,1,Female,2820
E02005229,Lancaster 009,2,Male,2924
E02005230,Lancaster 010,1,Female,3495
E02005230,Lancaster 010,2,Male,3095
E02005231,Lancaster 011,1,Female,4245
E02005231,Lancaster 011,2,Male,4038
E02005233,Lancaster 013,1,Female,3869
E02005233,Lancaster 013,2,Male,4172
E02005234,Lancaster 014,1,Female,4279
E02005234,Lancaster 014,2,Male,4808
E02005235,Lancaster 015,1,Female,2601
E02005235,Lancaster 015,2,Male,2505
E02005236,Lancaster 016,1,Female,6912
E02005236,Lancaster 016,2,Male,6508
E02005237,Lancaster 017,1,Female,5417
E02005237,Lancaster 017,2,Male,4926
E02005238,Lancaster 018,1,Female,2897
E02005238,Lancaster 018,2,Male,2723
E02005239,Lancaster 019,1,Female,5548
E02005239,Lancaster 019,2,Male,5356
E02005240,Pendle 001,1,Female,2818
E02005240,Pendle 001,2,Male,2740
E02005241,Pendle 002,1,Female,2812
E02005241,Pendle 002,2,Male,2799
E02005242,Pendle 003,1,Female,3155
E02005242,Pendle 003,2,Male,3038
E02005245,Pendle 006,1,Female,3539
E02005245,Pendle 006,2,Male,3393
E02005246,Pendle 007,1,Female,2727
E02005246,Pendle 007,2,Male,2695
E02005247,Pendle 008,1,Female,5082
E02005247,Pendle 008,2,Male,4795
E02005248,Pendle 009,1,Female,3876
E02005248,Pendle 009,2,Male,3831
E02005249,Pendle 010,1,Female,5149
E02005249,Pendle 010,2,Male,5317
E02005250,Pendle 011,1,Female,4769
E02005250,Pendle 011,2,Male,4749
E02005251,Pendle 012,1,Female,3752
E02005251,Pendle 012,2,Male,3558
E02005252,Pendle 013,1,Female,5156
E02005252,Pendle 013,2,Male,5240
E02005253,Preston 001,1,Female,3589
E02005253,Preston 001,2,Male,3578
E02005254,Preston 002,1,Female,4995
E02005254,Preston 002,2,Male,4754
E02005255,Preston 003,1,Female,4881
E02005255,Preston 003,2,Male,4669
E02005256,Preston 004,1,Female,3523
E02005256,Preston 004,2,Male,3336
E02005257,Preston 005,1,Female,2983
E02005257,Preston 005,2,Male,2792
E02005258,Preston 006,1,Female,4253
E02005258,Preston 006,2,Male,4115
E02005259,Preston 007,1,Female,5452
E02005259,Preston 007,2,Male,5092
E02005260,Preston 008,1,Female,3435
E02005260,Preston 008,2,Male,3242
E02005261,Preston 009,1,Female,5262
E02005261,Preston 009,2,Male,5012
E02005262,Preston 010,1,Female,3680
E02005262,Preston 010,2,Male,3695
E02005263,Preston 011,1,Female,3353
E02005263,Preston 011,2,Male,3802
E02005264,Preston 012,1,Female,6204
E02005264,Preston 012,2,Male,6234
E02005265,Preston 013,1,Female,5508
E02005265,Preston 013,2,Male,5303
E02005266,Preston 014,1,Female,4271
E02005266,Preston 014,2,Male,4713
E02005267,Preston 015,1,Female,3147
E02005267,Preston 015,2,Male,3227
E02005268,Preston 016,1,Female,4653
E02005268,Preston 016,2,Male,4698
E02005269,Preston 017,1,Female,4911
E02005269,Preston 017,2,Male,5471
E02005270,Ribble Valley 001,1,Female,3711
E02005270,Ribble Valley 001,2,Male,3702
E02005271,Ribble Valley 002,1,Female,4165
E02005271,Ribble Valley 002,2,Male,3995
E02005272,Ribble Valley 003,1,Female,4507
E02005272,Ribble Valley 003,2,Male,4470
E02005273,Ribble Valley 004,1,Female,3010
E02005273,Ribble Valley 004,2,Male,2906
E02005274,Ribble Valley 005,1,Female,3970
E02005274,Ribble Valley 005,2,Male,3840
E02005275,Ribble Valley 006,1,Female,2982
E02005275,Ribble Valley 006,2,Male,2761
E02005276,Ribble Valley 007,1,Female,4558
E02005276,Ribble Valley 007,2,Male,4256
E02005277,Ribble Valley 008,1,Female,4454
E02005277,Ribble Valley 008,2,Male,4272
E02005278,Rossendale 001,1,Female,4037
E02005278,Rossendale 001,2,Male,3845
E02005279,Rossendale 002,1,Female,5223
E02005279,Rossendale 002,2,Male,5119
E02005280,Rossendale 003,1,Female,5646
E02005280,Rossendale 003,2,Male,5489
E02005281,Rossendale 004,1,Female,4576
E02005281,Rossendale 004,2,Male,4375
E02005284,Rossendale 007,1,Female,3134
E02005284,Rossendale 007,2,Male,2960
E02005285,Rossendale 008,1,Female,3262
E02005285,Rossendale 008,2,Male,3032
E02005286,Rossendale 009,1,Female,3951
E02005286,Rossendale 009,2,Male,3847
E02005287,South Ribble 001,1,Female,2710
E02005287,South Ribble 001,2,Male,2625
E02005288,South Ribble 002,1,Female,3035
E02005288,South Ribble 002,2,Male,2926
E02005289,South Ribble 003,1,Female,3057
E02005289,South Ribble 003,2,Male,2832
E02005290,South Ribble 004,1,Female,3598
E02005290,South Ribble 004,2,Male,3531
E02005291,South Ribble 005,1,Female,2894
E02005291,South Ribble 005,2,Male,2789
E02005292,South Ribble 006,1,Female,2972
E02005292,South Ribble 006,2,Male,2685
E02005293,South Ribble 007,1,Female,2726
E02005293,South Ribble 007,2,Male,2731
E02005294,South Ribble 008,1,Female,3583
E02005294,South Ribble 008,2,Male,3470
E02005295,South Ribble 009,1,Female,3805
E02005295,South Ribble 009,2,Male,3724
E02005296,South Ribble 010,1,Female,3146
E02005296,South Ribble 010,2,Male,2971
E02005297,South Ribble 011,1,Female,4291
E02005297,South Ribble 011,2,Male,4024
E02005298,South Ribble 012,1,Female,4299
E02005298,South Ribble 012,2,Male,4068
E02005299,South Ribble 013,1,Female,3708
E02005299,South Ribble 013,2,Male,3650
E02005300,South Ribble 014,1,Female,2526
E02005300,South Ribble 014,2,Male,2525
E02005301,South Ribble 015,1,Female,3148
E02005301,South Ribble 015,2,Male,2975
E02005302,South Ribble 016,1,Female,3902
E02005302,South Ribble 016,2,Male,3773
E02005303,South Ribble 017,1,Female,3337
E02005303,South Ribble 017,2,Male,2999
E02005304,West Lancashire 001,1,Female,4581
E02005304,West Lancashire 001,2,Male,4439
E02005305,West Lancashire 002,1,Female,4050
E02005305,West Lancashire 002,2,Male,3922
E02005306,West Lancashire 003,1,Female,3817
E02005306,West Lancashire 003,2,Male,3687
E02005307,West Lancashire 004,1,Female,4954
E02005307,West Lancashire 004,2,Male,4666
E02005308,West Lancashire 005,1,Female,3374
E02005308,West Lancashire 005,2,Male,3128
E02005309,West Lancashire 006,1,Female,4545
E02005309,West Lancashire 006,2,Male,4270
E02005310,West Lancashire 007,1,Female,5867
E02005310,West Lancashire 007,2,Male,4273
E02005311,West Lancashire 008,1,Female,3712
E02005311,West Lancashire 008,2,Male,3085
E02005312,West Lancashire 009,1,Female,3240
E02005312,West Lancashire 009,2,Male,3033
E02005313,West Lancashire 010,1,Female,4537
E02005313,West Lancashire 010,2,Male,4340
E02005314,West Lancashire 011,1,Female,3247
E02005314,West Lancashire 011,2,Male,3166
E02005315,West Lancashire 012,1,Female,4152
E02005315,West Lancashire 012,2,Male,3882
E02005316,West Lancashire 013,1,Female,3298
E02005316,West Lancashire 013,2,Male,3285
E02005317,West Lancashire 014,1,Female,3767
E02005317,West Lancashire 014,2,Male,3539
E02005318,West Lancashire 015,1,Female,3861
E02005318,West Lancashire 015,2,Male,3709
E02005319,Wyre 001,1,Female,4038
E02005319,Wyre 001,2,Male,4133
E02005320,Wyre 002,1,Female,3014
E02005320,Wyre 002,2,Male,2860
E02005321,Wyre 003,1,Female,3147
E02005321,Wyre 003,2,Male,2973
E02005322,Wyre 004,1,Female,5278
E02005322,Wyre 004,2,Male,5019
E02005323,Wyre 005,1,Female,3897
E02005323,Wyre 005,2,Male,3635
E02005324,Wyre 006,1,Female,3677
E02005324,Wyre 006,2,Male,3594
E02005325,Wyre 007,1,Female,4831
E02005325,Wyre 007,2,Male,4534
E02005326,Wyre 008,1,Female,4279
E02005326,Wyre 008,2,Male,4001
E02005327,Wyre 009,1,Female,3420
E02005327,Wyre 009,2,Male,3292
E02005328,Wyre 010,1,Female,3981
E02005328,Wyre 010,2,Male,3591
E02005329,Wyre 011,1,Female,4843
E02005329,Wyre 011,2,Male,4501
E02005330,Wyre 012,1,Female,4539
E02005330,Wyre 012,2,Male,4256
E02005331,Wyre 013,1,Female,4343
E02005331,Wyre 013,2,Male,3974
E02005332,Wyre 014,1,Female,4229
E02005332,Wyre 014,2,Male,4069
E02005334,Blaby 002,1,Female,3080
E02005334,Blaby 002,2,Male,2986
E02005335,Blaby 003,1,Female,3889
E02005335,Blaby 003,2,Male,3662
E02005336,Blaby 004,1,Female,3624
E02005336,Blaby 004,2,Male,3654
E02005337,Blaby 005,1,Female,5029
E02005337,Blaby 005,2,Male,4957
E02005338,Blaby 006,1,Female,5846
E02005338,Blaby 006,2,Male,5534
E02005339,Blaby 007,1,Female,4392
E02005339,Blaby 007,2,Male,4288
E02005340,Blaby 008,1,Female,4617
E02005340,Blaby 008,2,Male,4284
E02005341,Blaby 009,1,Female,3892
E02005341,Blaby 009,2,Male,3728
E02005342,Blaby 010,1,Female,3793
E02005342,Blaby 010,2,Male,3636
E02005343,Blaby 011,1,Female,4116
E02005343,Blaby 011,2,Male,3850
E02005344,Blaby 012,1,Female,4737
E02005344,Blaby 012,2,Male,4515
E02005345,Charnwood 001,1,Female,3250
E02005345,Charnwood 001,2,Male,3165
E02005346,Charnwood 002,1,Female,6029
E02005346,Charnwood 002,2,Male,6626
E02005347,Charnwood 003,1,Female,5186
E02005347,Charnwood 003,2,Male,6047
E02005348,Charnwood 004,1,Female,2717
E02005348,Charnwood 004,2,Male,2803
E02005349,Charnwood 005,1,Female,4082
E02005349,Charnwood 005,2,Male,3841
E02005350,Charnwood 006,1,Female,3504
E02005350,Charnwood 006,2,Male,3441
E02005351,Charnwood 007,1,Female,4856
E02005351,Charnwood 007,2,Male,6418
E02005352,Charnwood 008,1,Female,3171
E02005352,Charnwood 008,2,Male,3114
E02005353,Charnwood 009,1,Female,5334
E02005353,Charnwood 009,2,Male,5352
E02005354,Charnwood 010,1,Female,5181
E02005354,Charnwood 010,2,Male,5022
E02005355,Charnwood 011,1,Female,3817
E02005355,Charnwood 011,2,Male,3541
E02005356,Charnwood 012,1,Female,3753
E02005356,Charnwood 012,2,Male,3503
E02005357,Charnwood 013,1,Female,4277
E02005357,Charnwood 013,2,Male,4141
E02005358,Charnwood 014,1,Female,6268
E02005358,Charnwood 014,2,Male,5990
E02005359,Charnwood 015,1,Female,3967
E02005359,Charnwood 015,2,Male,3751
E02005360,Charnwood 016,1,Female,3170
E02005360,Charnwood 016,2,Male,3202
E02005361,Charnwood 017,1,Female,3307
E02005361,Charnwood 017,2,Male,3020
E02005362,Charnwood 018,1,Female,3703
E02005362,Charnwood 018,2,Male,3589
E02005363,Charnwood 019,1,Female,4649
E02005363,Charnwood 019,2,Male,4409
E02005364,Charnwood 020,1,Female,2688
E02005364,Charnwood 020,2,Male,2571
E02005365,Charnwood 021,1,Female,5005
E02005365,Charnwood 021,2,Male,4813
E02005366,Charnwood 022,1,Female,4014
E02005366,Charnwood 022,2,Male,3683
E02005368,Harborough 002,1,Female,3216
E02005368,Harborough 002,2,Male,3189
E02005369,Harborough 003,1,Female,6600
E02005369,Harborough 003,2,Male,6163
E02005370,Harborough 004,1,Female,4865
E02005370,Harborough 004,2,Male,4786
E02005371,Harborough 005,1,Female,5485
E02005371,Harborough 005,2,Male,5304
E02005372,Harborough 006,1,Female,5073
E02005372,Harborough 006,2,Male,5159
E02005373,Harborough 007,1,Female,5914
E02005373,Harborough 007,2,Male,6260
E02005374,Harborough 008,1,Female,3376
E02005374,Harborough 008,2,Male,3176
E02005375,Harborough 009,1,Female,4799
E02005375,Harborough 009,2,Male,4582
E02005376,Harborough 010,1,Female,5441
E02005376,Harborough 010,2,Male,5389
E02005377,Hinckley and Bosworth 001,1,Female,4675
E02005377,Hinckley and Bosworth 001,2,Male,4389
E02005378,Hinckley and Bosworth 002,1,Female,2693
E02005378,Hinckley and Bosworth 002,2,Male,2631
E02005379,Hinckley and Bosworth 003,1,Female,3088
E02005379,Hinckley and Bosworth 003,2,Male,2973
E02005380,Hinckley and Bosworth 004,1,Female,4423
E02005380,Hinckley and Bosworth 004,2,Male,4254
E02005381,Hinckley and Bosworth 005,1,Female,4558
E02005381,Hinckley and Bosworth 005,2,Male,4316
E02005382,Hinckley and Bosworth 006,1,Female,5410
E02005382,Hinckley and Bosworth 006,2,Male,5220
E02005383,Hinckley and Bosworth 007,1,Female,4585
E02005383,Hinckley and Bosworth 007,2,Male,4568
E02005384,Hinckley and Bosworth 008,1,Female,3745
E02005384,Hinckley and Bosworth 008,2,Male,3661
E02005385,Hinckley and Bosworth 009,1,Female,3357
E02005385,Hinckley and Bosworth 009,2,Male,3283
E02005386,Hinckley and Bosworth 010,1,Female,4510
E02005386,Hinckley and Bosworth 010,2,Male,4607
E02005387,Hinckley and Bosworth 011,1,Female,5023
E02005387,Hinckley and Bosworth 011,2,Male,4934
E02005388,Hinckley and Bosworth 012,1,Female,3072
E02005388,Hinckley and Bosworth 012,2,Male,3157
E02005389,Hinckley and Bosworth 013,1,Female,3153
E02005389,Hinckley and Bosworth 013,2,Male,2896
E02005390,Hinckley and Bosworth 014,1,Female,5314
E02005390,Hinckley and Bosworth 014,2,Male,5145
E02005391,Melton 001,1,Female,5002
E02005391,Melton 001,2,Male,4717
E02005392,Melton 002,1,Female,4751
E02005392,Melton 002,2,Male,4532
E02005393,Melton 003,1,Female,3814
E02005393,Melton 003,2,Male,3618
E02005394,Melton 004,1,Female,4956
E02005394,Melton 004,2,Male,4667
E02005395,Melton 005,1,Female,4450
E02005395,Melton 005,2,Male,4374
E02005396,Melton 006,1,Female,3522
E02005396,Melton 006,2,Male,3349
E02005397,North West Leicestershire 001,1,Female,4583
E02005397,North West Leicestershire 001,2,Male,4675
E02005398,North West Leicestershire 002,1,Female,3684
E02005398,North West Leicestershire 002,2,Male,3181
E02005399,North West Leicestershire 003,1,Female,4206
E02005399,North West Leicestershire 003,2,Male,4115
E02005400,North West Leicestershire 004,1,Female,2962
E02005400,North West Leicestershire 004,2,Male,2872
E02005401,North West Leicestershire 005,1,Female,3309
E02005401,North West Leicestershire 005,2,Male,3158
E02005402,North West Leicestershire 006,1,Female,3483
E02005402,North West Leicestershire 006,2,Male,3317
E02005403,North West Leicestershire 007,1,Female,3325
E02005403,North West Leicestershire 007,2,Male,3232
E02005404,North West Leicestershire 008,1,Female,4416
E02005404,North West Leicestershire 008,2,Male,4306
E02005405,North West Leicestershire 009,1,Female,3649
E02005405,North West Leicestershire 009,2,Male,3551
E02005406,North West Leicestershire 010,1,Female,4027
E02005406,North West Leicestershire 010,2,Male,3876
E02005407,North West Leicestershire 011,1,Female,5456
E02005407,North West Leicestershire 011,2,Male,5478
E02005408,North West Leicestershire 012,1,Female,3908
E02005408,North West Leicestershire 012,2,Male,3933
E02005409,North West Leicestershire 013,1,Female,6063
E02005409,North West Leicestershire 013,2,Male,5940
E02005412,Oadby and Wigston 003,1,Female,4656
E02005412,Oadby and Wigston 003,2,Male,4167
E02005414,Oadby and Wigston 005,1,Female,4285
E02005414,Oadby and Wigston 005,2,Male,3945
E02005415,Oadby and Wigston 006,1,Female,4199
E02005415,Oadby and Wigston 006,2,Male,3916
E02005416,Oadby and Wigston 007,1,Female,4625
E02005416,Oadby and Wigston 007,2,Male,4342
E02005417,Boston 001,1,Female,3653
E02005417,Boston 001,2,Male,3907
E02005418,Boston 002,1,Female,5617
E02005418,Boston 002,2,Male,5395
E02005419,Boston 003,1,Female,4348
E02005419,Boston 003,2,Male,4384
E02005420,Boston 004,1,Female,4563
E02005420,Boston 004,2,Male,4295
E02005422,Boston 006,1,Female,3403
E02005422,Boston 006,2,Male,3287
E02005423,Boston 007,1,Female,5387
E02005423,Boston 007,2,Male,5064
E02005424,East Lindsey 001,1,Female,5252
E02005424,East Lindsey 001,2,Male,4947
E02005425,East Lindsey 002,1,Female,3337
E02005425,East Lindsey 002,2,Male,3179
E02005426,East Lindsey 003,1,Female,5492
E02005426,East Lindsey 003,2,Male,4987
E02005427,East Lindsey 004,1,Female,3549
E02005427,East Lindsey 004,2,Male,3348
E02005428,East Lindsey 005,1,Female,4314
E02005428,East Lindsey 005,2,Male,4138
E02005429,East Lindsey 006,1,Female,3224
E02005429,East Lindsey 006,2,Male,3020
E02005430,East Lindsey 007,1,Female,3546
E02005430,East Lindsey 007,2,Male,3510
E02005431,East Lindsey 008,1,Female,4501
E02005431,East Lindsey 008,2,Male,4340
E02005432,East Lindsey 009,1,Female,3959
E02005432,East Lindsey 009,2,Male,3812
E02005433,East Lindsey 010,1,Female,3574
E02005433,East Lindsey 010,2,Male,3431
E02005434,East Lindsey 011,1,Female,3942
E02005434,East Lindsey 011,2,Male,3610
E02005435,East Lindsey 012,1,Female,4056
E02005435,East Lindsey 012,2,Male,3802
E02005436,East Lindsey 013,1,Female,4277
E02005436,East Lindsey 013,2,Male,3897
E02005437,East Lindsey 014,1,Female,3087
E02005437,East Lindsey 014,2,Male,3158
E02005438,East Lindsey 015,1,Female,3706
E02005438,East Lindsey 015,2,Male,3320
E02005439,East Lindsey 016,1,Female,5832
E02005439,East Lindsey 016,2,Male,6115
E02005440,East Lindsey 017,1,Female,2827
E02005440,East Lindsey 017,2,Male,2729
E02005441,East Lindsey 018,1,Female,4296
E02005441,East Lindsey 018,2,Male,4181
E02005442,Lincoln 001,1,Female,3421
E02005442,Lincoln 001,2,Male,3221
E02005443,Lincoln 002,1,Female,3858
E02005443,Lincoln 002,2,Male,3642
E02005444,Lincoln 003,1,Female,6891
E02005444,Lincoln 003,2,Male,6734
E02005445,Lincoln 004,1,Female,6205
E02005445,Lincoln 004,2,Male,6513
E02005446,Lincoln 005,1,Female,5320
E02005446,Lincoln 005,2,Male,5125
E02005447,Lincoln 006,1,Female,3928
E02005447,Lincoln 006,2,Male,4386
E02005448,Lincoln 007,1,Female,3787
E02005448,Lincoln 007,2,Male,3534
E02005449,Lincoln 008,1,Female,4844
E02005449,Lincoln 008,2,Male,4567
E02005450,Lincoln 009,1,Female,4265
E02005450,Lincoln 009,2,Male,4166
E02005451,Lincoln 010,1,Female,4108
E02005451,Lincoln 010,2,Male,3946
E02005452,Lincoln 011,1,Female,5783
E02005452,Lincoln 011,2,Male,5567
E02005453,North Kesteven 001,1,Female,5512
E02005453,North Kesteven 001,2,Male,5208
E02005455,North Kesteven 003,1,Female,7402
E02005455,North Kesteven 003,2,Male,7063
E02005456,North Kesteven 004,1,Female,5493
E02005456,North Kesteven 004,2,Male,5444
E02005457,North Kesteven 005,1,Female,4455
E02005457,North Kesteven 005,2,Male,4282
E02005458,North Kesteven 006,1,Female,3443
E02005458,North Kesteven 006,2,Male,3293
E02005459,North Kesteven 007,1,Female,4333
E02005459,North Kesteven 007,2,Male,4164
E02005460,North Kesteven 008,1,Female,3039
E02005460,North Kesteven 008,2,Male,3341
E02005461,North Kesteven 009,1,Female,3285
E02005461,North Kesteven 009,2,Male,3058
E02005462,North Kesteven 010,1,Female,5078
E02005462,North Kesteven 010,2,Male,4757
E02005463,North Kesteven 011,1,Female,5137
E02005463,North Kesteven 011,2,Male,4837
E02005464,North Kesteven 012,1,Female,4388
E02005464,North Kesteven 012,2,Male,4214
E02005465,South Holland 001,1,Female,4506
E02005465,South Holland 001,2,Male,4300
E02005466,South Holland 002,1,Female,3454
E02005466,South Holland 002,2,Male,3314
E02005467,South Holland 003,1,Female,3970
E02005467,South Holland 003,2,Male,3772
E02005468,South Holland 004,1,Female,3862
E02005468,South Holland 004,2,Male,3776
E02005469,South Holland 005,1,Female,4047
E02005469,South Holland 005,2,Male,3939
E02005470,South Holland 006,1,Female,6619
E02005470,South Holland 006,2,Male,6310
E02005471,South Holland 007,1,Female,4625
E02005471,South Holland 007,2,Male,4498
E02005472,South Holland 008,1,Female,5067
E02005472,South Holland 008,2,Male,4919
E02005473,South Holland 009,1,Female,5001
E02005473,South Holland 009,2,Male,4801
E02005474,South Holland 010,1,Female,3556
E02005474,South Holland 010,2,Male,3610
E02005475,South Holland 011,1,Female,3660
E02005475,South Holland 011,2,Male,3516
E02005476,South Kesteven 001,1,Female,3696
E02005476,South Kesteven 001,2,Male,3498
E02005477,South Kesteven 002,1,Female,4682
E02005477,South Kesteven 002,2,Male,4385
E02005478,South Kesteven 003,1,Female,5236
E02005478,South Kesteven 003,2,Male,4790
E02005479,South Kesteven 004,1,Female,4986
E02005479,South Kesteven 004,2,Male,4876
E02005480,South Kesteven 005,1,Female,3872
E02005480,South Kesteven 005,2,Male,3569
E02005481,South Kesteven 006,1,Female,6206
E02005481,South Kesteven 006,2,Male,6061
E02005482,South Kesteven 007,1,Female,4903
E02005482,South Kesteven 007,2,Male,4696
E02005483,South Kesteven 008,1,Female,4005
E02005483,South Kesteven 008,2,Male,3879
E02005484,South Kesteven 009,1,Female,3611
E02005484,South Kesteven 009,2,Male,3567
E02005485,South Kesteven 010,1,Female,4351
E02005485,South Kesteven 010,2,Male,4077
E02005486,South Kesteven 011,1,Female,4970
E02005486,South Kesteven 011,2,Male,4590
E02005487,South Kesteven 012,1,Female,5002
E02005487,South Kesteven 012,2,Male,4787
E02005488,South Kesteven 013,1,Female,3686
E02005488,South Kesteven 013,2,Male,3418
E02005489,South Kesteven 014,1,Female,3824
E02005489,South Kesteven 014,2,Male,3432
E02005490,South Kesteven 015,1,Female,4854
E02005490,South Kesteven 015,2,Male,4389
E02005491,South Kesteven 016,1,Female,6012
E02005491,South Kesteven 016,2,Male,5494
E02005492,West Lindsey 001,1,Female,5054
E02005492,West Lindsey 001,2,Male,4785
E02005493,West Lindsey 002,1,Female,5189
E02005493,West Lindsey 002,2,Male,4950
E02005494,West Lindsey 003,1,Female,5013
E02005494,West Lindsey 003,2,Male,4714
E02005495,West Lindsey 004,1,Female,5244
E02005495,West Lindsey 004,2,Male,5255
E02005496,West Lindsey 005,1,Female,3128
E02005496,West Lindsey 005,2,Male,3157
E02005497,West Lindsey 006,1,Female,3876
E02005497,West Lindsey 006,2,Male,3601
E02005498,West Lindsey 007,1,Female,3722
E02005498,West Lindsey 007,2,Male,3694
E02005499,West Lindsey 008,1,Female,4389
E02005499,West Lindsey 008,2,Male,4165
E02005500,West Lindsey 009,1,Female,3701
E02005500,West Lindsey 009,2,Male,3635
E02005501,West Lindsey 010,1,Female,4160
E02005501,West Lindsey 010,2,Male,3951
E02005502,West Lindsey 011,1,Female,4987
E02005502,West Lindsey 011,2,Male,4782
E02005503,Breckland 001,1,Female,3748
E02005503,Breckland 001,2,Male,3734
E02005504,Breckland 002,1,Female,4691
E02005504,Breckland 002,2,Male,4555
E02005505,Breckland 003,1,Female,3995
E02005505,Breckland 003,2,Male,3659
E02005506,Breckland 004,1,Female,3546
E02005506,Breckland 004,2,Male,3467
E02005507,Breckland 005,1,Female,5938
E02005507,Breckland 005,2,Male,5667
E02005508,Breckland 006,1,Female,3625
E02005508,Breckland 006,2,Male,3623
E02005509,Breckland 007,1,Female,4460
E02005509,Breckland 007,2,Male,4105
E02005510,Breckland 008,1,Female,3731
E02005510,Breckland 008,2,Male,3595
E02005511,Breckland 009,1,Female,4555
E02005511,Breckland 009,2,Male,4412
E02005512,Breckland 010,1,Female,4643
E02005512,Breckland 010,2,Male,5463
E02005513,Breckland 011,1,Female,5413
E02005513,Breckland 011,2,Male,5178
E02005514,Breckland 012,1,Female,3467
E02005514,Breckland 012,2,Male,3411
E02005515,Breckland 013,1,Female,3230
E02005515,Breckland 013,2,Male,3242
E02005516,Breckland 014,1,Female,3549
E02005516,Breckland 014,2,Male,3515
E02005517,Breckland 015,1,Female,3018
E02005517,Breckland 015,2,Male,2915
E02005518,Breckland 016,1,Female,5314
E02005518,Breckland 016,2,Male,5377
E02005519,Breckland 017,1,Female,4428
E02005519,Breckland 017,2,Male,4206
E02005520,Broadland 001,1,Female,4689
E02005520,Broadland 001,2,Male,4247
E02005521,Broadland 002,1,Female,4375
E02005521,Broadland 002,2,Male,4275
E02005522,Broadland 003,1,Female,2802
E02005522,Broadland 003,2,Male,2695
E02005523,Broadland 004,1,Female,4396
E02005523,Broadland 004,2,Male,4213
E02005524,Broadland 005,1,Female,2672
E02005524,Broadland 005,2,Male,2659
E02005525,Broadland 006,1,Female,5052
E02005525,Broadland 006,2,Male,4785
E02005526,Broadland 007,1,Female,2794
E02005526,Broadland 007,2,Male,2596
E02005527,Broadland 008,1,Female,4639
E02005527,Broadland 008,2,Male,4520
E02005528,Broadland 009,1,Female,4305
E02005528,Broadland 009,2,Male,4191
E02005529,Broadland 010,1,Female,2973
E02005529,Broadland 010,2,Male,2709
E02005530,Broadland 011,1,Female,2740
E02005530,Broadland 011,2,Male,2702
E02005531,Broadland 012,1,Female,2769
E02005531,Broadland 012,2,Male,2575
E02005532,Broadland 013,1,Female,4849
E02005532,Broadland 013,2,Male,4681
E02005533,Broadland 014,1,Female,4661
E02005533,Broadland 014,2,Male,4389
E02005534,Broadland 015,1,Female,3781
E02005534,Broadland 015,2,Male,3584
E02005535,Broadland 016,1,Female,3632
E02005535,Broadland 016,2,Male,3531
E02005536,Broadland 017,1,Female,3182
E02005536,Broadland 017,2,Male,3035
E02005537,Broadland 018,1,Female,3148
E02005537,Broadland 018,2,Male,2877
E02005538,Great Yarmouth 001,1,Female,4948
E02005538,Great Yarmouth 001,2,Male,4735
E02005539,Great Yarmouth 002,1,Female,4061
E02005539,Great Yarmouth 002,2,Male,3954
E02005540,Great Yarmouth 003,1,Female,4520
E02005540,Great Yarmouth 003,2,Male,4283
E02005541,Great Yarmouth 004,1,Female,3034
E02005541,Great Yarmouth 004,2,Male,2866
E02005542,Great Yarmouth 005,1,Female,3583
E02005542,Great Yarmouth 005,2,Male,3628
E02005543,Great Yarmouth 006,1,Female,4602
E02005543,Great Yarmouth 006,2,Male,4740
E02005544,Great Yarmouth 007,1,Female,3629
E02005544,Great Yarmouth 007,2,Male,3526
E02005545,Great Yarmouth 008,1,Female,3297
E02005545,Great Yarmouth 008,2,Male,3180
E02005546,Great Yarmouth 009,1,Female,4138
E02005546,Great Yarmouth 009,2,Male,3787
E02005547,Great Yarmouth 010,1,Female,4372
E02005547,Great Yarmouth 010,2,Male,4134
E02005548,Great Yarmouth 011,1,Female,3924
E02005548,Great Yarmouth 011,2,Male,3494
E02005549,Great Yarmouth 012,1,Female,2820
E02005549,Great Yarmouth 012,2,Male,2768
E02005550,Great Yarmouth 013,1,Female,3926
E02005550,Great Yarmouth 013,2,Male,3801
E02005551,King's Lynn and West Norfolk 001,1,Female,2786
E02005551,King's Lynn and West Norfolk 001,2,Male,2445
E02005552,King's Lynn and West Norfolk 002,1,Female,3321
E02005552,King's Lynn and West Norfolk 002,2,Male,3220
E02005553,King's Lynn and West Norfolk 003,1,Female,4606
E02005553,King's Lynn and West Norfolk 003,2,Male,4116
E02005554,King's Lynn and West Norfolk 004,1,Female,3698
E02005554,King's Lynn and West Norfolk 004,2,Male,3349
E02005555,King's Lynn and West Norfolk 005,1,Female,3519
E02005555,King's Lynn and West Norfolk 005,2,Male,3316
E02005556,King's Lynn and West Norfolk 006,1,Female,4041
E02005556,King's Lynn and West Norfolk 006,2,Male,3731
E02005557,King's Lynn and West Norfolk 007,1,Female,3548
E02005557,King's Lynn and West Norfolk 007,2,Male,3330
E02005558,King's Lynn and West Norfolk 008,1,Female,3778
E02005558,King's Lynn and West Norfolk 008,2,Male,3578
E02005559,King's Lynn and West Norfolk 009,1,Female,3775
E02005559,King's Lynn and West Norfolk 009,2,Male,3583
E02005560,King's Lynn and West Norfolk 010,1,Female,4722
E02005560,King's Lynn and West Norfolk 010,2,Male,4367
E02005561,King's Lynn and West Norfolk 011,1,Female,5493
E02005561,King's Lynn and West Norfolk 011,2,Male,5394
E02005562,King's Lynn and West Norfolk 012,1,Female,3866
E02005562,King's Lynn and West Norfolk 012,2,Male,3593
E02005563,King's Lynn and West Norfolk 013,1,Female,4068
E02005563,King's Lynn and West Norfolk 013,2,Male,3988
E02005564,King's Lynn and West Norfolk 014,1,Female,4730
E02005564,King's Lynn and West Norfolk 014,2,Male,4917
E02005565,King's Lynn and West Norfolk 015,1,Female,3677
E02005565,King's Lynn and West Norfolk 015,2,Male,3674
E02005566,King's Lynn and West Norfolk 016,1,Female,5262
E02005566,King's Lynn and West Norfolk 016,2,Male,5154
E02005567,King's Lynn and West Norfolk 017,1,Female,5960
E02005567,King's Lynn and West Norfolk 017,2,Male,5389
E02005568,King's Lynn and West Norfolk 018,1,Female,3778
E02005568,King's Lynn and West Norfolk 018,2,Male,3817
E02005569,King's Lynn and West Norfolk 019,1,Female,4337
E02005569,King's Lynn and West Norfolk 019,2,Male,4403
E02005570,North Norfolk 001,1,Female,3720
E02005570,North Norfolk 001,2,Male,3368
E02005571,North Norfolk 002,1,Female,3070
E02005571,North Norfolk 002,2,Male,2764
E02005572,North Norfolk 003,1,Female,3903
E02005572,North Norfolk 003,2,Male,3640
E02005573,North Norfolk 004,1,Female,3024
E02005573,North Norfolk 004,2,Male,2726
E02005574,North Norfolk 005,1,Female,3522
E02005574,North Norfolk 005,2,Male,3432
E02005575,North Norfolk 006,1,Female,3550
E02005575,North Norfolk 006,2,Male,3431
E02005576,North Norfolk 007,1,Female,3395
E02005576,North Norfolk 007,2,Male,3268
E02005577,North Norfolk 008,1,Female,3041
E02005577,North Norfolk 008,2,Male,2935
E02005578,North Norfolk 009,1,Female,2996
E02005578,North Norfolk 009,2,Male,2921
E02005580,North Norfolk 011,1,Female,4151
E02005580,North Norfolk 011,2,Male,3863
E02005581,North Norfolk 012,1,Female,3666
E02005581,North Norfolk 012,2,Male,4181
E02005582,North Norfolk 013,1,Female,3438
E02005582,North Norfolk 013,2,Male,3365
E02005583,North Norfolk 014,1,Female,4413
E02005583,North Norfolk 014,2,Male,4191
E02005584,Norwich 001,1,Female,5517
E02005584,Norwich 001,2,Male,5660
E02005585,Norwich 002,1,Female,5605
E02005585,Norwich 002,2,Male,5597
E02005586,Norwich 003,1,Female,5162
E02005586,Norwich 003,2,Male,5190
E02005587,Norwich 004,1,Female,5004
E02005587,Norwich 004,2,Male,5329
E02005588,Norwich 005,1,Female,6714
E02005588,Norwich 005,2,Male,6319
E02005589,Norwich 006,1,Female,6231
E02005589,Norwich 006,2,Male,6033
E02005592,Norwich 009,1,Female,4754
E02005592,Norwich 009,2,Male,4430
E02005593,Norwich 010,1,Female,5810
E02005593,Norwich 010,2,Male,5058
E02005594,Norwich 011,1,Female,5716
E02005594,Norwich 011,2,Male,5223
E02005595,Norwich 012,1,Female,4971
E02005595,Norwich 012,2,Male,4407
E02005596,Norwich 013,1,Female,5143
E02005596,Norwich 013,2,Male,4829
E02005598,South Norfolk 002,1,Female,5159
E02005598,South Norfolk 002,2,Male,4796
E02005599,South Norfolk 003,1,Female,3748
E02005599,South Norfolk 003,2,Male,3453
E02005600,South Norfolk 004,1,Female,3322
E02005600,South Norfolk 004,2,Male,3085
E02005601,South Norfolk 005,1,Female,2832
E02005601,South Norfolk 005,2,Male,2631
E02005602,South Norfolk 006,1,Female,6562
E02005602,South Norfolk 006,2,Male,6146
E02005603,South Norfolk 007,1,Female,6632
E02005603,South Norfolk 007,2,Male,6185
E02005604,South Norfolk 008,1,Female,4478
E02005604,South Norfolk 008,2,Male,4371
E02005605,South Norfolk 009,1,Female,5444
E02005605,South Norfolk 009,2,Male,5244
E02005606,South Norfolk 010,1,Female,2929
E02005606,South Norfolk 010,2,Male,2910
E02005607,South Norfolk 011,1,Female,5885
E02005607,South Norfolk 011,2,Male,5670
E02005608,South Norfolk 012,1,Female,3898
E02005608,South Norfolk 012,2,Male,3729
E02005609,South Norfolk 013,1,Female,3848
E02005609,South Norfolk 013,2,Male,3700
E02005610,South Norfolk 014,1,Female,4089
E02005610,South Norfolk 014,2,Male,4001
E02005611,South Norfolk 015,1,Female,5596
E02005611,South Norfolk 015,2,Male,5324
E02005612,North Northamptonshire 002,1,Female,3795
E02005612,North Northamptonshire 002,2,Male,3526
E02005613,North Northamptonshire 003,1,Female,4687
E02005613,North Northamptonshire 003,2,Male,4646
E02005614,North Northamptonshire 006,1,Female,7001
E02005614,North Northamptonshire 006,2,Male,6796
E02005615,North Northamptonshire 004,1,Female,4848
E02005615,North Northamptonshire 004,2,Male,4550
E02005616,North Northamptonshire 005,1,Female,2942
E02005616,North Northamptonshire 005,2,Male,2920
E02005617,North Northamptonshire 007,1,Female,5562
E02005617,North Northamptonshire 007,2,Male,5627
E02005619,West Northamptonshire 001,1,Female,3208
E02005619,West Northamptonshire 001,2,Male,3122
E02005620,West Northamptonshire 002,1,Female,4421
E02005620,West Northamptonshire 002,2,Male,4234
E02005621,West Northamptonshire 004,1,Female,4001
E02005621,West Northamptonshire 004,2,Male,5059
E02005622,West Northamptonshire 005,1,Female,5086
E02005622,West Northamptonshire 005,2,Male,4805
E02005623,West Northamptonshire 003,1,Female,6009
E02005623,West Northamptonshire 003,2,Male,5562
E02005624,West Northamptonshire 010,1,Female,5818
E02005624,West Northamptonshire 010,2,Male,5703
E02005625,West Northamptonshire 016,1,Female,4734
E02005625,West Northamptonshire 016,2,Male,4691
E02005626,West Northamptonshire 022,1,Female,3592
E02005626,West Northamptonshire 022,2,Male,3588
E02005627,West Northamptonshire 027,1,Female,3887
E02005627,West Northamptonshire 027,2,Male,3762
E02005628,West Northamptonshire 042,1,Female,4209
E02005628,West Northamptonshire 042,2,Male,4288
E02005629,North Northamptonshire 001,1,Female,3271
E02005629,North Northamptonshire 001,2,Male,3209
E02005630,North Northamptonshire 010,1,Female,5368
E02005630,North Northamptonshire 010,2,Male,5217
E02005631,North Northamptonshire 011,1,Female,5591
E02005631,North Northamptonshire 011,2,Male,5529
E02005632,North Northamptonshire 024,1,Female,3300
E02005632,North Northamptonshire 024,2,Male,3223
E02005633,North Northamptonshire 025,1,Female,4996
E02005633,North Northamptonshire 025,2,Male,4880
E02005634,North Northamptonshire 027,1,Female,4746
E02005634,North Northamptonshire 027,2,Male,4565
E02005635,North Northamptonshire 035,1,Female,4889
E02005635,North Northamptonshire 035,2,Male,4557
E02005636,North Northamptonshire 034,1,Female,6341
E02005636,North Northamptonshire 034,2,Male,6006
E02005637,North Northamptonshire 037,1,Female,4728
E02005637,North Northamptonshire 037,2,Male,4630
E02005638,North Northamptonshire 039,1,Female,5000
E02005638,North Northamptonshire 039,2,Male,4982
E02005639,North Northamptonshire 012,1,Female,2841
E02005639,North Northamptonshire 012,2,Male,2768
E02005640,North Northamptonshire 013,1,Female,6038
E02005640,North Northamptonshire 013,2,Male,5862
E02005641,North Northamptonshire 014,1,Female,4450
E02005641,North Northamptonshire 014,2,Male,4171
E02005642,North Northamptonshire 015,1,Female,4285
E02005642,North Northamptonshire 015,2,Male,4157
E02005643,North Northamptonshire 016,1,Female,4398
E02005643,North Northamptonshire 016,2,Male,4343
E02005644,North Northamptonshire 017,1,Female,4453
E02005644,North Northamptonshire 017,2,Male,4748
E02005645,North Northamptonshire 018,1,Female,6434
E02005645,North Northamptonshire 018,2,Male,6195
E02005646,North Northamptonshire 019,1,Female,3354
E02005646,North Northamptonshire 019,2,Male,3146
E02005647,North Northamptonshire 022,1,Female,3910
E02005647,North Northamptonshire 022,2,Male,3710
E02005648,North Northamptonshire 021,1,Female,4951
E02005648,North Northamptonshire 021,2,Male,4757
E02005650,West Northamptonshire 006,1,Female,3600
E02005650,West Northamptonshire 006,2,Male,3371
E02005651,West Northamptonshire 007,1,Female,3346
E02005651,West Northamptonshire 007,2,Male,3045
E02005652,West Northamptonshire 008,1,Female,3460
E02005652,West Northamptonshire 008,2,Male,3294
E02005653,West Northamptonshire 011,1,Female,4544
E02005653,West Northamptonshire 011,2,Male,4440
E02005654,West Northamptonshire 009,1,Female,4512
E02005654,West Northamptonshire 009,2,Male,4202
E02005655,West Northamptonshire 012,1,Female,3302
E02005655,West Northamptonshire 012,2,Male,3084
E02005656,West Northamptonshire 014,1,Female,3423
E02005656,West Northamptonshire 014,2,Male,3247
E02005657,West Northamptonshire 013,1,Female,3313
E02005657,West Northamptonshire 013,2,Male,3291
E02005658,West Northamptonshire 015,1,Female,3459
E02005658,West Northamptonshire 015,2,Male,3507
E02005659,West Northamptonshire 018,1,Female,3116
E02005659,West Northamptonshire 018,2,Male,2900
E02005660,West Northamptonshire 026,1,Female,3402
E02005660,West Northamptonshire 026,2,Male,3242
E02005661,West Northamptonshire 017,1,Female,3562
E02005661,West Northamptonshire 017,2,Male,3421
E02005662,West Northamptonshire 019,1,Female,3444
E02005662,West Northamptonshire 019,2,Male,3356
E02005663,West Northamptonshire 023,1,Female,2787
E02005663,West Northamptonshire 023,2,Male,2755
E02005664,West Northamptonshire 025,1,Female,3044
E02005664,West Northamptonshire 025,2,Male,3152
E02005665,West Northamptonshire 024,1,Female,4352
E02005665,West Northamptonshire 024,2,Male,4168
E02005666,West Northamptonshire 021,1,Female,4659
E02005666,West Northamptonshire 021,2,Male,4485
E02005667,West Northamptonshire 020,1,Female,3482
E02005667,West Northamptonshire 020,2,Male,3299
E02005668,West Northamptonshire 028,1,Female,3437
E02005668,West Northamptonshire 028,2,Male,3132
E02005669,West Northamptonshire 029,1,Female,3061
E02005669,West Northamptonshire 029,2,Male,2994
E02005670,West Northamptonshire 032,1,Female,4509
E02005670,West Northamptonshire 032,2,Male,5146
E02005671,West Northamptonshire 030,1,Female,3818
E02005671,West Northamptonshire 030,2,Male,4082
E02005672,West Northamptonshire 031,1,Female,4109
E02005672,West Northamptonshire 031,2,Male,4461
E02005673,West Northamptonshire 033,1,Female,3782
E02005673,West Northamptonshire 033,2,Male,3979
E02005674,West Northamptonshire 034,1,Female,4656
E02005674,West Northamptonshire 034,2,Male,4628
E02005675,West Northamptonshire 036,1,Female,3278
E02005675,West Northamptonshire 036,2,Male,3153
E02005676,West Northamptonshire 038,1,Female,3189
E02005676,West Northamptonshire 038,2,Male,3058
E02005677,West Northamptonshire 037,1,Female,5205
E02005677,West Northamptonshire 037,2,Male,4775
E02005679,West Northamptonshire 041,1,Female,4607
E02005679,West Northamptonshire 041,2,Male,4444
E02005680,West Northamptonshire 044,1,Female,4472
E02005680,West Northamptonshire 044,2,Male,4262
E02005681,West Northamptonshire 040,1,Female,4338
E02005681,West Northamptonshire 040,2,Male,4271
E02005682,West Northamptonshire 043,1,Female,3881
E02005682,West Northamptonshire 043,2,Male,3679
E02005683,West Northamptonshire 046,1,Female,7597
E02005683,West Northamptonshire 046,2,Male,7439
E02005684,West Northamptonshire 045,1,Female,4389
E02005684,West Northamptonshire 045,2,Male,4297
E02005685,West Northamptonshire 047,1,Female,5112
E02005685,West Northamptonshire 047,2,Male,4936
E02005686,West Northamptonshire 048,1,Female,4098
E02005686,West Northamptonshire 048,2,Male,3912
E02005687,West Northamptonshire 049,1,Female,3353
E02005687,West Northamptonshire 049,2,Male,3317
E02005688,West Northamptonshire 050,1,Female,4946
E02005688,West Northamptonshire 050,2,Male,4798
E02005689,West Northamptonshire 051,1,Female,5461
E02005689,West Northamptonshire 051,2,Male,5226
E02005690,West Northamptonshire 053,1,Female,2775
E02005690,West Northamptonshire 053,2,Male,2727
E02005691,West Northamptonshire 052,1,Female,3356
E02005691,West Northamptonshire 052,2,Male,3381
E02005692,North Northamptonshire 026,1,Female,3470
E02005692,North Northamptonshire 026,2,Male,3516
E02005693,North Northamptonshire 028,1,Female,4442
E02005693,North Northamptonshire 028,2,Male,4272
E02005694,North Northamptonshire 029,1,Female,3792
E02005694,North Northamptonshire 029,2,Male,3763
E02005695,North Northamptonshire 030,1,Female,4977
E02005695,North Northamptonshire 030,2,Male,5097
E02005696,North Northamptonshire 031,1,Female,3360
E02005696,North Northamptonshire 031,2,Male,3060
E02005697,North Northamptonshire 032,1,Female,3674
E02005697,North Northamptonshire 032,2,Male,3620
E02005698,North Northamptonshire 033,1,Female,3154
E02005698,North Northamptonshire 033,2,Male,2891
E02005699,North Northamptonshire 036,1,Female,4421
E02005699,North Northamptonshire 036,2,Male,4195
E02005700,North Northamptonshire 038,1,Female,5239
E02005700,North Northamptonshire 038,2,Male,4972
E02005701,North Northamptonshire 040,1,Female,5669
E02005701,North Northamptonshire 040,2,Male,5525
E02005702,Northumberland 004,1,Female,3387
E02005702,Northumberland 004,2,Male,3307
E02005703,Northumberland 005,1,Female,3507
E02005703,Northumberland 005,2,Male,3297
E02005704,Northumberland 006,1,Female,6557
E02005704,Northumberland 006,2,Male,6084
E02005705,Northumberland 007,1,Female,3860
E02005705,Northumberland 007,2,Male,3738
E02005706,Northumberland 001,1,Female,4860
E02005706,Northumberland 001,2,Male,4334
E02005707,Northumberland 002,1,Female,3591
E02005707,Northumberland 002,2,Male,3441
E02005708,Northumberland 003,1,Female,5151
E02005708,Northumberland 003,2,Male,4870
E02005709,Northumberland 022,1,Female,3520
E02005709,Northumberland 022,2,Male,3330
E02005710,Northumberland 023,1,Female,4715
E02005710,Northumberland 023,2,Male,4664
E02005711,Northumberland 024,1,Female,4031
E02005711,Northumberland 024,2,Male,3792
E02005712,Northumberland 025,1,Female,4751
E02005712,Northumberland 025,2,Male,4657
E02005713,Northumberland 026,1,Female,3239
E02005713,Northumberland 026,2,Male,3033
E02005715,Northumberland 029,1,Female,4811
E02005715,Northumberland 029,2,Male,4447
E02005717,Northumberland 030,1,Female,3826
E02005717,Northumberland 030,2,Male,3548
E02005718,Northumberland 031,1,Female,3184
E02005718,Northumberland 031,2,Male,3084
E02005719,Northumberland 032,1,Female,4089
E02005719,Northumberland 032,2,Male,4066
E02005720,Northumberland 008,1,Female,5557
E02005720,Northumberland 008,2,Male,6582
E02005721,Northumberland 011,1,Female,2830
E02005721,Northumberland 011,2,Male,2617
E02005722,Northumberland 015,1,Female,4793
E02005722,Northumberland 015,2,Male,4681
E02005723,Northumberland 016,1,Female,3241
E02005723,Northumberland 016,2,Male,2789
E02005724,Northumberland 018,1,Female,3443
E02005724,Northumberland 018,2,Male,3191
E02005725,Northumberland 033,1,Female,3704
E02005725,Northumberland 033,2,Male,3317
E02005726,Northumberland 034,1,Female,3916
E02005726,Northumberland 034,2,Male,4007
E02005727,Northumberland 019,1,Female,3038
E02005727,Northumberland 019,2,Male,3027
E02005728,Northumberland 037,1,Female,3386
E02005728,Northumberland 037,2,Male,3332
E02005729,Northumberland 036,1,Female,2887
E02005729,Northumberland 036,2,Male,2691
E02005730,Northumberland 035,1,Female,6529
E02005730,Northumberland 035,2,Male,6113
E02005731,Northumberland 038,1,Female,5546
E02005731,Northumberland 038,2,Male,5189
E02005733,Northumberland 040,1,Female,4197
E02005733,Northumberland 040,2,Male,4081
E02005734,Northumberland 009,1,Female,3104
E02005734,Northumberland 009,2,Male,2846
E02005735,Northumberland 010,1,Female,3642
E02005735,Northumberland 010,2,Male,3500
E02005736,Northumberland 013,1,Female,4363
E02005736,Northumberland 013,2,Male,4346
E02005739,Northumberland 017,1,Female,4652
E02005739,Northumberland 017,2,Male,4353
E02005740,Northumberland 020,1,Female,5229
E02005740,Northumberland 020,2,Male,4865
E02005741,Northumberland 021,1,Female,4440
E02005741,Northumberland 021,2,Male,4037
E02005742,Craven 001,1,Female,3782
E02005742,Craven 001,2,Male,3641
E02005744,Craven 003,1,Female,4032
E02005744,Craven 003,2,Male,3847
E02005746,Craven 005,1,Female,3398
E02005746,Craven 005,2,Male,3278
E02005747,Craven 006,1,Female,3531
E02005747,Craven 006,2,Male,3380
E02005748,Craven 007,1,Female,4066
E02005748,Craven 007,2,Male,3781
E02005749,Craven 008,1,Female,5264
E02005749,Craven 008,2,Male,4768
E02005750,Hambleton 001,1,Female,3953
E02005750,Hambleton 001,2,Male,3725
E02005751,Hambleton 002,1,Female,4405
E02005751,Hambleton 002,2,Male,4174
E02005752,Hambleton 003,1,Female,3485
E02005752,Hambleton 003,2,Male,3435
E02005754,Hambleton 005,1,Female,3847
E02005754,Hambleton 005,2,Male,3590
E02005755,Hambleton 006,1,Female,3485
E02005755,Hambleton 006,2,Male,3276
E02005756,Hambleton 007,1,Female,2999
E02005756,Hambleton 007,2,Male,3327
E02005757,Hambleton 008,1,Female,4459
E02005757,Hambleton 008,2,Male,4168
E02005758,Hambleton 009,1,Female,4885
E02005758,Hambleton 009,2,Male,4644
E02005759,Hambleton 010,1,Female,4861
E02005759,Hambleton 010,2,Male,4444
E02005760,Hambleton 011,1,Female,3108
E02005760,Hambleton 011,2,Male,3075
E02005761,Harrogate 001,1,Female,2800
E02005761,Harrogate 001,2,Male,2694
E02005762,Harrogate 002,1,Female,3039
E02005762,Harrogate 002,2,Male,3215
E02005763,Harrogate 003,1,Female,3322
E02005763,Harrogate 003,2,Male,3174
E02005764,Harrogate 004,1,Female,5347
E02005764,Harrogate 004,2,Male,4990
E02005765,Harrogate 005,1,Female,3686
E02005765,Harrogate 005,2,Male,3456
E02005766,Harrogate 006,1,Female,3046
E02005766,Harrogate 006,2,Male,2967
E02005767,Harrogate 007,1,Female,3820
E02005767,Harrogate 007,2,Male,3572
E02005768,Harrogate 008,1,Female,3600
E02005768,Harrogate 008,2,Male,4426
E02005769,Harrogate 009,1,Female,3677
E02005769,Harrogate 009,2,Male,3319
E02005770,Harrogate 010,1,Female,4648
E02005770,Harrogate 010,2,Male,4382
E02005771,Harrogate 011,1,Female,3960
E02005771,Harrogate 011,2,Male,3709
E02005772,Harrogate 012,1,Female,3027
E02005772,Harrogate 012,2,Male,2864
E02005773,Harrogate 013,1,Female,4613
E02005773,Harrogate 013,2,Male,4373
E02005774,Harrogate 014,1,Female,4884
E02005774,Harrogate 014,2,Male,4507
E02005775,Harrogate 015,1,Female,4584
E02005775,Harrogate 015,2,Male,4628
E02005776,Harrogate 016,1,Female,4715
E02005776,Harrogate 016,2,Male,4654
E02005777,Harrogate 017,1,Female,4292
E02005777,Harrogate 017,2,Male,4001
E02005778,Harrogate 018,1,Female,3133
E02005778,Harrogate 018,2,Male,3000
E02005779,Harrogate 019,1,Female,3884
E02005779,Harrogate 019,2,Male,3490
E02005780,Harrogate 020,1,Female,5764
E02005780,Harrogate 020,2,Male,5290
E02005781,Harrogate 021,1,Female,3165
E02005781,Harrogate 021,2,Male,2949
E02005782,Richmondshire 001,1,Female,3817
E02005782,Richmondshire 001,2,Male,3680
E02005783,Richmondshire 002,1,Female,4260
E02005783,Richmondshire 002,2,Male,3819
E02005784,Richmondshire 003,1,Female,2872
E02005784,Richmondshire 003,2,Male,2944
E02005785,Richmondshire 004,1,Female,6122
E02005785,Richmondshire 004,2,Male,7963
E02005786,Richmondshire 005,1,Female,2885
E02005786,Richmondshire 005,2,Male,2862
E02005787,Richmondshire 006,1,Female,4355
E02005787,Richmondshire 006,2,Male,4199
E02005788,Ryedale 001,1,Female,3221
E02005788,Ryedale 001,2,Male,3127
E02005789,Ryedale 002,1,Female,5560
E02005789,Ryedale 002,2,Male,5054
E02005790,Ryedale 003,1,Female,3625
E02005790,Ryedale 003,2,Male,3472
E02005791,Ryedale 004,1,Female,3435
E02005791,Ryedale 004,2,Male,3412
E02005794,Ryedale 007,1,Female,4714
E02005794,Ryedale 007,2,Male,4582
E02005795,Scarborough 001,1,Female,3544
E02005795,Scarborough 001,2,Male,3359
E02005796,Scarborough 002,1,Female,3267
E02005796,Scarborough 002,2,Male,3258
E02005797,Scarborough 003,1,Female,3219
E02005797,Scarborough 003,2,Male,3007
E02005798,Scarborough 004,1,Female,4214
E02005798,Scarborough 004,2,Male,3977
E02005799,Scarborough 005,1,Female,4863
E02005799,Scarborough 005,2,Male,4500
E02005800,Scarborough 006,1,Female,3607
E02005800,Scarborough 006,2,Male,3800
E02005801,Scarborough 007,1,Female,2941
E02005801,Scarborough 007,2,Male,2622
E02005802,Scarborough 008,1,Female,4032
E02005802,Scarborough 008,2,Male,3734
E02005803,Scarborough 009,1,Female,4773
E02005803,Scarborough 009,2,Male,4426
E02005804,Scarborough 010,1,Female,3699
E02005804,Scarborough 010,2,Male,3922
E02005805,Scarborough 011,1,Female,4034
E02005805,Scarborough 011,2,Male,3649
E02005806,Scarborough 012,1,Female,4242
E02005806,Scarborough 012,2,Male,3964
E02005807,Scarborough 013,1,Female,3412
E02005807,Scarborough 013,2,Male,3120
E02005808,Scarborough 014,1,Female,6053
E02005808,Scarborough 014,2,Male,5499
E02005809,Selby 001,1,Female,3807
E02005809,Selby 001,2,Male,3705
E02005810,Selby 002,1,Female,4724
E02005810,Selby 002,2,Male,4684
E02005811,Selby 003,1,Female,5096
E02005811,Selby 003,2,Male,4771
E02005812,Selby 004,1,Female,5863
E02005812,Selby 004,2,Male,5500
E02005813,Selby 005,1,Female,6703
E02005813,Selby 005,2,Male,6596
E02005814,Selby 006,1,Female,3620
E02005814,Selby 006,2,Male,3388
E02005815,Selby 007,1,Female,4450
E02005815,Selby 007,2,Male,4192
E02005816,Selby 008,1,Female,4366
E02005816,Selby 008,2,Male,4280
E02005817,Selby 009,1,Female,3746
E02005817,Selby 009,2,Male,3665
E02005818,Selby 010,1,Female,4432
E02005818,Selby 010,2,Male,4401
E02005819,Ashfield 001,1,Female,3199
E02005819,Ashfield 001,2,Male,3112
E02005820,Ashfield 002,1,Female,2800
E02005820,Ashfield 002,2,Male,2728
E02005821,Ashfield 003,1,Female,3420
E02005821,Ashfield 003,2,Male,3276
E02005822,Ashfield 004,1,Female,5198
E02005822,Ashfield 004,2,Male,5081
E02005823,Ashfield 005,1,Female,4002
E02005823,Ashfield 005,2,Male,3727
E02005824,Ashfield 006,1,Female,4950
E02005824,Ashfield 006,2,Male,4829
E02005825,Ashfield 007,1,Female,3972
E02005825,Ashfield 007,2,Male,3824
E02005826,Ashfield 008,1,Female,3198
E02005826,Ashfield 008,2,Male,2966
E02005827,Ashfield 009,1,Female,4756
E02005827,Ashfield 009,2,Male,4674
E02005828,Ashfield 010,1,Female,3967
E02005828,Ashfield 010,2,Male,3730
E02005829,Ashfield 011,1,Female,3328
E02005829,Ashfield 011,2,Male,3255
E02005830,Ashfield 012,1,Female,3012
E02005830,Ashfield 012,2,Male,2864
E02005831,Ashfield 013,1,Female,5441
E02005831,Ashfield 013,2,Male,5185
E02005832,Ashfield 014,1,Female,4813
E02005832,Ashfield 014,2,Male,4487
E02005833,Ashfield 015,1,Female,3838
E02005833,Ashfield 015,2,Male,3795
E02005834,Ashfield 016,1,Female,4547
E02005834,Ashfield 016,2,Male,4326
E02005835,Bassetlaw 001,1,Female,5739
E02005835,Bassetlaw 001,2,Male,5449
E02005836,Bassetlaw 002,1,Female,4674
E02005836,Bassetlaw 002,2,Male,4556
E02005837,Bassetlaw 003,1,Female,3532
E02005837,Bassetlaw 003,2,Male,4284
E02005838,Bassetlaw 004,1,Female,4259
E02005838,Bassetlaw 004,2,Male,4006
E02005839,Bassetlaw 005,1,Female,3249
E02005839,Bassetlaw 005,2,Male,3102
E02005840,Bassetlaw 006,1,Female,4880
E02005840,Bassetlaw 006,2,Male,4802
E02005842,Bassetlaw 008,1,Female,4532
E02005842,Bassetlaw 008,2,Male,4289
E02005843,Bassetlaw 009,1,Female,3561
E02005843,Bassetlaw 009,2,Male,3496
E02005844,Bassetlaw 010,1,Female,4506
E02005844,Bassetlaw 010,2,Male,4288
E02005846,Bassetlaw 012,1,Female,3374
E02005846,Bassetlaw 012,2,Male,3379
E02005847,Bassetlaw 013,1,Female,3495
E02005847,Bassetlaw 013,2,Male,3456
E02005848,Bassetlaw 014,1,Female,3253
E02005848,Bassetlaw 014,2,Male,3159
E02005849,Bassetlaw 015,1,Female,4653
E02005849,Bassetlaw 015,2,Male,4740
E02005850,Broxtowe 001,1,Female,3433
E02005850,Broxtowe 001,2,Male,3246
E02005851,Broxtowe 002,1,Female,3214
E02005851,Broxtowe 002,2,Male,3007
E02005852,Broxtowe 003,1,Female,4201
E02005852,Broxtowe 003,2,Male,4073
E02005853,Broxtowe 004,1,Female,4708
E02005853,Broxtowe 004,2,Male,4452
E02005856,Broxtowe 007,1,Female,3711
E02005856,Broxtowe 007,2,Male,3531
E02005857,Broxtowe 008,1,Female,3176
E02005857,Broxtowe 008,2,Male,3015
E02005858,Broxtowe 009,1,Female,4160
E02005858,Broxtowe 009,2,Male,3954
E02005859,Broxtowe 010,1,Female,4722
E02005859,Broxtowe 010,2,Male,4538
E02005860,Broxtowe 011,1,Female,4451
E02005860,Broxtowe 011,2,Male,4628
E02005861,Broxtowe 012,1,Female,2712
E02005861,Broxtowe 012,2,Male,2664
E02005862,Broxtowe 013,1,Female,3932
E02005862,Broxtowe 013,2,Male,3659
E02005863,Broxtowe 014,1,Female,3819
E02005863,Broxtowe 014,2,Male,3619
E02005864,Broxtowe 015,1,Female,4108
E02005864,Broxtowe 015,2,Male,3956
E02005865,Gedling 001,1,Female,4371
E02005865,Gedling 001,2,Male,4235
E02005866,Gedling 002,1,Female,4741
E02005866,Gedling 002,2,Male,4486
E02005868,Gedling 004,1,Female,3731
E02005868,Gedling 004,2,Male,3567
E02005869,Gedling 005,1,Female,3078
E02005869,Gedling 005,2,Male,2798
E02005870,Gedling 006,1,Female,3483
E02005870,Gedling 006,2,Male,3194
E02005871,Gedling 007,1,Female,3722
E02005871,Gedling 007,2,Male,3337
E02005872,Gedling 008,1,Female,3420
E02005872,Gedling 008,2,Male,3174
E02005873,Gedling 009,1,Female,5176
E02005873,Gedling 009,2,Male,4849
E02005874,Gedling 010,1,Female,4299
E02005874,Gedling 010,2,Male,4128
E02005875,Gedling 011,1,Female,4207
E02005875,Gedling 011,2,Male,3979
E02005876,Gedling 012,1,Female,4491
E02005876,Gedling 012,2,Male,4336
E02005877,Gedling 013,1,Female,3804
E02005877,Gedling 013,2,Male,3582
E02005878,Gedling 014,1,Female,4946
E02005878,Gedling 014,2,Male,4712
E02005879,Gedling 015,1,Female,3795
E02005879,Gedling 015,2,Male,3529
E02005880,Mansfield 001,1,Female,3283
E02005880,Mansfield 001,2,Male,3128
E02005881,Mansfield 002,1,Female,3232
E02005881,Mansfield 002,2,Male,3001
E02005882,Mansfield 003,1,Female,3977
E02005882,Mansfield 003,2,Male,3855
E02005883,Mansfield 004,1,Female,4275
E02005883,Mansfield 004,2,Male,4041
E02005884,Mansfield 005,1,Female,3110
E02005884,Mansfield 005,2,Male,2980
E02005885,Mansfield 006,1,Female,4536
E02005885,Mansfield 006,2,Male,4368
E02005886,Mansfield 007,1,Female,5891
E02005886,Mansfield 007,2,Male,5536
E02005887,Mansfield 008,1,Female,5061
E02005887,Mansfield 008,2,Male,5118
E02005888,Mansfield 009,1,Female,4205
E02005888,Mansfield 009,2,Male,4231
E02005889,Mansfield 010,1,Female,5413
E02005889,Mansfield 010,2,Male,5271
E02005890,Mansfield 011,1,Female,3311
E02005890,Mansfield 011,2,Male,3256
E02005891,Mansfield 012,1,Female,3187
E02005891,Mansfield 012,2,Male,3167
E02005892,Mansfield 013,1,Female,6607
E02005892,Mansfield 013,2,Male,6441
E02005893,Newark and Sherwood 001,1,Female,5696
E02005893,Newark and Sherwood 001,2,Male,5576
E02005894,Newark and Sherwood 002,1,Female,6068
E02005894,Newark and Sherwood 002,2,Male,5701
E02005895,Newark and Sherwood 003,1,Female,4102
E02005895,Newark and Sherwood 003,2,Male,3959
E02005896,Newark and Sherwood 004,1,Female,3890
E02005896,Newark and Sherwood 004,2,Male,3692
E02005897,Newark and Sherwood 005,1,Female,4714
E02005897,Newark and Sherwood 005,2,Male,4572
E02005898,Newark and Sherwood 006,1,Female,5821
E02005898,Newark and Sherwood 006,2,Male,5544
E02005899,Newark and Sherwood 007,1,Female,5791
E02005899,Newark and Sherwood 007,2,Male,5895
E02005900,Newark and Sherwood 008,1,Female,4085
E02005900,Newark and Sherwood 008,2,Male,3471
E02005901,Newark and Sherwood 009,1,Female,4930
E02005901,Newark and Sherwood 009,2,Male,4732
E02005902,Newark and Sherwood 010,1,Female,4292
E02005902,Newark and Sherwood 010,2,Male,3924
E02005903,Newark and Sherwood 011,1,Female,5268
E02005903,Newark and Sherwood 011,2,Male,5079
E02005904,Newark and Sherwood 012,1,Female,4808
E02005904,Newark and Sherwood 012,2,Male,4641
E02005905,Newark and Sherwood 013,1,Female,2996
E02005905,Newark and Sherwood 013,2,Male,3712
E02005906,Rushcliffe 001,1,Female,3330
E02005906,Rushcliffe 001,2,Male,3944
E02005907,Rushcliffe 002,1,Female,5271
E02005907,Rushcliffe 002,2,Male,4839
E02005908,Rushcliffe 003,1,Female,4813
E02005908,Rushcliffe 003,2,Male,4439
E02005909,Rushcliffe 004,1,Female,4179
E02005909,Rushcliffe 004,2,Male,4158
E02005910,Rushcliffe 005,1,Female,4500
E02005910,Rushcliffe 005,2,Male,4457
E02005911,Rushcliffe 006,1,Female,4301
E02005911,Rushcliffe 006,2,Male,4208
E02005912,Rushcliffe 007,1,Female,4819
E02005912,Rushcliffe 007,2,Male,4520
E02005913,Rushcliffe 008,1,Female,4357
E02005913,Rushcliffe 008,2,Male,4228
E02005914,Rushcliffe 009,1,Female,4203
E02005914,Rushcliffe 009,2,Male,4003
E02005915,Rushcliffe 010,1,Female,2879
E02005915,Rushcliffe 010,2,Male,2832
E02005916,Rushcliffe 011,1,Female,3983
E02005916,Rushcliffe 011,2,Male,3691
E02005917,Rushcliffe 012,1,Female,3035
E02005917,Rushcliffe 012,2,Male,2903
E02005918,Rushcliffe 013,1,Female,2638
E02005918,Rushcliffe 013,2,Male,2444
E02005919,Rushcliffe 014,1,Female,3897
E02005919,Rushcliffe 014,2,Male,3419
E02005920,Rushcliffe 015,1,Female,4524
E02005920,Rushcliffe 015,2,Male,4266
E02005921,Cherwell 001,1,Female,3496
E02005921,Cherwell 001,2,Male,3404
E02005922,Cherwell 002,1,Female,4419
E02005922,Cherwell 002,2,Male,4418
E02005923,Cherwell 003,1,Female,2994
E02005923,Cherwell 003,2,Male,3021
E02005924,Cherwell 004,1,Female,6110
E02005924,Cherwell 004,2,Male,6489
E02005925,Cherwell 005,1,Female,4548
E02005925,Cherwell 005,2,Male,4336
E02005926,Cherwell 006,1,Female,4706
E02005926,Cherwell 006,2,Male,4318
E02005927,Cherwell 007,1,Female,2812
E02005927,Cherwell 007,2,Male,2836
E02005928,Cherwell 008,1,Female,5683
E02005928,Cherwell 008,2,Male,5423
E02005929,Cherwell 009,1,Female,3780
E02005929,Cherwell 009,2,Male,3563
E02005930,Cherwell 010,1,Female,4793
E02005930,Cherwell 010,2,Male,4671
E02005931,Cherwell 011,1,Female,5732
E02005931,Cherwell 011,2,Male,5523
E02005932,Cherwell 012,1,Female,3335
E02005932,Cherwell 012,2,Male,3391
E02005933,Cherwell 013,1,Female,3901
E02005933,Cherwell 013,2,Male,3814
E02005934,Cherwell 014,1,Female,4512
E02005934,Cherwell 014,2,Male,4335
E02005935,Cherwell 015,1,Female,4346
E02005935,Cherwell 015,2,Male,4235
E02005936,Cherwell 016,1,Female,6284
E02005936,Cherwell 016,2,Male,6779
E02005937,Cherwell 017,1,Female,3352
E02005937,Cherwell 017,2,Male,3189
E02005938,Cherwell 018,1,Female,2852
E02005938,Cherwell 018,2,Male,2831
E02005939,Cherwell 019,1,Female,3454
E02005939,Cherwell 019,2,Male,3328
E02005940,Oxford 001,1,Female,3165
E02005940,Oxford 001,2,Male,2989
E02005941,Oxford 002,1,Female,3658
E02005941,Oxford 002,2,Male,3425
E02005942,Oxford 003,1,Female,3306
E02005942,Oxford 003,2,Male,2944
E02005943,Oxford 004,1,Female,3832
E02005943,Oxford 004,2,Male,3500
E02005944,Oxford 005,1,Female,4202
E02005944,Oxford 005,2,Male,4191
E02005945,Oxford 006,1,Female,5911
E02005945,Oxford 006,2,Male,5204
E02005946,Oxford 007,1,Female,4339
E02005946,Oxford 007,2,Male,4129
E02005947,Oxford 008,1,Female,9138
E02005947,Oxford 008,2,Male,9337
E02005948,Oxford 009,1,Female,3316
E02005948,Oxford 009,2,Male,3302
E02005949,Oxford 010,1,Female,4058
E02005949,Oxford 010,2,Male,3563
E02005950,Oxford 011,1,Female,5603
E02005950,Oxford 011,2,Male,5534
E02005951,Oxford 012,1,Female,2827
E02005951,Oxford 012,2,Male,2751
E02005953,Oxford 014,1,Female,3079
E02005953,Oxford 014,2,Male,2935
E02005954,Oxford 015,1,Female,5211
E02005954,Oxford 015,2,Male,5271
E02005955,Oxford 016,1,Female,5705
E02005955,Oxford 016,2,Male,5528
E02005956,Oxford 017,1,Female,3331
E02005956,Oxford 017,2,Male,3226
E02005957,Oxford 018,1,Female,3553
E02005957,Oxford 018,2,Male,3357
E02005958,South Oxfordshire 001,1,Female,2761
E02005958,South Oxfordshire 001,2,Male,2619
E02005959,South Oxfordshire 002,1,Female,2972
E02005959,South Oxfordshire 002,2,Male,2924
E02005960,South Oxfordshire 003,1,Female,4033
E02005960,South Oxfordshire 003,2,Male,3856
E02005961,South Oxfordshire 004,1,Female,3468
E02005961,South Oxfordshire 004,2,Male,3270
E02005962,South Oxfordshire 005,1,Female,5144
E02005962,South Oxfordshire 005,2,Male,5023
E02005963,South Oxfordshire 006,1,Female,4047
E02005963,South Oxfordshire 006,2,Male,3987
E02005964,South Oxfordshire 007,1,Female,3729
E02005964,South Oxfordshire 007,2,Male,3571
E02005965,South Oxfordshire 008,1,Female,2850
E02005965,South Oxfordshire 008,2,Male,2669
E02005966,South Oxfordshire 009,1,Female,4021
E02005966,South Oxfordshire 009,2,Male,4094
E02005967,South Oxfordshire 010,1,Female,4784
E02005967,South Oxfordshire 010,2,Male,4750
E02005968,South Oxfordshire 011,1,Female,3718
E02005968,South Oxfordshire 011,2,Male,4293
E02005969,South Oxfordshire 012,1,Female,5055
E02005969,South Oxfordshire 012,2,Male,4643
E02005970,South Oxfordshire 013,1,Female,2692
E02005970,South Oxfordshire 013,2,Male,2821
E02005971,South Oxfordshire 014,1,Female,3194
E02005971,South Oxfordshire 014,2,Male,3163
E02005972,South Oxfordshire 015,1,Female,6122
E02005972,South Oxfordshire 015,2,Male,5890
E02005973,South Oxfordshire 016,1,Female,3145
E02005973,South Oxfordshire 016,2,Male,2768
E02005974,South Oxfordshire 017,1,Female,3269
E02005974,South Oxfordshire 017,2,Male,3004
E02005975,South Oxfordshire 018,1,Female,4163
E02005975,South Oxfordshire 018,2,Male,4071
E02005976,South Oxfordshire 019,1,Female,3195
E02005976,South Oxfordshire 019,2,Male,3145
E02005977,South Oxfordshire 020,1,Female,3164
E02005977,South Oxfordshire 020,2,Male,2996
E02005978,Vale of White Horse 001,1,Female,3871
E02005978,Vale of White Horse 001,2,Male,3728
E02005979,Vale of White Horse 002,1,Female,5122
E02005979,Vale of White Horse 002,2,Male,5153
E02005980,Vale of White Horse 003,1,Female,5364
E02005980,Vale of White Horse 003,2,Male,6400
E02005981,Vale of White Horse 004,1,Female,4316
E02005981,Vale of White Horse 004,2,Male,4236
E02005982,Vale of White Horse 005,1,Female,2919
E02005982,Vale of White Horse 005,2,Male,2820
E02005983,Vale of White Horse 006,1,Female,5535
E02005983,Vale of White Horse 006,2,Male,5446
E02005984,Vale of White Horse 007,1,Female,4637
E02005984,Vale of White Horse 007,2,Male,4515
E02005985,Vale of White Horse 008,1,Female,4007
E02005985,Vale of White Horse 008,2,Male,3897
E02005986,Vale of White Horse 009,1,Female,4977
E02005986,Vale of White Horse 009,2,Male,4713
E02005987,Vale of White Horse 010,1,Female,5237
E02005987,Vale of White Horse 010,2,Male,5060
E02005988,Vale of White Horse 011,1,Female,4587
E02005988,Vale of White Horse 011,2,Male,4539
E02005991,Vale of White Horse 014,1,Female,5185
E02005991,Vale of White Horse 014,2,Male,4882
E02005992,Vale of White Horse 015,1,Female,7141
E02005992,Vale of White Horse 015,2,Male,6773
E02005993,West Oxfordshire 001,1,Female,3777
E02005993,West Oxfordshire 001,2,Male,3473
E02005994,West Oxfordshire 002,1,Female,3216
E02005994,West Oxfordshire 002,2,Male,3052
E02005995,West Oxfordshire 003,1,Female,3270
E02005995,West Oxfordshire 003,2,Male,3102
E02005996,West Oxfordshire 004,1,Female,4616
E02005996,West Oxfordshire 004,2,Male,4317
E02005997,West Oxfordshire 005,1,Female,3072
E02005997,West Oxfordshire 005,2,Male,2883
E02005998,West Oxfordshire 006,1,Female,3643
E02005998,West Oxfordshire 006,2,Male,3386
E02005999,West Oxfordshire 007,1,Female,3342
E02005999,West Oxfordshire 007,2,Male,3202
E02006000,West Oxfordshire 008,1,Female,6025
E02006000,West Oxfordshire 008,2,Male,5748
E02006001,West Oxfordshire 009,1,Female,3664
E02006001,West Oxfordshire 009,2,Male,3423
E02006002,West Oxfordshire 010,1,Female,5501
E02006002,West Oxfordshire 010,2,Male,5268
E02006003,West Oxfordshire 011,1,Female,3016
E02006003,West Oxfordshire 011,2,Male,2914
E02006004,West Oxfordshire 012,1,Female,3331
E02006004,West Oxfordshire 012,2,Male,4005
E02006005,West Oxfordshire 013,1,Female,5093
E02006005,West Oxfordshire 013,2,Male,4939
E02006006,West Oxfordshire 014,1,Female,2809
E02006006,West Oxfordshire 014,2,Male,2841
E02006007,West Oxfordshire 015,1,Female,3731
E02006007,West Oxfordshire 015,2,Male,3577
E02006008,Shropshire 025,1,Female,5327
E02006008,Shropshire 025,2,Male,5132
E02006009,Shropshire 027,1,Female,3445
E02006009,Shropshire 027,2,Male,4488
E02006010,Shropshire 029,1,Female,6188
E02006010,Shropshire 029,2,Male,5689
E02006011,Shropshire 031,1,Female,2973
E02006011,Shropshire 031,2,Male,2686
E02006012,Shropshire 033,1,Female,3116
E02006012,Shropshire 033,2,Male,3078
E02006013,Shropshire 034,1,Female,3968
E02006013,Shropshire 034,2,Male,3909
E02006014,Shropshire 035,1,Female,5001
E02006014,Shropshire 035,2,Male,4909
E02006015,Shropshire 001,1,Female,5185
E02006015,Shropshire 001,2,Male,4957
E02006016,Shropshire 002,1,Female,4176
E02006016,Shropshire 002,2,Male,3973
E02006017,Shropshire 004,1,Female,4072
E02006017,Shropshire 004,2,Male,3997
E02006018,Shropshire 005,1,Female,6352
E02006018,Shropshire 005,2,Male,6236
E02006019,Shropshire 008,1,Female,3159
E02006019,Shropshire 008,2,Male,3123
E02006020,Shropshire 009,1,Female,3358
E02006020,Shropshire 009,2,Male,4385
E02006021,Shropshire 010,1,Female,4427
E02006021,Shropshire 010,2,Male,4339
E02006022,Shropshire 013,1,Female,3048
E02006022,Shropshire 013,2,Male,3015
E02006023,Shropshire 003,1,Female,5287
E02006023,Shropshire 003,2,Male,4755
E02006024,Shropshire 006,1,Female,5225
E02006024,Shropshire 006,2,Male,4693
E02006025,Shropshire 007,1,Female,4826
E02006025,Shropshire 007,2,Male,4742
E02006026,Shropshire 011,1,Female,3724
E02006026,Shropshire 011,2,Male,3650
E02006027,Shropshire 012,1,Female,2745
E02006027,Shropshire 012,2,Male,2707
E02006028,Shropshire 014,1,Female,4987
E02006028,Shropshire 014,2,Male,4823
E02006029,Shropshire 015,1,Female,4183
E02006029,Shropshire 015,2,Male,3999
E02006030,Shropshire 016,1,Female,4439
E02006030,Shropshire 016,2,Male,4655
E02006031,Shropshire 017,1,Female,4070
E02006031,Shropshire 017,2,Male,3886
E02006032,Shropshire 018,1,Female,4420
E02006032,Shropshire 018,2,Male,4234
E02006033,Shropshire 019,1,Female,4257
E02006033,Shropshire 019,2,Male,4228
E02006034,Shropshire 020,1,Female,5473
E02006034,Shropshire 020,2,Male,5189
E02006035,Shropshire 021,1,Female,3064
E02006035,Shropshire 021,2,Male,2798
E02006036,Shropshire 022,1,Female,3409
E02006036,Shropshire 022,2,Male,3165
E02006037,Shropshire 023,1,Female,5086
E02006037,Shropshire 023,2,Male,4884
E02006038,Shropshire 024,1,Female,4276
E02006038,Shropshire 024,2,Male,4146
E02006039,Shropshire 026,1,Female,4241
E02006039,Shropshire 026,2,Male,3993
E02006040,Shropshire 028,1,Female,3982
E02006040,Shropshire 028,2,Male,3799
E02006041,Shropshire 030,1,Female,2844
E02006041,Shropshire 030,2,Male,2806
E02006042,Shropshire 032,1,Female,3018
E02006042,Shropshire 032,2,Male,2734
E02006043,Shropshire 036,1,Female,3418
E02006043,Shropshire 036,2,Male,3299
E02006044,Shropshire 037,1,Female,3086
E02006044,Shropshire 037,2,Male,3020
E02006045,Shropshire 038,1,Female,5610
E02006045,Shropshire 038,2,Male,5104
E02006046,Shropshire 039,1,Female,4459
E02006046,Shropshire 039,2,Male,4457
E02006047,Mendip 001,1,Female,4492
E02006047,Mendip 001,2,Male,4266
E02006048,Mendip 002,1,Female,3572
E02006048,Mendip 002,2,Male,3610
E02006049,Mendip 003,1,Female,3751
E02006049,Mendip 003,2,Male,3463
E02006050,Mendip 004,1,Female,4597
E02006050,Mendip 004,2,Male,4198
E02006051,Mendip 005,1,Female,4445
E02006051,Mendip 005,2,Male,4028
E02006052,Mendip 006,1,Female,4002
E02006052,Mendip 006,2,Male,3745
E02006053,Mendip 007,1,Female,5769
E02006053,Mendip 007,2,Male,5379
E02006054,Mendip 008,1,Female,4348
E02006054,Mendip 008,2,Male,3969
E02006055,Mendip 009,1,Female,4586
E02006055,Mendip 009,2,Male,4500
E02006056,Mendip 010,1,Female,3958
E02006056,Mendip 010,2,Male,3832
E02006057,Mendip 011,1,Female,3971
E02006057,Mendip 011,2,Male,3669
E02006058,Mendip 012,1,Female,4445
E02006058,Mendip 012,2,Male,4347
E02006059,Mendip 013,1,Female,3539
E02006059,Mendip 013,2,Male,3393
E02006060,Mendip 014,1,Female,4228
E02006060,Mendip 014,2,Male,3987
E02006061,Sedgemoor 001,1,Female,4778
E02006061,Sedgemoor 001,2,Male,4587
E02006062,Sedgemoor 002,1,Female,5645
E02006062,Sedgemoor 002,2,Male,5415
E02006063,Sedgemoor 003,1,Female,3496
E02006063,Sedgemoor 003,2,Male,3414
E02006064,Sedgemoor 004,1,Female,4042
E02006064,Sedgemoor 004,2,Male,3738
E02006065,Sedgemoor 005,1,Female,4555
E02006065,Sedgemoor 005,2,Male,4322
E02006066,Sedgemoor 006,1,Female,4349
E02006066,Sedgemoor 006,2,Male,4165
E02006067,Sedgemoor 007,1,Female,3576
E02006067,Sedgemoor 007,2,Male,3557
E02006068,Sedgemoor 008,1,Female,3913
E02006068,Sedgemoor 008,2,Male,3956
E02006069,Sedgemoor 009,1,Female,5020
E02006069,Sedgemoor 009,2,Male,5556
E02006070,Sedgemoor 010,1,Female,4442
E02006070,Sedgemoor 010,2,Male,4385
E02006071,Sedgemoor 011,1,Female,4859
E02006071,Sedgemoor 011,2,Male,4718
E02006072,Sedgemoor 012,1,Female,4772
E02006072,Sedgemoor 012,2,Male,4592
E02006073,Sedgemoor 013,1,Female,3898
E02006073,Sedgemoor 013,2,Male,3929
E02006074,Sedgemoor 014,1,Female,5921
E02006074,Sedgemoor 014,2,Male,5744
E02006075,South Somerset 001,1,Female,2809
E02006075,South Somerset 001,2,Male,2535
E02006076,South Somerset 002,1,Female,4799
E02006076,South Somerset 002,2,Male,4289
E02006077,South Somerset 003,1,Female,3285
E02006077,South Somerset 003,2,Male,2952
E02006078,South Somerset 004,1,Female,3235
E02006078,South Somerset 004,2,Male,3044
E02006079,South Somerset 005,1,Female,4270
E02006079,South Somerset 005,2,Male,4096
E02006080,South Somerset 006,1,Female,3106
E02006080,South Somerset 006,2,Male,3817
E02006081,South Somerset 007,1,Female,2942
E02006081,South Somerset 007,2,Male,2824
E02006082,South Somerset 008,1,Female,3602
E02006082,South Somerset 008,2,Male,3483
E02006083,South Somerset 009,1,Female,2936
E02006083,South Somerset 009,2,Male,2667
E02006084,South Somerset 010,1,Female,3920
E02006084,South Somerset 010,2,Male,3546
E02006085,South Somerset 011,1,Female,3948
E02006085,South Somerset 011,2,Male,3796
E02006086,South Somerset 012,1,Female,3871
E02006086,South Somerset 012,2,Male,3855
E02006087,South Somerset 013,1,Female,3128
E02006087,South Somerset 013,2,Male,2882
E02006088,South Somerset 014,1,Female,4041
E02006088,South Somerset 014,2,Male,3824
E02006089,South Somerset 015,1,Female,3511
E02006089,South Somerset 015,2,Male,3705
E02006090,South Somerset 016,1,Female,3728
E02006090,South Somerset 016,2,Male,3472
E02006091,South Somerset 017,1,Female,5107
E02006091,South Somerset 017,2,Male,4858
E02006092,South Somerset 018,1,Female,3222
E02006092,South Somerset 018,2,Male,3256
E02006093,South Somerset 019,1,Female,4558
E02006093,South Somerset 019,2,Male,4206
E02006094,South Somerset 020,1,Female,2764
E02006094,South Somerset 020,2,Male,2651
E02006095,South Somerset 021,1,Female,4368
E02006095,South Somerset 021,2,Male,4001
E02006096,South Somerset 022,1,Female,3735
E02006096,South Somerset 022,2,Male,3616
E02006097,South Somerset 023,1,Female,3462
E02006097,South Somerset 023,2,Male,3478
E02006098,South Somerset 024,1,Female,3816
E02006098,South Somerset 024,2,Male,3656
E02006099,Somerset West and Taunton 006,1,Female,3724
E02006099,Somerset West and Taunton 006,2,Male,3443
E02006100,Somerset West and Taunton 007,1,Female,4169
E02006100,Somerset West and Taunton 007,2,Male,4051
E02006101,Somerset West and Taunton 013,1,Female,2927
E02006101,Somerset West and Taunton 013,2,Male,2829
E02006102,Somerset West and Taunton 010,1,Female,3571
E02006102,Somerset West and Taunton 010,2,Male,3330
E02006103,Somerset West and Taunton 009,1,Female,4105
E02006103,Somerset West and Taunton 009,2,Male,3883
E02006104,Somerset West and Taunton 008,1,Female,5534
E02006104,Somerset West and Taunton 008,2,Male,5206
E02006105,Somerset West and Taunton 011,1,Female,5639
E02006105,Somerset West and Taunton 011,2,Male,5666
E02006106,Somerset West and Taunton 012,1,Female,5076
E02006106,Somerset West and Taunton 012,2,Male,4853
E02006107,Somerset West and Taunton 014,1,Female,4423
E02006107,Somerset West and Taunton 014,2,Male,3973
E02006108,Somerset West and Taunton 015,1,Female,4438
E02006108,Somerset West and Taunton 015,2,Male,4232
E02006109,Somerset West and Taunton 016,1,Female,4181
E02006109,Somerset West and Taunton 016,2,Male,3792
E02006110,Somerset West and Taunton 018,1,Female,5411
E02006110,Somerset West and Taunton 018,2,Male,5106
E02006111,Somerset West and Taunton 017,1,Female,5466
E02006111,Somerset West and Taunton 017,2,Male,5189
E02006112,Somerset West and Taunton 019,1,Female,4215
E02006112,Somerset West and Taunton 019,2,Male,4074
E02006113,Somerset West and Taunton 001,1,Female,3821
E02006113,Somerset West and Taunton 001,2,Male,3616
E02006114,Somerset West and Taunton 002,1,Female,3339
E02006114,Somerset West and Taunton 002,2,Male,3045
E02006115,Somerset West and Taunton 003,1,Female,3940
E02006115,Somerset West and Taunton 003,2,Male,3612
E02006116,Somerset West and Taunton 004,1,Female,4092
E02006116,Somerset West and Taunton 004,2,Male,3879
E02006117,Somerset West and Taunton 005,1,Female,2896
E02006117,Somerset West and Taunton 005,2,Male,2699
E02006118,Cannock Chase 001,1,Female,3756
E02006118,Cannock Chase 001,2,Male,3650
E02006119,Cannock Chase 002,1,Female,4175
E02006119,Cannock Chase 002,2,Male,4013
E02006120,Cannock Chase 003,1,Female,4740
E02006120,Cannock Chase 003,2,Male,4547
E02006121,Cannock Chase 004,1,Female,2953
E02006121,Cannock Chase 004,2,Male,2916
E02006122,Cannock Chase 005,1,Female,4063
E02006122,Cannock Chase 005,2,Male,3990
E02006123,Cannock Chase 006,1,Female,3269
E02006123,Cannock Chase 006,2,Male,3189
E02006124,Cannock Chase 007,1,Female,3778
E02006124,Cannock Chase 007,2,Male,3567
E02006125,Cannock Chase 008,1,Female,3759
E02006125,Cannock Chase 008,2,Male,3549
E02006126,Cannock Chase 009,1,Female,4204
E02006126,Cannock Chase 009,2,Male,4174
E02006127,Cannock Chase 010,1,Female,3603
E02006127,Cannock Chase 010,2,Male,3530
E02006128,Cannock Chase 011,1,Female,4322
E02006128,Cannock Chase 011,2,Male,4150
E02006129,Cannock Chase 012,1,Female,4157
E02006129,Cannock Chase 012,2,Male,4144
E02006130,Cannock Chase 013,1,Female,4228
E02006130,Cannock Chase 013,2,Male,4094
E02006131,East Staffordshire 001,1,Female,3909
E02006131,East Staffordshire 001,2,Male,3835
E02006132,East Staffordshire 002,1,Female,3598
E02006132,East Staffordshire 002,2,Male,3485
E02006133,East Staffordshire 003,1,Female,3515
E02006133,East Staffordshire 003,2,Male,3422
E02006134,East Staffordshire 004,1,Female,5381
E02006134,East Staffordshire 004,2,Male,5059
E02006135,East Staffordshire 005,1,Female,4000
E02006135,East Staffordshire 005,2,Male,3762
E02006136,East Staffordshire 006,1,Female,4132
E02006136,East Staffordshire 006,2,Male,4895
E02006137,East Staffordshire 007,1,Female,4697
E02006137,East Staffordshire 007,2,Male,4462
E02006138,East Staffordshire 008,1,Female,3968
E02006138,East Staffordshire 008,2,Male,4089
E02006139,East Staffordshire 009,1,Female,4156
E02006139,East Staffordshire 009,2,Male,4314
E02006140,East Staffordshire 010,1,Female,4218
E02006140,East Staffordshire 010,2,Male,4169
E02006141,East Staffordshire 011,1,Female,5825
E02006141,East Staffordshire 011,2,Male,6328
E02006142,East Staffordshire 012,1,Female,2695
E02006142,East Staffordshire 012,2,Male,2569
E02006143,East Staffordshire 013,1,Female,4759
E02006143,East Staffordshire 013,2,Male,4620
E02006144,East Staffordshire 014,1,Female,4077
E02006144,East Staffordshire 014,2,Male,4115
E02006145,East Staffordshire 015,1,Female,3054
E02006145,East Staffordshire 015,2,Male,2910
E02006146,Lichfield 001,1,Female,4464
E02006146,Lichfield 001,2,Male,4327
E02006147,Lichfield 002,1,Female,4342
E02006147,Lichfield 002,2,Male,4068
E02006148,Lichfield 003,1,Female,3587
E02006148,Lichfield 003,2,Male,3567
E02006149,Lichfield 004,1,Female,5520
E02006149,Lichfield 004,2,Male,5204
E02006150,Lichfield 005,1,Female,5826
E02006150,Lichfield 005,2,Male,5627
E02006151,Lichfield 006,1,Female,4933
E02006151,Lichfield 006,2,Male,4841
E02006152,Lichfield 007,1,Female,5373
E02006152,Lichfield 007,2,Male,5030
E02006153,Lichfield 008,1,Female,4640
E02006153,Lichfield 008,2,Male,4524
E02006154,Lichfield 009,1,Female,4917
E02006154,Lichfield 009,2,Male,4722
E02006155,Lichfield 010,1,Female,2949
E02006155,Lichfield 010,2,Male,2778
E02006156,Lichfield 011,1,Female,4076
E02006156,Lichfield 011,2,Male,3886
E02006157,Lichfield 012,1,Female,3365
E02006157,Lichfield 012,2,Male,3869
E02006158,Newcastle-under-Lyme 001,1,Female,4064
E02006158,Newcastle-under-Lyme 001,2,Male,4030
E02006159,Newcastle-under-Lyme 002,1,Female,2959
E02006159,Newcastle-under-Lyme 002,2,Male,2750
E02006160,Newcastle-under-Lyme 003,1,Female,4398
E02006160,Newcastle-under-Lyme 003,2,Male,4240
E02006161,Newcastle-under-Lyme 004,1,Female,3333
E02006161,Newcastle-under-Lyme 004,2,Male,3242
E02006162,Newcastle-under-Lyme 005,1,Female,4224
E02006162,Newcastle-under-Lyme 005,2,Male,4102
E02006163,Newcastle-under-Lyme 006,1,Female,3981
E02006163,Newcastle-under-Lyme 006,2,Male,3887
E02006164,Newcastle-under-Lyme 007,1,Female,3696
E02006164,Newcastle-under-Lyme 007,2,Male,3534
E02006165,Newcastle-under-Lyme 008,1,Female,3727
E02006165,Newcastle-under-Lyme 008,2,Male,3685
E02006166,Newcastle-under-Lyme 009,1,Female,3548
E02006166,Newcastle-under-Lyme 009,2,Male,3432
E02006167,Newcastle-under-Lyme 010,1,Female,5118
E02006167,Newcastle-under-Lyme 010,2,Male,4887
E02006168,Newcastle-under-Lyme 011,1,Female,4216
E02006168,Newcastle-under-Lyme 011,2,Male,4132
E02006169,Newcastle-under-Lyme 012,1,Female,4014
E02006169,Newcastle-under-Lyme 012,2,Male,3555
E02006170,Newcastle-under-Lyme 013,1,Female,2649
E02006170,Newcastle-under-Lyme 013,2,Male,2519
E02006171,Newcastle-under-Lyme 014,1,Female,4616
E02006171,Newcastle-under-Lyme 014,2,Male,4413
E02006172,Newcastle-under-Lyme 015,1,Female,4823
E02006172,Newcastle-under-Lyme 015,2,Male,4592
E02006173,Newcastle-under-Lyme 016,1,Female,3474
E02006173,Newcastle-under-Lyme 016,2,Male,3459
E02006174,South Staffordshire 001,1,Female,5535
E02006174,South Staffordshire 001,2,Male,5386
E02006175,South Staffordshire 002,1,Female,3516
E02006175,South Staffordshire 002,2,Male,3331
E02006176,South Staffordshire 003,1,Female,3808
E02006176,South Staffordshire 003,2,Male,3520
E02006177,South Staffordshire 004,1,Female,4904
E02006177,South Staffordshire 004,2,Male,4880
E02006178,South Staffordshire 005,1,Female,3848
E02006178,South Staffordshire 005,2,Male,3661
E02006179,South Staffordshire 006,1,Female,3333
E02006179,South Staffordshire 006,2,Male,6205
E02006180,South Staffordshire 007,1,Female,3593
E02006180,South Staffordshire 007,2,Male,3357
E02006181,South Staffordshire 008,1,Female,2917
E02006181,South Staffordshire 008,2,Male,2642
E02006182,South Staffordshire 009,1,Female,3687
E02006182,South Staffordshire 009,2,Male,3457
E02006185,South Staffordshire 012,1,Female,3697
E02006185,South Staffordshire 012,2,Male,3423
E02006186,South Staffordshire 013,1,Female,6396
E02006186,South Staffordshire 013,2,Male,6098
E02006187,South Staffordshire 014,1,Female,3678
E02006187,South Staffordshire 014,2,Male,3426
E02006188,Stafford 001,1,Female,3017
E02006188,Stafford 001,2,Male,2959
E02006189,Stafford 002,1,Female,3717
E02006189,Stafford 002,2,Male,3455
E02006190,Stafford 003,1,Female,5612
E02006190,Stafford 003,2,Male,5467
E02006191,Stafford 004,1,Female,4158
E02006191,Stafford 004,2,Male,3960
E02006192,Stafford 005,1,Female,4759
E02006192,Stafford 005,2,Male,4433
E02006193,Stafford 006,1,Female,3787
E02006193,Stafford 006,2,Male,3699
E02006194,Stafford 007,1,Female,4334
E02006194,Stafford 007,2,Male,4049
E02006195,Stafford 008,1,Female,4499
E02006195,Stafford 008,2,Male,4251
E02006196,Stafford 009,1,Female,3341
E02006196,Stafford 009,2,Male,3914
E02006197,Stafford 010,1,Female,4563
E02006197,Stafford 010,2,Male,4880
E02006198,Stafford 011,1,Female,4452
E02006198,Stafford 011,2,Male,4498
E02006199,Stafford 012,1,Female,4192
E02006199,Stafford 012,2,Male,4129
E02006200,Stafford 013,1,Female,4018
E02006200,Stafford 013,2,Male,3715
E02006201,Stafford 014,1,Female,6224
E02006201,Stafford 014,2,Male,5894
E02006202,Stafford 015,1,Female,4635
E02006202,Stafford 015,2,Male,4571
E02006203,Stafford 016,1,Female,3927
E02006203,Stafford 016,2,Male,3758
E02006204,Staffordshire Moorlands 001,1,Female,3811
E02006204,Staffordshire Moorlands 001,2,Male,3671
E02006205,Staffordshire Moorlands 002,1,Female,3633
E02006205,Staffordshire Moorlands 002,2,Male,3608
E02006206,Staffordshire Moorlands 003,1,Female,4108
E02006206,Staffordshire Moorlands 003,2,Male,3886
E02006207,Staffordshire Moorlands 004,1,Female,3144
E02006207,Staffordshire Moorlands 004,2,Male,3094
E02006208,Staffordshire Moorlands 005,1,Female,4027
E02006208,Staffordshire Moorlands 005,2,Male,3965
E02006209,Staffordshire Moorlands 006,1,Female,5454
E02006209,Staffordshire Moorlands 006,2,Male,5166
E02006210,Staffordshire Moorlands 007,1,Female,2593
E02006210,Staffordshire Moorlands 007,2,Male,2625
E02006211,Staffordshire Moorlands 008,1,Female,3275
E02006211,Staffordshire Moorlands 008,2,Male,3076
E02006212,Staffordshire Moorlands 009,1,Female,3921
E02006212,Staffordshire Moorlands 009,2,Male,3818
E02006213,Staffordshire Moorlands 010,1,Female,3284
E02006213,Staffordshire Moorlands 010,2,Male,3241
E02006214,Staffordshire Moorlands 011,1,Female,3095
E02006214,Staffordshire Moorlands 011,2,Male,3091
E02006215,Staffordshire Moorlands 012,1,Female,3978
E02006215,Staffordshire Moorlands 012,2,Male,3871
E02006216,Staffordshire Moorlands 013,1,Female,4244
E02006216,Staffordshire Moorlands 013,2,Male,4166
E02006217,Tamworth 001,1,Female,5263
E02006217,Tamworth 001,2,Male,4944
E02006218,Tamworth 002,1,Female,4320
E02006218,Tamworth 002,2,Male,4129
E02006219,Tamworth 003,1,Female,4137
E02006219,Tamworth 003,2,Male,4181
E02006220,Tamworth 004,1,Female,3729
E02006220,Tamworth 004,2,Male,3608
E02006221,Tamworth 005,1,Female,2886
E02006221,Tamworth 005,2,Male,2928
E02006222,Tamworth 006,1,Female,3523
E02006222,Tamworth 006,2,Male,3379
E02006223,Tamworth 007,1,Female,3509
E02006223,Tamworth 007,2,Male,3352
E02006224,Tamworth 008,1,Female,3758
E02006224,Tamworth 008,2,Male,3729
E02006225,Tamworth 009,1,Female,3742
E02006225,Tamworth 009,2,Male,3597
E02006226,Tamworth 010,1,Female,5044
E02006226,Tamworth 010,2,Male,4889
E02006227,Babergh 001,1,Female,3294
E02006227,Babergh 001,2,Male,3138
E02006228,Babergh 002,1,Female,3125
E02006228,Babergh 002,2,Male,3034
E02006229,Babergh 003,1,Female,3176
E02006229,Babergh 003,2,Male,3006
E02006230,Babergh 004,1,Female,5759
E02006230,Babergh 004,2,Male,5253
E02006231,Babergh 005,1,Female,4358
E02006231,Babergh 005,2,Male,4272
E02006232,Babergh 006,1,Female,3120
E02006232,Babergh 006,2,Male,3001
E02006233,Babergh 007,1,Female,6059
E02006233,Babergh 007,2,Male,5563
E02006234,Babergh 008,1,Female,5192
E02006234,Babergh 008,2,Male,4758
E02006235,Babergh 009,1,Female,4168
E02006235,Babergh 009,2,Male,4032
E02006236,Babergh 010,1,Female,5354
E02006236,Babergh 010,2,Male,5086
E02006237,Babergh 011,1,Female,3927
E02006237,Babergh 011,2,Male,3670
E02006238,West Suffolk 002,1,Female,4833
E02006238,West Suffolk 002,2,Male,4857
E02006239,West Suffolk 001,1,Female,4092
E02006239,West Suffolk 001,2,Male,4632
E02006240,West Suffolk 003,1,Female,4862
E02006240,West Suffolk 003,2,Male,5366
E02006241,West Suffolk 004,1,Female,4400
E02006241,West Suffolk 004,2,Male,4443
E02006242,West Suffolk 007,1,Female,5413
E02006242,West Suffolk 007,2,Male,5228
E02006243,West Suffolk 008,1,Female,4732
E02006243,West Suffolk 008,2,Male,4599
E02006245,Ipswich 001,1,Female,4267
E02006245,Ipswich 001,2,Male,4019
E02006246,Ipswich 002,1,Female,3755
E02006246,Ipswich 002,2,Male,3677
E02006247,Ipswich 003,1,Female,4563
E02006247,Ipswich 003,2,Male,4541
E02006248,Ipswich 004,1,Female,4346
E02006248,Ipswich 004,2,Male,4135
E02006249,Ipswich 005,1,Female,4251
E02006249,Ipswich 005,2,Male,4137
E02006250,Ipswich 006,1,Female,5001
E02006250,Ipswich 006,2,Male,5198
E02006251,Ipswich 007,1,Female,5116
E02006251,Ipswich 007,2,Male,5576
E02006252,Ipswich 008,1,Female,4884
E02006252,Ipswich 008,2,Male,4816
E02006253,Ipswich 009,1,Female,3750
E02006253,Ipswich 009,2,Male,3699
E02006254,Ipswich 010,1,Female,4659
E02006254,Ipswich 010,2,Male,4738
E02006255,Ipswich 011,1,Female,4095
E02006255,Ipswich 011,2,Male,4026
E02006256,Ipswich 012,1,Female,4974
E02006256,Ipswich 012,2,Male,4866
E02006257,Ipswich 013,1,Female,3494
E02006257,Ipswich 013,2,Male,3282
E02006258,Ipswich 014,1,Female,4904
E02006258,Ipswich 014,2,Male,4747
E02006259,Ipswich 015,1,Female,3740
E02006259,Ipswich 015,2,Male,3539
E02006260,Ipswich 016,1,Female,4527
E02006260,Ipswich 016,2,Male,4320
E02006261,Mid Suffolk 001,1,Female,4123
E02006261,Mid Suffolk 001,2,Male,3833
E02006262,Mid Suffolk 002,1,Female,4565
E02006262,Mid Suffolk 002,2,Male,4425
E02006263,Mid Suffolk 003,1,Female,3797
E02006263,Mid Suffolk 003,2,Male,3737
E02006264,Mid Suffolk 004,1,Female,4494
E02006264,Mid Suffolk 004,2,Male,4376
E02006265,Mid Suffolk 005,1,Female,3783
E02006265,Mid Suffolk 005,2,Male,3595
E02006266,Mid Suffolk 006,1,Female,4808
E02006266,Mid Suffolk 006,2,Male,4627
E02006267,Mid Suffolk 007,1,Female,4207
E02006267,Mid Suffolk 007,2,Male,4141
E02006268,Mid Suffolk 008,1,Female,3227
E02006268,Mid Suffolk 008,2,Male,2932
E02006269,Mid Suffolk 009,1,Female,3933
E02006269,Mid Suffolk 009,2,Male,3805
E02006270,Mid Suffolk 010,1,Female,6441
E02006270,Mid Suffolk 010,2,Male,6353
E02006271,Mid Suffolk 011,1,Female,4763
E02006271,Mid Suffolk 011,2,Male,5082
E02006272,Mid Suffolk 012,1,Female,3922
E02006272,Mid Suffolk 012,2,Male,3730
E02006273,West Suffolk 005,1,Female,3529
E02006273,West Suffolk 005,2,Male,3310
E02006274,West Suffolk 006,1,Female,3167
E02006274,West Suffolk 006,2,Male,3432
E02006275,West Suffolk 009,1,Female,3563
E02006275,West Suffolk 009,2,Male,3437
E02006276,West Suffolk 016,1,Female,4193
E02006276,West Suffolk 016,2,Male,4037
E02006277,West Suffolk 012,1,Female,3860
E02006277,West Suffolk 012,2,Male,3828
E02006278,West Suffolk 011,1,Female,4186
E02006278,West Suffolk 011,2,Male,4191
E02006279,West Suffolk 014,1,Female,4422
E02006279,West Suffolk 014,2,Male,4325
E02006280,West Suffolk 010,1,Female,5018
E02006280,West Suffolk 010,2,Male,4712
E02006281,West Suffolk 013,1,Female,4418
E02006281,West Suffolk 013,2,Male,3903
E02006282,West Suffolk 017,1,Female,3347
E02006282,West Suffolk 017,2,Male,3174
E02006283,West Suffolk 018,1,Female,3570
E02006283,West Suffolk 018,2,Male,4683
E02006284,West Suffolk 019,1,Female,3978
E02006284,West Suffolk 019,2,Male,3752
E02006285,West Suffolk 021,1,Female,3781
E02006285,West Suffolk 021,2,Male,3768
E02006286,West Suffolk 020,1,Female,5634
E02006286,West Suffolk 020,2,Male,5518
E02006287,East Suffolk 016,1,Female,3164
E02006287,East Suffolk 016,2,Male,3096
E02006288,East Suffolk 017,1,Female,5227
E02006288,East Suffolk 017,2,Male,4828
E02006289,East Suffolk 018,1,Female,5053
E02006289,East Suffolk 018,2,Male,4646
E02006290,East Suffolk 019,1,Female,4249
E02006290,East Suffolk 019,2,Male,3857
E02006291,East Suffolk 020,1,Female,3979
E02006291,East Suffolk 020,2,Male,3691
E02006292,East Suffolk 021,1,Female,3466
E02006292,East Suffolk 021,2,Male,3317
E02006293,East Suffolk 023,1,Female,5168
E02006293,East Suffolk 023,2,Male,5989
E02006294,East Suffolk 022,1,Female,4196
E02006294,East Suffolk 022,2,Male,3684
E02006295,East Suffolk 024,1,Female,4796
E02006295,East Suffolk 024,2,Male,4529
E02006296,East Suffolk 025,1,Female,6640
E02006296,East Suffolk 025,2,Male,6450
E02006297,East Suffolk 026,1,Female,4072
E02006297,East Suffolk 026,2,Male,3974
E02006298,East Suffolk 027,1,Female,4638
E02006298,East Suffolk 027,2,Male,4504
E02006299,East Suffolk 028,1,Female,4333
E02006299,East Suffolk 028,2,Male,3901
E02006300,East Suffolk 029,1,Female,4079
E02006300,East Suffolk 029,2,Male,3859
E02006301,East Suffolk 030,1,Female,3266
E02006301,East Suffolk 030,2,Male,3040
E02006302,East Suffolk 001,1,Female,3398
E02006302,East Suffolk 001,2,Male,3240
E02006303,East Suffolk 002,1,Female,4176
E02006303,East Suffolk 002,2,Male,3807
E02006304,East Suffolk 003,1,Female,4197
E02006304,East Suffolk 003,2,Male,3952
E02006305,East Suffolk 004,1,Female,4946
E02006305,East Suffolk 004,2,Male,4787
E02006306,East Suffolk 005,1,Female,3713
E02006306,East Suffolk 005,2,Male,3576
E02006307,East Suffolk 007,1,Female,3757
E02006307,East Suffolk 007,2,Male,3566
E02006308,East Suffolk 006,1,Female,3785
E02006308,East Suffolk 006,2,Male,3845
E02006309,East Suffolk 009,1,Female,3566
E02006309,East Suffolk 009,2,Male,3176
E02006310,East Suffolk 008,1,Female,4199
E02006310,East Suffolk 008,2,Male,3879
E02006311,East Suffolk 010,1,Female,4312
E02006311,East Suffolk 010,2,Male,3901
E02006312,East Suffolk 011,1,Female,4328
E02006312,East Suffolk 011,2,Male,4158
E02006313,East Suffolk 012,1,Female,5154
E02006313,East Suffolk 012,2,Male,4777
E02006314,East Suffolk 013,1,Female,3682
E02006314,East Suffolk 013,2,Male,3579
E02006315,East Suffolk 014,1,Female,3032
E02006315,East Suffolk 014,2,Male,2810
E02006316,East Suffolk 015,1,Female,3654
E02006316,East Suffolk 015,2,Male,3419
E02006317,Elmbridge 001,1,Female,3320
E02006317,Elmbridge 001,2,Male,3032
E02006318,Elmbridge 002,1,Female,3606
E02006318,Elmbridge 002,2,Male,3359
E02006319,Elmbridge 003,1,Female,3725
E02006319,Elmbridge 003,2,Male,3490
E02006320,Elmbridge 004,1,Female,3750
E02006320,Elmbridge 004,2,Male,3501
E02006321,Elmbridge 005,1,Female,3444
E02006321,Elmbridge 005,2,Male,3164
E02006322,Elmbridge 006,1,Female,3339
E02006322,Elmbridge 006,2,Male,3150
E02006323,Elmbridge 007,1,Female,3849
E02006323,Elmbridge 007,2,Male,3679
E02006324,Elmbridge 008,1,Female,4110
E02006324,Elmbridge 008,2,Male,3805
E02006325,Elmbridge 009,1,Female,4680
E02006325,Elmbridge 009,2,Male,4492
E02006326,Elmbridge 010,1,Female,3852
E02006326,Elmbridge 010,2,Male,3680
E02006327,Elmbridge 011,1,Female,3482
E02006327,Elmbridge 011,2,Male,3215
E02006328,Elmbridge 012,1,Female,4974
E02006328,Elmbridge 012,2,Male,4624
E02006329,Elmbridge 013,1,Female,3675
E02006329,Elmbridge 013,2,Male,3422
E02006330,Elmbridge 014,1,Female,5160
E02006330,Elmbridge 014,2,Male,4768
E02006331,Elmbridge 015,1,Female,3753
E02006331,Elmbridge 015,2,Male,3510
E02006332,Elmbridge 016,1,Female,3433
E02006332,Elmbridge 016,2,Male,3218
E02006333,Elmbridge 017,1,Female,5149
E02006333,Elmbridge 017,2,Male,4795
E02006334,Elmbridge 018,1,Female,4442
E02006334,Elmbridge 018,2,Male,4109
E02006335,Epsom and Ewell 001,1,Female,4055
E02006335,Epsom and Ewell 001,2,Male,3858
E02006336,Epsom and Ewell 002,1,Female,3757
E02006336,Epsom and Ewell 002,2,Male,3410
E02006337,Epsom and Ewell 003,1,Female,4487
E02006337,Epsom and Ewell 003,2,Male,4384
E02006338,Epsom and Ewell 004,1,Female,3524
E02006338,Epsom and Ewell 004,2,Male,3262
E02006339,Epsom and Ewell 005,1,Female,5535
E02006339,Epsom and Ewell 005,2,Male,5378
E02006341,Epsom and Ewell 007,1,Female,5290
E02006341,Epsom and Ewell 007,2,Male,4959
E02006342,Epsom and Ewell 008,1,Female,4391
E02006342,Epsom and Ewell 008,2,Male,3806
E02006343,Epsom and Ewell 009,1,Female,4705
E02006343,Epsom and Ewell 009,2,Male,4351
E02006344,Guildford 001,1,Female,4424
E02006344,Guildford 001,2,Male,4096
E02006345,Guildford 002,1,Female,3261
E02006345,Guildford 002,2,Male,4414
E02006346,Guildford 003,1,Female,5123
E02006346,Guildford 003,2,Male,4800
E02006347,Guildford 004,1,Female,3608
E02006347,Guildford 004,2,Male,3519
E02006348,Guildford 005,1,Female,4411
E02006348,Guildford 005,2,Male,4051
E02006349,Guildford 006,1,Female,4027
E02006349,Guildford 006,2,Male,3977
E02006350,Guildford 007,1,Female,3146
E02006350,Guildford 007,2,Male,3231
E02006351,Guildford 008,1,Female,4300
E02006351,Guildford 008,2,Male,4071
E02006352,Guildford 009,1,Female,3014
E02006352,Guildford 009,2,Male,3130
E02006353,Guildford 010,1,Female,3122
E02006353,Guildford 010,2,Male,2993
E02006354,Guildford 011,1,Female,4961
E02006354,Guildford 011,2,Male,4658
E02006355,Guildford 012,1,Female,5245
E02006355,Guildford 012,2,Male,4511
E02006356,Guildford 013,1,Female,5706
E02006356,Guildford 013,2,Male,5749
E02006357,Guildford 014,1,Female,3768
E02006357,Guildford 014,2,Male,3443
E02006358,Guildford 015,1,Female,4523
E02006358,Guildford 015,2,Male,4451
E02006359,Guildford 016,1,Female,3099
E02006359,Guildford 016,2,Male,3030
E02006360,Guildford 017,1,Female,4238
E02006360,Guildford 017,2,Male,3888
E02006361,Guildford 018,1,Female,2952
E02006361,Guildford 018,2,Male,2704
E02006362,Mole Valley 001,1,Female,3639
E02006362,Mole Valley 001,2,Male,3264
E02006363,Mole Valley 002,1,Female,3100
E02006363,Mole Valley 002,2,Male,2954
E02006364,Mole Valley 003,1,Female,3927
E02006364,Mole Valley 003,2,Male,3776
E02006365,Mole Valley 004,1,Female,3220
E02006365,Mole Valley 004,2,Male,3040
E02006366,Mole Valley 005,1,Female,4054
E02006366,Mole Valley 005,2,Male,3968
E02006367,Mole Valley 006,1,Female,3083
E02006367,Mole Valley 006,2,Male,2886
E02006368,Mole Valley 007,1,Female,2977
E02006368,Mole Valley 007,2,Male,2702
E02006369,Mole Valley 008,1,Female,3217
E02006369,Mole Valley 008,2,Male,3042
E02006370,Mole Valley 009,1,Female,3259
E02006370,Mole Valley 009,2,Male,3082
E02006371,Mole Valley 010,1,Female,3767
E02006371,Mole Valley 010,2,Male,3556
E02006372,Mole Valley 011,1,Female,3333
E02006372,Mole Valley 011,2,Male,3078
E02006373,Mole Valley 012,1,Female,3851
E02006373,Mole Valley 012,2,Male,3661
E02006374,Mole Valley 013,1,Female,3459
E02006374,Mole Valley 013,2,Male,3492
E02006375,Reigate and Banstead 001,1,Female,3478
E02006375,Reigate and Banstead 001,2,Male,3295
E02006376,Reigate and Banstead 002,1,Female,4506
E02006376,Reigate and Banstead 002,2,Male,4721
E02006377,Reigate and Banstead 003,1,Female,3222
E02006377,Reigate and Banstead 003,2,Male,2947
E02006378,Reigate and Banstead 004,1,Female,4510
E02006378,Reigate and Banstead 004,2,Male,4338
E02006379,Reigate and Banstead 005,1,Female,3707
E02006379,Reigate and Banstead 005,2,Male,3263
E02006380,Reigate and Banstead 006,1,Female,3670
E02006380,Reigate and Banstead 006,2,Male,3425
E02006381,Reigate and Banstead 007,1,Female,3659
E02006381,Reigate and Banstead 007,2,Male,3596
E02006382,Reigate and Banstead 008,1,Female,3493
E02006382,Reigate and Banstead 008,2,Male,3371
E02006383,Reigate and Banstead 009,1,Female,5254
E02006383,Reigate and Banstead 009,2,Male,4861
E02006384,Reigate and Banstead 010,1,Female,5574
E02006384,Reigate and Banstead 010,2,Male,5345
E02006385,Reigate and Banstead 011,1,Female,5685
E02006385,Reigate and Banstead 011,2,Male,5638
E02006386,Reigate and Banstead 012,1,Female,4320
E02006386,Reigate and Banstead 012,2,Male,4058
E02006387,Reigate and Banstead 013,1,Female,3475
E02006387,Reigate and Banstead 013,2,Male,3313
E02006388,Reigate and Banstead 014,1,Female,4765
E02006388,Reigate and Banstead 014,2,Male,4562
E02006389,Reigate and Banstead 015,1,Female,3753
E02006389,Reigate and Banstead 015,2,Male,3617
E02006390,Reigate and Banstead 016,1,Female,5401
E02006390,Reigate and Banstead 016,2,Male,5107
E02006391,Reigate and Banstead 017,1,Female,3927
E02006391,Reigate and Banstead 017,2,Male,3822
E02006392,Reigate and Banstead 018,1,Female,4621
E02006392,Reigate and Banstead 018,2,Male,4548
E02006393,Runnymede 001,1,Female,3619
E02006393,Runnymede 001,2,Male,3325
E02006394,Runnymede 002,1,Female,6240
E02006394,Runnymede 002,2,Male,5587
E02006395,Runnymede 003,1,Female,5024
E02006395,Runnymede 003,2,Male,4729
E02006396,Runnymede 004,1,Female,3058
E02006396,Runnymede 004,2,Male,2906
E02006397,Runnymede 005,1,Female,3263
E02006397,Runnymede 005,2,Male,3071
E02006398,Runnymede 006,1,Female,4484
E02006398,Runnymede 006,2,Male,4172
E02006399,Runnymede 007,1,Female,6297
E02006399,Runnymede 007,2,Male,5973
E02006400,Runnymede 008,1,Female,2926
E02006400,Runnymede 008,2,Male,2759
E02006401,Runnymede 009,1,Female,5555
E02006401,Runnymede 009,2,Male,5156
E02006402,Runnymede 010,1,Female,5082
E02006402,Runnymede 010,2,Male,4856
E02006403,Spelthorne 001,1,Female,3326
E02006403,Spelthorne 001,2,Male,3412
E02006404,Spelthorne 002,1,Female,3870
E02006404,Spelthorne 002,2,Male,3888
E02006405,Spelthorne 003,1,Female,5860
E02006405,Spelthorne 003,2,Male,5570
E02006406,Spelthorne 004,1,Female,4454
E02006406,Spelthorne 004,2,Male,4499
E02006407,Spelthorne 005,1,Female,4731
E02006407,Spelthorne 005,2,Male,4577
E02006408,Spelthorne 006,1,Female,4447
E02006408,Spelthorne 006,2,Male,4404
E02006409,Spelthorne 007,1,Female,3498
E02006409,Spelthorne 007,2,Male,3280
E02006410,Spelthorne 008,1,Female,4354
E02006410,Spelthorne 008,2,Male,4159
E02006411,Spelthorne 009,1,Female,3659
E02006411,Spelthorne 009,2,Male,3531
E02006412,Spelthorne 010,1,Female,3992
E02006412,Spelthorne 010,2,Male,3750
E02006413,Spelthorne 011,1,Female,3361
E02006413,Spelthorne 011,2,Male,3110
E02006414,Spelthorne 012,1,Female,3196
E02006414,Spelthorne 012,2,Male,3040
E02006415,Spelthorne 013,1,Female,3585
E02006415,Spelthorne 013,2,Male,3401
E02006416,Surrey Heath 001,1,Female,4272
E02006416,Surrey Heath 001,2,Male,4113
E02006417,Surrey Heath 002,1,Female,3079
E02006417,Surrey Heath 002,2,Male,3004
E02006418,Surrey Heath 003,1,Female,3408
E02006418,Surrey Heath 003,2,Male,3128
E02006419,Surrey Heath 004,1,Female,4291
E02006419,Surrey Heath 004,2,Male,3957
E02006420,Surrey Heath 005,1,Female,3963
E02006420,Surrey Heath 005,2,Male,3781
E02006421,Surrey Heath 006,1,Female,5091
E02006421,Surrey Heath 006,2,Male,5245
E02006422,Surrey Heath 007,1,Female,3187
E02006422,Surrey Heath 007,2,Male,3019
E02006423,Surrey Heath 008,1,Female,5723
E02006423,Surrey Heath 008,2,Male,5485
E02006424,Surrey Heath 009,1,Female,3264
E02006424,Surrey Heath 009,2,Male,3231
E02006425,Surrey Heath 010,1,Female,3307
E02006425,Surrey Heath 010,2,Male,3135
E02006426,Surrey Heath 011,1,Female,2802
E02006426,Surrey Heath 011,2,Male,2740
E02006427,Surrey Heath 012,1,Female,3615
E02006427,Surrey Heath 012,2,Male,3615
E02006429,Tandridge 002,1,Female,4148
E02006429,Tandridge 002,2,Male,4064
E02006430,Tandridge 003,1,Female,4942
E02006430,Tandridge 003,2,Male,4576
E02006431,Tandridge 004,1,Female,6169
E02006431,Tandridge 004,2,Male,5402
E02006432,Tandridge 005,1,Female,2890
E02006432,Tandridge 005,2,Male,2781
E02006433,Tandridge 006,1,Female,4913
E02006433,Tandridge 006,2,Male,4578
E02006434,Tandridge 007,1,Female,3478
E02006434,Tandridge 007,2,Male,3151
E02006435,Tandridge 008,1,Female,3147
E02006435,Tandridge 008,2,Male,2967
E02006436,Tandridge 009,1,Female,3263
E02006436,Tandridge 009,2,Male,2951
E02006437,Tandridge 010,1,Female,4312
E02006437,Tandridge 010,2,Male,4076
E02006438,Tandridge 011,1,Female,4209
E02006438,Tandridge 011,2,Male,4142
E02006439,Waverley 001,1,Female,3194
E02006439,Waverley 001,2,Male,3043
E02006440,Waverley 002,1,Female,3612
E02006440,Waverley 002,2,Male,3583
E02006441,Waverley 003,1,Female,4464
E02006441,Waverley 003,2,Male,3964
E02006442,Waverley 004,1,Female,3243
E02006442,Waverley 004,2,Male,3171
E02006443,Waverley 005,1,Female,3891
E02006443,Waverley 005,2,Male,3611
E02006444,Waverley 006,1,Female,3654
E02006444,Waverley 006,2,Male,3524
E02006445,Waverley 007,1,Female,4105
E02006445,Waverley 007,2,Male,4330
E02006446,Waverley 008,1,Female,3722
E02006446,Waverley 008,2,Male,3257
E02006447,Waverley 009,1,Female,3429
E02006447,Waverley 009,2,Male,3319
E02006448,Waverley 010,1,Female,3802
E02006448,Waverley 010,2,Male,3585
E02006449,Waverley 011,1,Female,3637
E02006449,Waverley 011,2,Male,3319
E02006450,Waverley 012,1,Female,3724
E02006450,Waverley 012,2,Male,3440
E02006451,Waverley 013,1,Female,6075
E02006451,Waverley 013,2,Male,5717
E02006453,Waverley 015,1,Female,4437
E02006453,Waverley 015,2,Male,3951
E02006454,Waverley 016,1,Female,3499
E02006454,Waverley 016,2,Male,3266
E02006455,Waverley 017,1,Female,3141
E02006455,Waverley 017,2,Male,3001
E02006456,Woking 001,1,Female,4117
E02006456,Woking 001,2,Male,3903
E02006457,Woking 002,1,Female,4755
E02006457,Woking 002,2,Male,4577
E02006458,Woking 003,1,Female,4683
E02006458,Woking 003,2,Male,4542
E02006459,Woking 004,1,Female,5209
E02006459,Woking 004,2,Male,5445
E02006460,Woking 005,1,Female,4744
E02006460,Woking 005,2,Male,4578
E02006461,Woking 006,1,Female,3393
E02006461,Woking 006,2,Male,3395
E02006462,Woking 007,1,Female,4208
E02006462,Woking 007,2,Male,4135
E02006463,Woking 008,1,Female,5199
E02006463,Woking 008,2,Male,5462
E02006464,Woking 009,1,Female,3465
E02006464,Woking 009,2,Male,3346
E02006465,Woking 010,1,Female,3141
E02006465,Woking 010,2,Male,3074
E02006466,Woking 011,1,Female,5737
E02006466,Woking 011,2,Male,5567
E02006467,Woking 012,1,Female,3651
E02006467,Woking 012,2,Male,3614
E02006468,North Warwickshire 001,1,Female,5649
E02006468,North Warwickshire 001,2,Male,5307
E02006469,North Warwickshire 002,1,Female,4499
E02006469,North Warwickshire 002,2,Male,4278
E02006470,North Warwickshire 003,1,Female,5893
E02006470,North Warwickshire 003,2,Male,5845
E02006471,North Warwickshire 004,1,Female,3540
E02006471,North Warwickshire 004,2,Male,3430
E02006472,North Warwickshire 005,1,Female,5008
E02006472,North Warwickshire 005,2,Male,4818
E02006473,North Warwickshire 006,1,Female,5325
E02006473,North Warwickshire 006,2,Male,5055
E02006474,North Warwickshire 007,1,Female,3209
E02006474,North Warwickshire 007,2,Male,3181
E02006475,Nuneaton and Bedworth 001,1,Female,4881
E02006475,Nuneaton and Bedworth 001,2,Male,4703
E02006476,Nuneaton and Bedworth 002,1,Female,4925
E02006476,Nuneaton and Bedworth 002,2,Male,4673
E02006477,Nuneaton and Bedworth 003,1,Female,4441
E02006477,Nuneaton and Bedworth 003,2,Male,4297
E02006478,Nuneaton and Bedworth 004,1,Female,4246
E02006478,Nuneaton and Bedworth 004,2,Male,4159
E02006479,Nuneaton and Bedworth 005,1,Female,4551
E02006479,Nuneaton and Bedworth 005,2,Male,4594
E02006480,Nuneaton and Bedworth 006,1,Female,3809
E02006480,Nuneaton and Bedworth 006,2,Male,3682
E02006481,Nuneaton and Bedworth 007,1,Female,3726
E02006481,Nuneaton and Bedworth 007,2,Male,3591
E02006482,Nuneaton and Bedworth 008,1,Female,3638
E02006482,Nuneaton and Bedworth 008,2,Male,3618
E02006483,Nuneaton and Bedworth 009,1,Female,4053
E02006483,Nuneaton and Bedworth 009,2,Male,3907
E02006484,Nuneaton and Bedworth 010,1,Female,3911
E02006484,Nuneaton and Bedworth 010,2,Male,3737
E02006485,Nuneaton and Bedworth 011,1,Female,3365
E02006485,Nuneaton and Bedworth 011,2,Male,3223
E02006486,Nuneaton and Bedworth 012,1,Female,3575
E02006486,Nuneaton and Bedworth 012,2,Male,3505
E02006487,Nuneaton and Bedworth 013,1,Female,3588
E02006487,Nuneaton and Bedworth 013,2,Male,3359
E02006488,Nuneaton and Bedworth 014,1,Female,3127
E02006488,Nuneaton and Bedworth 014,2,Male,2953
E02006489,Nuneaton and Bedworth 015,1,Female,4093
E02006489,Nuneaton and Bedworth 015,2,Male,3964
E02006490,Nuneaton and Bedworth 016,1,Female,3971
E02006490,Nuneaton and Bedworth 016,2,Male,3773
E02006493,Rugby 002,1,Female,5372
E02006493,Rugby 002,2,Male,5321
E02006494,Rugby 003,1,Female,3601
E02006494,Rugby 003,2,Male,3669
E02006495,Rugby 004,1,Female,3942
E02006495,Rugby 004,2,Male,3829
E02006496,Rugby 005,1,Female,3420
E02006496,Rugby 005,2,Male,3721
E02006497,Rugby 006,1,Female,3966
E02006497,Rugby 006,2,Male,4123
E02006498,Rugby 007,1,Female,7016
E02006498,Rugby 007,2,Male,6846
E02006499,Rugby 008,1,Female,3221
E02006499,Rugby 008,2,Male,3215
E02006500,Rugby 009,1,Female,3017
E02006500,Rugby 009,2,Male,3086
E02006501,Rugby 010,1,Female,5190
E02006501,Rugby 010,2,Male,5027
E02006502,Rugby 011,1,Female,5718
E02006502,Rugby 011,2,Male,5335
E02006503,Rugby 012,1,Female,5263
E02006503,Rugby 012,2,Male,4909
E02006504,Stratford-on-Avon 001,1,Female,2958
E02006504,Stratford-on-Avon 001,2,Male,2920
E02006505,Stratford-on-Avon 002,1,Female,3678
E02006505,Stratford-on-Avon 002,2,Male,3284
E02006506,Stratford-on-Avon 003,1,Female,3070
E02006506,Stratford-on-Avon 003,2,Male,2966
E02006507,Stratford-on-Avon 004,1,Female,5646
E02006507,Stratford-on-Avon 004,2,Male,5387
E02006508,Stratford-on-Avon 005,1,Female,5659
E02006508,Stratford-on-Avon 005,2,Male,5494
E02006509,Stratford-on-Avon 006,1,Female,3052
E02006509,Stratford-on-Avon 006,2,Male,2817
E02006510,Stratford-on-Avon 007,1,Female,3540
E02006510,Stratford-on-Avon 007,2,Male,3310
E02006511,Stratford-on-Avon 008,1,Female,5509
E02006511,Stratford-on-Avon 008,2,Male,5147
E02006512,Stratford-on-Avon 009,1,Female,6270
E02006512,Stratford-on-Avon 009,2,Male,6029
E02006513,Stratford-on-Avon 010,1,Female,4370
E02006513,Stratford-on-Avon 010,2,Male,3968
E02006514,Stratford-on-Avon 011,1,Female,4705
E02006514,Stratford-on-Avon 011,2,Male,4158
E02006515,Stratford-on-Avon 012,1,Female,5719
E02006515,Stratford-on-Avon 012,2,Male,5462
E02006516,Stratford-on-Avon 013,1,Female,4836
E02006516,Stratford-on-Avon 013,2,Male,4757
E02006517,Stratford-on-Avon 014,1,Female,5028
E02006517,Stratford-on-Avon 014,2,Male,4793
E02006518,Stratford-on-Avon 015,1,Female,5311
E02006518,Stratford-on-Avon 015,2,Male,4883
E02006519,Warwick 001,1,Female,4107
E02006519,Warwick 001,2,Male,3886
E02006520,Warwick 002,1,Female,4315
E02006520,Warwick 002,2,Male,4126
E02006521,Warwick 003,1,Female,3713
E02006521,Warwick 003,2,Male,3591
E02006522,Warwick 004,1,Female,2911
E02006522,Warwick 004,2,Male,2895
E02006523,Warwick 005,1,Female,6581
E02006523,Warwick 005,2,Male,6322
E02006524,Warwick 006,1,Female,2815
E02006524,Warwick 006,2,Male,2710
E02006525,Warwick 007,1,Female,6598
E02006525,Warwick 007,2,Male,6435
E02006526,Warwick 008,1,Female,4412
E02006526,Warwick 008,2,Male,4241
E02006527,Warwick 009,1,Female,4594
E02006527,Warwick 009,2,Male,4763
E02006528,Warwick 010,1,Female,5417
E02006528,Warwick 010,2,Male,5827
E02006529,Warwick 011,1,Female,6444
E02006529,Warwick 011,2,Male,6253
E02006530,Warwick 012,1,Female,6665
E02006530,Warwick 012,2,Male,6571
E02006531,Warwick 013,1,Female,4897
E02006531,Warwick 013,2,Male,5433
E02006532,Warwick 014,1,Female,5983
E02006532,Warwick 014,2,Male,5660
E02006533,Warwick 015,1,Female,5157
E02006533,Warwick 015,2,Male,5134
E02006534,Adur 001,1,Female,4728
E02006534,Adur 001,2,Male,4367
E02006535,Adur 002,1,Female,3800
E02006535,Adur 002,2,Male,3562
E02006536,Adur 003,1,Female,3776
E02006536,Adur 003,2,Male,3724
E02006537,Adur 004,1,Female,5496
E02006537,Adur 004,2,Male,5038
E02006538,Adur 005,1,Female,4754
E02006538,Adur 005,2,Male,4507
E02006539,Adur 006,1,Female,3773
E02006539,Adur 006,2,Male,3521
E02006540,Adur 007,1,Female,2958
E02006540,Adur 007,2,Male,2766
E02006541,Adur 008,1,Female,4045
E02006541,Adur 008,2,Male,3730
E02006542,Arun 001,1,Female,2990
E02006542,Arun 001,2,Male,2746
E02006543,Arun 002,1,Female,2886
E02006543,Arun 002,2,Male,2712
E02006544,Arun 003,1,Female,5978
E02006544,Arun 003,2,Male,5637
E02006545,Arun 004,1,Female,6262
E02006545,Arun 004,2,Male,5900
E02006546,Arun 005,1,Female,5776
E02006546,Arun 005,2,Male,5191
E02006547,Arun 006,1,Female,3374
E02006547,Arun 006,2,Male,3538
E02006548,Arun 007,1,Female,5168
E02006548,Arun 007,2,Male,4587
E02006549,Arun 008,1,Female,3327
E02006549,Arun 008,2,Male,2921
E02006550,Arun 009,1,Female,5050
E02006550,Arun 009,2,Male,4558
E02006551,Arun 010,1,Female,4375
E02006551,Arun 010,2,Male,3580
E02006552,Arun 011,1,Female,3618
E02006552,Arun 011,2,Male,3764
E02006553,Arun 012,1,Female,4995
E02006553,Arun 012,2,Male,4668
E02006554,Arun 013,1,Female,3455
E02006554,Arun 013,2,Male,3163
E02006555,Arun 014,1,Female,3997
E02006555,Arun 014,2,Male,3698
E02006556,Arun 015,1,Female,5579
E02006556,Arun 015,2,Male,5014
E02006557,Arun 016,1,Female,3996
E02006557,Arun 016,2,Male,3772
E02006558,Arun 017,1,Female,5302
E02006558,Arun 017,2,Male,5423
E02006559,Arun 018,1,Female,4276
E02006559,Arun 018,2,Male,3905
E02006560,Arun 019,1,Female,5025
E02006560,Arun 019,2,Male,4680
E02006561,Chichester 001,1,Female,3416
E02006561,Chichester 001,2,Male,3289
E02006562,Chichester 002,1,Female,3157
E02006562,Chichester 002,2,Male,3003
E02006563,Chichester 003,1,Female,2907
E02006563,Chichester 003,2,Male,2845
E02006564,Chichester 004,1,Female,4285
E02006564,Chichester 004,2,Male,3705
E02006565,Chichester 005,1,Female,4230
E02006565,Chichester 005,2,Male,3932
E02006566,Chichester 006,1,Female,4337
E02006566,Chichester 006,2,Male,3896
E02006567,Chichester 007,1,Female,4007
E02006567,Chichester 007,2,Male,3676
E02006568,Chichester 008,1,Female,6554
E02006568,Chichester 008,2,Male,5746
E02006569,Chichester 009,1,Female,4611
E02006569,Chichester 009,2,Male,5014
E02006570,Chichester 010,1,Female,4800
E02006570,Chichester 010,2,Male,4106
E02006571,Chichester 011,1,Female,4449
E02006571,Chichester 011,2,Male,4065
E02006572,Chichester 012,1,Female,5970
E02006572,Chichester 012,2,Male,5516
E02006573,Chichester 013,1,Female,6118
E02006573,Chichester 013,2,Male,5510
E02006574,Chichester 014,1,Female,5712
E02006574,Chichester 014,2,Male,5211
E02006575,Crawley 001,1,Female,4289
E02006575,Crawley 001,2,Male,4657
E02006576,Crawley 002,1,Female,5376
E02006576,Crawley 002,2,Male,5338
E02006577,Crawley 003,1,Female,4666
E02006577,Crawley 003,2,Male,4425
E02006578,Crawley 004,1,Female,6161
E02006578,Crawley 004,2,Male,6423
E02006579,Crawley 005,1,Female,4114
E02006579,Crawley 005,2,Male,4239
E02006580,Crawley 006,1,Female,4247
E02006580,Crawley 006,2,Male,4149
E02006581,Crawley 007,1,Female,5214
E02006581,Crawley 007,2,Male,5141
E02006582,Crawley 008,1,Female,3934
E02006582,Crawley 008,2,Male,3915
E02006583,Crawley 009,1,Female,4782
E02006583,Crawley 009,2,Male,4699
E02006584,Crawley 010,1,Female,4017
E02006584,Crawley 010,2,Male,3823
E02006585,Crawley 011,1,Female,4303
E02006585,Crawley 011,2,Male,4011
E02006586,Crawley 012,1,Female,4005
E02006586,Crawley 012,2,Male,4032
E02006587,Crawley 013,1,Female,4384
E02006587,Crawley 013,2,Male,4151
E02006588,Horsham 001,1,Female,5277
E02006588,Horsham 001,2,Male,5133
E02006589,Horsham 002,1,Female,5833
E02006589,Horsham 002,2,Male,5510
E02006590,Horsham 003,1,Female,4526
E02006590,Horsham 003,2,Male,4256
E02006591,Horsham 004,1,Female,4134
E02006591,Horsham 004,2,Male,4138
E02006592,Horsham 005,1,Female,3401
E02006592,Horsham 005,2,Male,3277
E02006593,Horsham 006,1,Female,5768
E02006593,Horsham 006,2,Male,5518
E02006594,Horsham 007,1,Female,5605
E02006594,Horsham 007,2,Male,5336
E02006595,Horsham 008,1,Female,4598
E02006595,Horsham 008,2,Male,4360
E02006596,Horsham 009,1,Female,4740
E02006596,Horsham 009,2,Male,4623
E02006597,Horsham 010,1,Female,6324
E02006597,Horsham 010,2,Male,6071
E02006598,Horsham 011,1,Female,2736
E02006598,Horsham 011,2,Male,2719
E02006599,Horsham 012,1,Female,3487
E02006599,Horsham 012,2,Male,3403
E02006600,Horsham 013,1,Female,5177
E02006600,Horsham 013,2,Male,4689
E02006601,Horsham 014,1,Female,4663
E02006601,Horsham 014,2,Male,4293
E02006602,Horsham 015,1,Female,4417
E02006602,Horsham 015,2,Male,4299
E02006603,Horsham 016,1,Female,4459
E02006603,Horsham 016,2,Male,4009
E02006604,Mid Sussex 001,1,Female,6787
E02006604,Mid Sussex 001,2,Male,6493
E02006605,Mid Sussex 002,1,Female,3226
E02006605,Mid Sussex 002,2,Male,3140
E02006606,Mid Sussex 003,1,Female,4366
E02006606,Mid Sussex 003,2,Male,3984
E02006607,Mid Sussex 004,1,Female,4057
E02006607,Mid Sussex 004,2,Male,3903
E02006608,Mid Sussex 005,1,Female,3262
E02006608,Mid Sussex 005,2,Male,3072
E02006609,Mid Sussex 006,1,Female,3483
E02006609,Mid Sussex 006,2,Male,3406
E02006610,Mid Sussex 007,1,Female,4008
E02006610,Mid Sussex 007,2,Male,3861
E02006611,Mid Sussex 008,1,Female,5987
E02006611,Mid Sussex 008,2,Male,5493
E02006612,Mid Sussex 009,1,Female,6013
E02006612,Mid Sussex 009,2,Male,5814
E02006613,Mid Sussex 010,1,Female,4044
E02006613,Mid Sussex 010,2,Male,3707
E02006614,Mid Sussex 011,1,Female,6614
E02006614,Mid Sussex 011,2,Male,6238
E02006615,Mid Sussex 012,1,Female,3611
E02006615,Mid Sussex 012,2,Male,3450
E02006616,Mid Sussex 013,1,Female,5024
E02006616,Mid Sussex 013,2,Male,4816
E02006617,Mid Sussex 014,1,Female,4693
E02006617,Mid Sussex 014,2,Male,4441
E02006618,Mid Sussex 015,1,Female,3384
E02006618,Mid Sussex 015,2,Male,3072
E02006619,Mid Sussex 016,1,Female,4659
E02006619,Mid Sussex 016,2,Male,4420
E02006620,Mid Sussex 017,1,Female,5282
E02006620,Mid Sussex 017,2,Male,4756
E02006621,Worthing 001,1,Female,3934
E02006621,Worthing 001,2,Male,3758
E02006622,Worthing 002,1,Female,4041
E02006622,Worthing 002,2,Male,3848
E02006623,Worthing 003,1,Female,4281
E02006623,Worthing 003,2,Male,3810
E02006624,Worthing 004,1,Female,3703
E02006624,Worthing 004,2,Male,3627
E02006625,Worthing 005,1,Female,4139
E02006625,Worthing 005,2,Male,3912
E02006626,Worthing 006,1,Female,5310
E02006626,Worthing 006,2,Male,4877
E02006627,Worthing 007,1,Female,4939
E02006627,Worthing 007,2,Male,4668
E02006628,Worthing 008,1,Female,4600
E02006628,Worthing 008,2,Male,4342
E02006629,Worthing 009,1,Female,4070
E02006629,Worthing 009,2,Male,3741
E02006630,Worthing 010,1,Female,4609
E02006630,Worthing 010,2,Male,4297
E02006631,Worthing 011,1,Female,5152
E02006631,Worthing 011,2,Male,5033
E02006632,Worthing 012,1,Female,4304
E02006632,Worthing 012,2,Male,3940
E02006633,Worthing 013,1,Female,4425
E02006633,Worthing 013,2,Male,3979
E02006634,Wiltshire 012,1,Female,4401
E02006634,Wiltshire 012,2,Male,4166
E02006635,Wiltshire 019,1,Female,4737
E02006635,Wiltshire 019,2,Male,4391
E02006636,Wiltshire 024,1,Female,3667
E02006636,Wiltshire 024,2,Male,3426
E02006637,Wiltshire 025,1,Female,5650
E02006637,Wiltshire 025,2,Male,5376
E02006638,Wiltshire 026,1,Female,3277
E02006638,Wiltshire 026,2,Male,3090
E02006639,Wiltshire 028,1,Female,4061
E02006639,Wiltshire 028,2,Male,4357
E02006640,Wiltshire 029,1,Female,3723
E02006640,Wiltshire 029,2,Male,3597
E02006641,Wiltshire 034,1,Female,4278
E02006641,Wiltshire 034,2,Male,3964
E02006642,Wiltshire 038,1,Female,2816
E02006642,Wiltshire 038,2,Male,2853
E02006644,Wiltshire 001,1,Female,3499
E02006644,Wiltshire 001,2,Male,3312
E02006645,Wiltshire 002,1,Female,4005
E02006645,Wiltshire 002,2,Male,3874
E02006646,Wiltshire 003,1,Female,4140
E02006646,Wiltshire 003,2,Male,4098
E02006647,Wiltshire 004,1,Female,3074
E02006647,Wiltshire 004,2,Male,3031
E02006648,Wiltshire 005,1,Female,3211
E02006648,Wiltshire 005,2,Male,3074
E02006649,Wiltshire 006,1,Female,3892
E02006649,Wiltshire 006,2,Male,3774
E02006650,Wiltshire 007,1,Female,6323
E02006650,Wiltshire 007,2,Male,7676
E02006651,Wiltshire 008,1,Female,3652
E02006651,Wiltshire 008,2,Male,3630
E02006652,Wiltshire 009,1,Female,4931
E02006652,Wiltshire 009,2,Male,4778
E02006653,Wiltshire 010,1,Female,4958
E02006653,Wiltshire 010,2,Male,4893
E02006654,Wiltshire 011,1,Female,4812
E02006654,Wiltshire 011,2,Male,4773
E02006655,Wiltshire 013,1,Female,4162
E02006655,Wiltshire 013,2,Male,4017
E02006656,Wiltshire 014,1,Female,3400
E02006656,Wiltshire 014,2,Male,3306
E02006657,Wiltshire 015,1,Female,5814
E02006657,Wiltshire 015,2,Male,5301
E02006658,Wiltshire 016,1,Female,4092
E02006658,Wiltshire 016,2,Male,3860
E02006659,Wiltshire 017,1,Female,4199
E02006659,Wiltshire 017,2,Male,4167
E02006660,Wiltshire 018,1,Female,7023
E02006660,Wiltshire 018,2,Male,6508
E02006661,Wiltshire 045,1,Female,4481
E02006661,Wiltshire 045,2,Male,5483
E02006662,Wiltshire 046,1,Female,3645
E02006662,Wiltshire 046,2,Male,3657
E02006663,Wiltshire 048,1,Female,6604
E02006663,Wiltshire 048,2,Male,6393
E02006664,Wiltshire 049,1,Female,3270
E02006664,Wiltshire 049,2,Male,3122
E02006665,Wiltshire 050,1,Female,3481
E02006665,Wiltshire 050,2,Male,3269
E02006666,Wiltshire 051,1,Female,3557
E02006666,Wiltshire 051,2,Male,3311
E02006667,Wiltshire 052,1,Female,3891
E02006667,Wiltshire 052,2,Male,3732
E02006668,Wiltshire 053,1,Female,3084
E02006668,Wiltshire 053,2,Male,2805
E02006669,Wiltshire 054,1,Female,5383
E02006669,Wiltshire 054,2,Male,5004
E02006670,Wiltshire 055,1,Female,3450
E02006670,Wiltshire 055,2,Male,3456
E02006671,Wiltshire 056,1,Female,3227
E02006671,Wiltshire 056,2,Male,2929
E02006672,Wiltshire 057,1,Female,4967
E02006672,Wiltshire 057,2,Male,4532
E02006673,Wiltshire 058,1,Female,2616
E02006673,Wiltshire 058,2,Male,2422
E02006674,Wiltshire 059,1,Female,3123
E02006674,Wiltshire 059,2,Male,2925
E02006675,Wiltshire 060,1,Female,4134
E02006675,Wiltshire 060,2,Male,3914
E02006676,Wiltshire 061,1,Female,3160
E02006676,Wiltshire 061,2,Male,3003
E02006677,Wiltshire 062,1,Female,4075
E02006677,Wiltshire 062,2,Male,3868
E02006678,Wiltshire 020,1,Female,3990
E02006678,Wiltshire 020,2,Male,3824
E02006679,Wiltshire 021,1,Female,6363
E02006679,Wiltshire 021,2,Male,6081
E02006680,Wiltshire 022,1,Female,3909
E02006680,Wiltshire 022,2,Male,3690
E02006681,Wiltshire 023,1,Female,3010
E02006681,Wiltshire 023,2,Male,2933
E02006682,Wiltshire 027,1,Female,5499
E02006682,Wiltshire 027,2,Male,4907
E02006683,Wiltshire 030,1,Female,4085
E02006683,Wiltshire 030,2,Male,3959
E02006684,Wiltshire 031,1,Female,3455
E02006684,Wiltshire 031,2,Male,3410
E02006685,Wiltshire 032,1,Female,5190
E02006685,Wiltshire 032,2,Male,4965
E02006686,Wiltshire 033,1,Female,2797
E02006686,Wiltshire 033,2,Male,2630
E02006687,Wiltshire 035,1,Female,4098
E02006687,Wiltshire 035,2,Male,4020
E02006688,Wiltshire 036,1,Female,2822
E02006688,Wiltshire 036,2,Male,2729
E02006689,Wiltshire 037,1,Female,3601
E02006689,Wiltshire 037,2,Male,3415
E02006690,Wiltshire 039,1,Female,3612
E02006690,Wiltshire 039,2,Male,3385
E02006692,Wiltshire 042,1,Female,2786
E02006692,Wiltshire 042,2,Male,2802
E02006693,Wiltshire 043,1,Female,3314
E02006693,Wiltshire 043,2,Male,3157
E02006694,Wiltshire 044,1,Female,3141
E02006694,Wiltshire 044,2,Male,2976
E02006695,Wiltshire 047,1,Female,3305
E02006695,Wiltshire 047,2,Male,3129
E02006696,Bromsgrove 001,1,Female,3786
E02006696,Bromsgrove 001,2,Male,3528
E02006697,Bromsgrove 002,1,Female,3770
E02006697,Bromsgrove 002,2,Male,3647
E02006698,Bromsgrove 003,1,Female,3283
E02006698,Bromsgrove 003,2,Male,3137
E02006699,Bromsgrove 004,1,Female,3108
E02006699,Bromsgrove 004,2,Male,2812
E02006700,Bromsgrove 005,1,Female,3284
E02006700,Bromsgrove 005,2,Male,3072
E02006701,Bromsgrove 006,1,Female,3753
E02006701,Bromsgrove 006,2,Male,3598
E02006702,Bromsgrove 007,1,Female,3082
E02006702,Bromsgrove 007,2,Male,2876
E02006703,Bromsgrove 008,1,Female,4140
E02006703,Bromsgrove 008,2,Male,3896
E02006704,Bromsgrove 009,1,Female,3592
E02006704,Bromsgrove 009,2,Male,3340
E02006705,Bromsgrove 010,1,Female,3798
E02006705,Bromsgrove 010,2,Male,3580
E02006706,Bromsgrove 011,1,Female,3582
E02006706,Bromsgrove 011,2,Male,3367
E02006707,Bromsgrove 012,1,Female,3501
E02006707,Bromsgrove 012,2,Male,3318
E02006708,Bromsgrove 013,1,Female,4145
E02006708,Bromsgrove 013,2,Male,3879
E02006709,Bromsgrove 014,1,Female,3907
E02006709,Bromsgrove 014,2,Male,4403
E02006710,Malvern Hills 001,1,Female,4317
E02006710,Malvern Hills 001,2,Male,4103
E02006711,Malvern Hills 002,1,Female,4332
E02006711,Malvern Hills 002,2,Male,4192
E02006712,Malvern Hills 003,1,Female,3850
E02006712,Malvern Hills 003,2,Male,3816
E02006713,Malvern Hills 004,1,Female,3287
E02006713,Malvern Hills 004,2,Male,3014
E02006714,Malvern Hills 005,1,Female,3000
E02006714,Malvern Hills 005,2,Male,2855
E02006715,Malvern Hills 006,1,Female,4384
E02006715,Malvern Hills 006,2,Male,4310
E02006716,Malvern Hills 007,1,Female,3347
E02006716,Malvern Hills 007,2,Male,3107
E02006717,Malvern Hills 008,1,Female,3610
E02006717,Malvern Hills 008,2,Male,3319
E02006718,Malvern Hills 009,1,Female,3191
E02006718,Malvern Hills 009,2,Male,2798
E02006719,Malvern Hills 010,1,Female,3821
E02006719,Malvern Hills 010,2,Male,3583
E02006720,Malvern Hills 011,1,Female,3709
E02006720,Malvern Hills 011,2,Male,3541
E02006721,Redditch 001,1,Female,3381
E02006721,Redditch 001,2,Male,3258
E02006722,Redditch 002,1,Female,2821
E02006722,Redditch 002,2,Male,2628
E02006723,Redditch 003,1,Female,4751
E02006723,Redditch 003,2,Male,4587
E02006724,Redditch 004,1,Female,3406
E02006724,Redditch 004,2,Male,3614
E02006725,Redditch 005,1,Female,2786
E02006725,Redditch 005,2,Male,2740
E02006726,Redditch 006,1,Female,3179
E02006726,Redditch 006,2,Male,3189
E02006727,Redditch 007,1,Female,2966
E02006727,Redditch 007,2,Male,2974
E02006728,Redditch 008,1,Female,3947
E02006728,Redditch 008,2,Male,3804
E02006729,Redditch 009,1,Female,3862
E02006729,Redditch 009,2,Male,3774
E02006730,Redditch 010,1,Female,3432
E02006730,Redditch 010,2,Male,3350
E02006731,Redditch 011,1,Female,2861
E02006731,Redditch 011,2,Male,2707
E02006732,Redditch 012,1,Female,3532
E02006732,Redditch 012,2,Male,3437
E02006733,Redditch 013,1,Female,3127
E02006733,Redditch 013,2,Male,2925
E02006734,Worcester 001,1,Female,4169
E02006734,Worcester 001,2,Male,4050
E02006735,Worcester 002,1,Female,2837
E02006735,Worcester 002,2,Male,2693
E02006736,Worcester 003,1,Female,3308
E02006736,Worcester 003,2,Male,3190
E02006737,Worcester 004,1,Female,4277
E02006737,Worcester 004,2,Male,4025
E02006738,Worcester 005,1,Female,4642
E02006738,Worcester 005,2,Male,4575
E02006739,Worcester 006,1,Female,3150
E02006739,Worcester 006,2,Male,2583
E02006740,Worcester 007,1,Female,3616
E02006740,Worcester 007,2,Male,3721
E02006741,Worcester 008,1,Female,3250
E02006741,Worcester 008,2,Male,3031
E02006742,Worcester 009,1,Female,4668
E02006742,Worcester 009,2,Male,4314
E02006743,Worcester 010,1,Female,3468
E02006743,Worcester 010,2,Male,3469
E02006744,Worcester 011,1,Female,3609
E02006744,Worcester 011,2,Male,3850
E02006745,Worcester 012,1,Female,4525
E02006745,Worcester 012,2,Male,4212
E02006746,Worcester 013,1,Female,4581
E02006746,Worcester 013,2,Male,4410
E02006747,Worcester 014,1,Female,2899
E02006747,Worcester 014,2,Male,2749
E02006748,Wychavon 001,1,Female,4489
E02006748,Wychavon 001,2,Male,4306
E02006749,Wychavon 002,1,Female,2767
E02006749,Wychavon 002,2,Male,2642
E02006750,Wychavon 003,1,Female,2867
E02006750,Wychavon 003,2,Male,2560
E02006751,Wychavon 004,1,Female,3052
E02006751,Wychavon 004,2,Male,2817
E02006752,Wychavon 005,1,Female,4288
E02006752,Wychavon 005,2,Male,4044
E02006753,Wychavon 006,1,Female,3760
E02006753,Wychavon 006,2,Male,3625
E02006754,Wychavon 007,1,Female,2976
E02006754,Wychavon 007,2,Male,2829
E02006755,Wychavon 008,1,Female,2965
E02006755,Wychavon 008,2,Male,2899
E02006756,Wychavon 009,1,Female,3431
E02006756,Wychavon 009,2,Male,3275
E02006757,Wychavon 010,1,Female,3603
E02006757,Wychavon 010,2,Male,3593
E02006758,Wychavon 011,1,Female,3048
E02006758,Wychavon 011,2,Male,3419
E02006759,Wychavon 012,1,Female,4362
E02006759,Wychavon 012,2,Male,4039
E02006760,Wychavon 013,1,Female,4655
E02006760,Wychavon 013,2,Male,4364
E02006761,Wychavon 014,1,Female,3088
E02006761,Wychavon 014,2,Male,3192
E02006762,Wychavon 015,1,Female,3611
E02006762,Wychavon 015,2,Male,3509
E02006763,Wychavon 016,1,Female,4320
E02006763,Wychavon 016,2,Male,4175
E02006764,Wychavon 017,1,Female,2960
E02006764,Wychavon 017,2,Male,2831
E02006765,Wychavon 018,1,Female,3265
E02006765,Wychavon 018,2,Male,3049
E02006766,Wychavon 019,1,Female,3989
E02006766,Wychavon 019,2,Male,3827
E02006767,Wyre Forest 001,1,Female,4806
E02006767,Wyre Forest 001,2,Male,4775
E02006768,Wyre Forest 002,1,Female,3594
E02006768,Wyre Forest 002,2,Male,3404
E02006769,Wyre Forest 003,1,Female,3598
E02006769,Wyre Forest 003,2,Male,3471
E02006770,Wyre Forest 004,1,Female,4191
E02006770,Wyre Forest 004,2,Male,4189
E02006771,Wyre Forest 005,1,Female,3460
E02006771,Wyre Forest 005,2,Male,3298
E02006772,Wyre Forest 006,1,Female,3427
E02006772,Wyre Forest 006,2,Male,3253
E02006773,Wyre Forest 007,1,Female,4244
E02006773,Wyre Forest 007,2,Male,3980
E02006774,Wyre Forest 008,1,Female,3774
E02006774,Wyre Forest 008,2,Male,3790
E02006775,Wyre Forest 009,1,Female,3108
E02006775,Wyre Forest 009,2,Male,2990
E02006776,Wyre Forest 010,1,Female,3255
E02006776,Wyre Forest 010,2,Male,3139
E02006777,Wyre Forest 011,1,Female,3647
E02006777,Wyre Forest 011,2,Male,3558
E02006778,Wyre Forest 012,1,Female,3721
E02006778,Wyre Forest 012,2,Male,3457
E02006779,Wyre Forest 013,1,Female,3932
E02006779,Wyre Forest 013,2,Male,3642
E02006780,Wyre Forest 014,1,Female,3029
E02006780,Wyre Forest 014,2,Male,2874
E02006781,Isles of Scilly 001,1,Female,1050
E02006781,Isles of Scilly 001,2,Male,1004
E02006782,Bromley 040,1,Female,4315
E02006782,Bromley 040,2,Male,3811
E02006783,Lewisham 037,1,Female,4206
E02006783,Lewisham 037,2,Male,3566
E02006784,Lewisham 038,1,Female,4151
E02006784,Lewisham 038,2,Male,3817
E02006785,Bexley 029,1,Female,3426
E02006785,Bexley 029,2,Male,3197
E02006786,Greenwich 033,1,Female,3973
E02006786,Greenwich 033,2,Male,3585
E02006787,Bromley 041,1,Female,4079
E02006787,Bromley 041,2,Male,3815
E02006788,Croydon 045,1,Female,4104
E02006788,Croydon 045,2,Male,3507
E02006789,Bromley 042,1,Female,3485
E02006789,Bromley 042,2,Male,3295
E02006790,Tandridge 012,1,Female,4071
E02006790,Tandridge 012,2,Male,3646
E02006791,Ealing 040,1,Female,3916
E02006791,Ealing 040,2,Male,3650
E02006792,Hounslow 029,1,Female,4524
E02006792,Hounslow 029,2,Male,4474
E02006793,Enfield 037,1,Female,5173
E02006793,Enfield 037,2,Male,4472
E02006794,Haringey 037,1,Female,4370
E02006794,Haringey 037,2,Male,3916
E02006795,Harrow 032,1,Female,4080
E02006795,Harrow 032,2,Male,4189
E02006796,Hillingdon 033,1,Female,4840
E02006796,Hillingdon 033,2,Male,4854
E02006798,Lewisham 039,1,Female,4509
E02006798,Lewisham 039,2,Male,4379
E02006799,Barking and Dagenham 023,1,Female,6207
E02006799,Barking and Dagenham 023,2,Male,5834
E02006800,Redbridge 034,1,Female,7258
E02006800,Redbridge 034,2,Male,7423
E02006801,Lambeth 036,1,Female,4386
E02006801,Lambeth 036,2,Male,4181
E02006802,Southwark 034,1,Female,4654
E02006802,Southwark 034,2,Male,4622
E02006803,Sheffield 072,1,Female,4704
E02006803,Sheffield 072,2,Male,4567
E02006804,North East Derbyshire 014,1,Female,4333
E02006804,North East Derbyshire 014,2,Male,3976
E02006805,Coventry 043,1,Female,4584
E02006805,Coventry 043,2,Male,4500
E02006806,Nuneaton and Bedworth 018,1,Female,4385
E02006806,Nuneaton and Bedworth 018,2,Male,4174
E02006807,Birmingham 132,1,Female,4172
E02006807,Birmingham 132,2,Male,4038
E02006808,Solihull 030,1,Female,3435
E02006808,Solihull 030,2,Male,3297
E02006809,Birmingham 133,1,Female,5139
E02006809,Birmingham 133,2,Male,5014
E02006810,Sandwell 039,1,Female,5376
E02006810,Sandwell 039,2,Male,5311
E02006811,Middlesbrough 020,1,Female,5822
E02006811,Middlesbrough 020,2,Male,5590
E02006812,Redcar and Cleveland 021,1,Female,3974
E02006812,Redcar and Cleveland 021,2,Male,3628
E02006813,Kingston upon Hull 033,1,Female,4243
E02006813,Kingston upon Hull 033,2,Male,3978
E02006814,East Riding of Yorkshire 043,1,Female,4112
E02006814,East Riding of Yorkshire 043,2,Male,3923
E02006815,Leicester 037,1,Female,6120
E02006815,Leicester 037,2,Male,5673
E02006816,Harborough 011,1,Female,4507
E02006816,Harborough 011,2,Male,4341
E02006817,Leicester 038,1,Female,4578
E02006817,Leicester 038,2,Male,4652
E02006818,Oadby and Wigston 008,1,Female,4287
E02006818,Oadby and Wigston 008,2,Male,4117
E02006819,Leicester 039,1,Female,4559
E02006819,Leicester 039,2,Male,4260
E02006820,Blaby 013,1,Female,5466
E02006820,Blaby 013,2,Male,5354
E02006821,Portsmouth 026,1,Female,3388
E02006821,Portsmouth 026,2,Male,3272
E02006822,Havant 018,1,Female,4717
E02006822,Havant 018,2,Male,4591
E02006823,Buckinghamshire 039,1,Female,4633
E02006823,Buckinghamshire 039,2,Male,4302
E02006824,Buckinghamshire 036,1,Female,4930
E02006824,Buckinghamshire 036,2,Male,4604
E02006825,East Cambridgeshire 011,1,Female,3185
E02006825,East Cambridgeshire 011,2,Male,3015
E02006826,West Suffolk 015,1,Female,4834
E02006826,West Suffolk 015,2,Male,4919
E02006827,Amber Valley 017,1,Female,4037
E02006827,Amber Valley 017,2,Male,3969
E02006828,Erewash 016,1,Female,3638
E02006828,Erewash 016,2,Male,3466
E02006829,East Hampshire 016,1,Female,3814
E02006829,East Hampshire 016,2,Male,3582
E02006830,Havant 019,1,Female,3432
E02006830,Havant 019,2,Male,3238
E02006831,Havant 020,1,Female,3182
E02006831,Havant 020,2,Male,3004
E02006832,Sevenoaks 016,1,Female,3163
E02006832,Sevenoaks 016,2,Male,2906
E02006833,Tonbridge and Malling 014,1,Female,6454
E02006833,Tonbridge and Malling 014,2,Male,5950
E02006834,Nottingham 038,1,Female,3985
E02006834,Nottingham 038,2,Male,3647
E02006835,Gedling 016,1,Female,3125
E02006835,Gedling 016,2,Male,2968
E02006836,Sutton 025,1,Female,4480
E02006836,Sutton 025,2,Male,4241
E02006837,Epsom and Ewell 010,1,Female,5991
E02006837,Epsom and Ewell 010,2,Male,5794
E02006838,East Hampshire 017,1,Female,3555
E02006838,East Hampshire 017,2,Male,3385
E02006839,Waverley 018,1,Female,4402
E02006839,Waverley 018,2,Male,4117
E02006840,Torbay 019,1,Female,5880
E02006840,Torbay 019,2,Male,5406
E02006841,Gateshead 027,1,Female,3518
E02006841,Gateshead 027,2,Male,4171
E02006842,Gateshead 028,1,Female,2553
E02006842,Gateshead 028,2,Male,2573
E02006843,Sheffield 073,1,Female,4981
E02006843,Sheffield 073,2,Male,5622
E02006844,Sheffield 074,1,Female,3722
E02006844,Sheffield 074,2,Male,4127
E02006845,North Somerset 026,1,Female,5004
E02006845,North Somerset 026,2,Male,4632
E02006846,North Somerset 027,1,Female,4922
E02006846,North Somerset 027,2,Male,4787
E02006847,Swindon 026,1,Female,5002
E02006847,Swindon 026,2,Male,4906
E02006848,Swindon 027,1,Female,4258
E02006848,Swindon 027,2,Male,4311
E02006849,Swindon 028,1,Female,5175
E02006849,Swindon 028,2,Male,5159
E02006850,Leicester 040,1,Female,5086
E02006850,Leicester 040,2,Male,5028
E02006851,Leicester 041,1,Female,5146
E02006851,Leicester 041,2,Male,4907
E02006852,Leeds 109,1,Female,5895
E02006852,Leeds 109,2,Male,5953
E02006853,Tower Hamlets 032,1,Female,5678
E02006853,Tower Hamlets 032,2,Male,5337
E02006854,Tower Hamlets 033,1,Female,3337
E02006854,Tower Hamlets 033,2,Male,3737
E02006855,Canterbury 019,1,Female,3249
E02006855,Canterbury 019,2,Male,3168
E02006856,Canterbury 020,1,Female,5692
E02006856,Canterbury 020,2,Male,5450
E02006857,Eastbourne 013,1,Female,4728
E02006857,Eastbourne 013,2,Male,4266
E02006858,Eastbourne 014,1,Female,3524
E02006858,Eastbourne 014,2,Male,3308
E02006859,Thurrock 019,1,Female,3902
E02006859,Thurrock 019,2,Male,3789
E02006861,Leeds 110,1,Female,7183
E02006861,Leeds 110,2,Male,6450
E02006862,North Northamptonshire 009,1,Female,3361
E02006862,North Northamptonshire 009,2,Male,3294
E02006863,North Northamptonshire 008,1,Female,6091
E02006863,North Northamptonshire 008,2,Male,5927
E02006864,Boston 008,1,Female,4556
E02006864,Boston 008,2,Male,4290
E02006865,Boston 009,1,Female,4276
E02006865,Boston 009,2,Male,4074
E02006866,North Kesteven 013,1,Female,4484
E02006866,North Kesteven 013,2,Male,4214
E02006867,North Kesteven 014,1,Female,4169
E02006867,North Kesteven 014,2,Male,3980
E02006868,Sheffield 075,1,Female,5946
E02006868,Sheffield 075,2,Male,6129
E02006869,Sheffield 076,1,Female,5721
E02006869,Sheffield 076,2,Male,5408
E02006871,Lancaster 020,1,Female,6359
E02006871,Lancaster 020,2,Male,5833
E02006872,High Peak 013,1,Female,6522
E02006872,High Peak 013,2,Male,6372
E02006873,South Cambridgeshire 020,1,Female,5060
E02006873,South Cambridgeshire 020,2,Male,4828
E02006874,South Cambridgeshire 021,1,Female,5203
E02006874,South Cambridgeshire 021,2,Male,5030
E02006875,Leeds 111,1,Female,4875
E02006875,Leeds 111,2,Male,4656
E02006876,Leeds 112,1,Female,3849
E02006876,Leeds 112,2,Male,4037
E02006877,Peterborough 022,1,Female,5556
E02006877,Peterborough 022,2,Male,5344
E02006878,Peterborough 023,1,Female,6543
E02006878,Peterborough 023,2,Male,6438
E02006879,Folkestone and Hythe 014,1,Female,3186
E02006879,Folkestone and Hythe 014,2,Male,3357
E02006880,Folkestone and Hythe 015,1,Female,3347
E02006880,Folkestone and Hythe 015,2,Male,3301
E02006881,Burnley 014,1,Female,5452
E02006881,Burnley 014,2,Male,5294
E02006882,Harrow 033,1,Female,7259
E02006882,Harrow 033,2,Male,7135
E02006883,"Bournemouth, Christchurch and Poole 040",1,Female,2884
E02006883,"Bournemouth, Christchurch and Poole 040",2,Male,2837
E02006884,Rossendale 010,1,Female,6277
E02006884,Rossendale 010,2,Male,6098
E02006885,"Bournemouth, Christchurch and Poole 045",1,Female,3674
E02006885,"Bournemouth, Christchurch and Poole 045",2,Male,3784
E02006886,Vale of White Horse 016,1,Female,7063
E02006886,Vale of White Horse 016,2,Male,6789
E02006887,Bristol 054,1,Female,4676
E02006887,Bristol 054,2,Male,5433
E02006888,Bristol 055,1,Female,3554
E02006888,Bristol 055,2,Male,3726
E02006889,Bristol 056,1,Female,4107
E02006889,Bristol 056,2,Male,4122
E02006890,Bristol 057,1,Female,4573
E02006890,Bristol 057,2,Male,4595
E02006891,East Riding of Yorkshire 044,1,Female,4154
E02006891,East Riding of Yorkshire 044,2,Male,3954
E02006892,East Riding of Yorkshire 045,1,Female,3257
E02006892,East Riding of Yorkshire 045,2,Male,2952
E02006893,Newcastle upon Tyne 031,1,Female,5735
E02006893,Newcastle upon Tyne 031,2,Male,5118
E02006894,Wolverhampton 035,1,Female,7285
E02006894,Wolverhampton 035,2,Male,7078
E02006895,Birmingham 134,1,Female,4707
E02006895,Birmingham 134,2,Male,4654
E02006896,Birmingham 135,1,Female,2831
E02006896,Birmingham 135,2,Male,3293
E02006897,Birmingham 136,1,Female,4188
E02006897,Birmingham 136,2,Male,4267
E02006898,Birmingham 137,1,Female,3766
E02006898,Birmingham 137,2,Male,4138
E02006899,Birmingham 138,1,Female,2794
E02006899,Birmingham 138,2,Male,3351
E02006900,Birmingham 139,1,Female,7948
E02006900,Birmingham 139,2,Male,7772
E02006902,Manchester 054,1,Female,3521
E02006902,Manchester 054,2,Male,4361
E02006903,Bassetlaw 016,1,Female,5684
E02006903,Bassetlaw 016,2,Male,5408
E02006904,Nottingham 039,1,Female,4396
E02006904,Nottingham 039,2,Male,4817
E02006905,Nottingham 040,1,Female,3877
E02006905,Nottingham 040,2,Male,4029
E02006906,Broxtowe 016,1,Female,6195
E02006906,Broxtowe 016,2,Male,6054
E02006907,Norwich 014,1,Female,3291
E02006907,Norwich 014,2,Male,3822
E02006908,Norwich 015,1,Female,2665
E02006908,Norwich 015,2,Male,2898
E02006909,Hartlepool 014,1,Female,6468
E02006909,Hartlepool 014,2,Male,6220
E02006910,Redcar and Cleveland 022,1,Female,5485
E02006910,Redcar and Cleveland 022,2,Male,5130
E02006912,Manchester 055,1,Female,4462
E02006912,Manchester 055,2,Male,5667
E02006913,Manchester 056,1,Female,3740
E02006913,Manchester 056,2,Male,4062
E02006914,Manchester 057,1,Female,3987
E02006914,Manchester 057,2,Male,3872
E02006915,Manchester 058,1,Female,4373
E02006915,Manchester 058,2,Male,4991
E02006916,Manchester 059,1,Female,3188
E02006916,Manchester 059,2,Male,3795
E02006917,Manchester 060,1,Female,2720
E02006917,Manchester 060,2,Male,3708
E02006918,Hackney 028,1,Female,4410
E02006918,Hackney 028,2,Male,3988
E02006919,South Derbyshire 012,1,Female,5302
E02006919,South Derbyshire 012,2,Male,5138
E02006920,South Derbyshire 013,1,Female,4065
E02006920,South Derbyshire 013,2,Male,4011
E02006921,Hackney 029,1,Female,4251
E02006921,Hackney 029,2,Male,3675
E02006922,Colchester 022,1,Female,7154
E02006922,Colchester 022,2,Male,6960
E02006924,Redbridge 035,1,Female,6848
E02006924,Redbridge 035,2,Male,6753
E02006925,Redbridge 036,1,Female,7186
E02006925,Redbridge 036,2,Male,7234
E02006926,Thurrock 020,1,Female,4046
E02006926,Thurrock 020,2,Male,3962
E02006927,Greenwich 034,1,Female,6519
E02006927,Greenwich 034,2,Male,5848
E02006928,Greenwich 035,1,Female,6324
E02006928,Greenwich 035,2,Male,5769
E02006930,Greenwich 037,1,Female,4943
E02006930,Greenwich 037,2,Male,4903
E02006931,Greenwich 038,1,Female,4873
E02006931,Greenwich 038,2,Male,4588
E02006932,Liverpool 060,1,Female,7416
E02006932,Liverpool 060,2,Male,6717
E02006933,Liverpool 061,1,Female,3545
E02006933,Liverpool 061,2,Male,3689
E02006934,Liverpool 062,1,Female,2973
E02006934,Liverpool 062,2,Male,3699
E02006935,St. Helens 024,1,Female,3863
E02006935,St. Helens 024,2,Male,3612
E02006936,St. Helens 025,1,Female,3989
E02006936,St. Helens 025,2,Male,3807
E02006937,Luton 022,1,Female,4388
E02006937,Luton 022,2,Male,4983
E02006938,Luton 023,1,Female,2939
E02006938,Luton 023,2,Male,3444
E02006939,Reading 019,1,Female,3314
E02006939,Reading 019,2,Male,3762
E02006940,Reading 020,1,Female,4037
E02006940,Reading 020,2,Male,4203
E02006941,Southwark 035,1,Female,2472
E02006941,Southwark 035,2,Male,2840
E02006942,Southwark 036,1,Female,3431
E02006942,Southwark 036,2,Male,3315
E02006943,Sandwell 040,1,Female,3832
E02006943,Sandwell 040,2,Male,3764
E02006944,Sandwell 041,1,Female,4031
E02006944,Sandwell 041,2,Male,4044
E02006945,Bradford 062,1,Female,4466
E02006945,Bradford 062,2,Male,4228
E02006946,Bradford 063,1,Female,2664
E02006946,Bradford 063,2,Male,2559
E02006947,Bradford 064,1,Female,4832
E02006947,Bradford 064,2,Male,5022
E02006948,Bradford 065,1,Female,2998
E02006948,Bradford 065,2,Male,3449
E02006949,Bristol 058,1,Female,3305
E02006949,Bristol 058,2,Male,3382
E02006950,Bristol 059,1,Female,3705
E02006950,Bristol 059,2,Male,3843
E02006951,Bristol 060,1,Female,4185
E02006951,Bristol 060,2,Male,4351
E02006952,Bristol 061,1,Female,3914
E02006952,Bristol 061,2,Male,4107
E02006953,Barnet 042,1,Female,4665
E02006953,Barnet 042,2,Male,4504
E02006954,Barnet 043,1,Female,5065
E02006954,Barnet 043,2,Male,5048
E02006955,Brent 035,1,Female,3909
E02006955,Brent 035,2,Male,3599
E02006956,Brent 036,1,Female,4329
E02006956,Brent 036,2,Male,4501
E02006957,Salford 031,1,Female,4013
E02006957,Salford 031,2,Male,4266
E02006958,Salford 032,1,Female,3883
E02006958,Salford 032,2,Male,4190
E02006959,Salford 033,1,Female,3668
E02006959,Salford 033,2,Male,4356
E02006960,Salford 034,1,Female,4488
E02006960,Salford 034,2,Male,4839
E02006961,Salford 035,1,Female,3259
E02006961,Salford 035,2,Male,3407
E02006962,Salford 036,1,Female,2355
E02006962,Salford 036,2,Male,2768
E02006963,Salford 037,1,Female,2614
E02006963,Salford 037,2,Male,3392
E02006964,Leicester 042,1,Female,3482
E02006964,Leicester 042,2,Male,3301
E02006965,Leicester 043,1,Female,4323
E02006965,Leicester 043,2,Male,4149
E02006966,Oadby and Wigston 010,1,Female,3726
E02006966,Oadby and Wigston 010,2,Male,3720
E02006967,Oadby and Wigston 011,1,Female,3979
E02006967,Oadby and Wigston 011,2,Male,3786
E02006968,Ealing 041,1,Female,4265
E02006968,Ealing 041,2,Male,4084
E02006969,Ealing 042,1,Female,3257
E02006969,Ealing 042,2,Male,3167
E02006970,Ealing 043,1,Female,3467
E02006970,Ealing 043,2,Male,3876
E02006971,Ealing 044,1,Female,4064
E02006971,Ealing 044,2,Male,4231
E02006972,Hounslow 030,1,Female,2820
E02006972,Hounslow 030,2,Male,2593
E02006973,Hounslow 031,1,Female,4375
E02006973,Hounslow 031,2,Male,4119
E02006974,Stoke-on-Trent 035,1,Female,5515
E02006974,Stoke-on-Trent 035,2,Male,5464
E02006975,Portsmouth 027,1,Female,4919
E02006975,Portsmouth 027,2,Male,5356
E02006976,Portsmouth 028,1,Female,2717
E02006976,Portsmouth 028,2,Male,2595
E02006978,Chelmsford 022,1,Female,3493
E02006978,Chelmsford 022,2,Male,3764
E02006979,Chelmsford 023,1,Female,3247
E02006979,Chelmsford 023,2,Male,3180
E02006980,Rochford 011,1,Female,3885
E02006980,Rochford 011,2,Male,3622
E02006981,Rochford 012,1,Female,4036
E02006981,Rochford 012,2,Male,3883
E02006982,South Staffordshire 015,1,Female,6251
E02006982,South Staffordshire 015,2,Male,5924
E02006983,Manchester 061,1,Female,3459
E02006983,Manchester 061,2,Male,3581
E02006984,Manchester 062,1,Female,2549
E02006984,Manchester 062,2,Male,3104
E02006985,Manchester 063,1,Female,4545
E02006985,Manchester 063,2,Male,4735
E02006986,Manchester 064,1,Female,3259
E02006986,Manchester 064,2,Male,3096
E02006987,Croydon 046,1,Female,3653
E02006987,Croydon 046,2,Male,3720
E02006988,Croydon 047,1,Female,3632
E02006988,Croydon 047,2,Male,3529
E02006989,Plymouth 033,1,Female,2555
E02006989,Plymouth 033,2,Male,2795
E02006990,Plymouth 034,1,Female,3182
E02006990,Plymouth 034,2,Male,3564
E02006991,Greenwich 039,1,Female,3133
E02006991,Greenwich 039,2,Male,3186
E02006992,Greenwich 040,1,Female,4268
E02006992,Greenwich 040,2,Male,3961
E02006993,Greenwich 041,1,Female,4235
E02006993,Greenwich 041,2,Male,4165
E02006994,Greenwich 042,1,Female,3910
E02006994,Greenwich 042,2,Male,3731
E02006995,Newham 038,1,Female,4217
E02006995,Newham 038,2,Male,4421
E02006996,Newham 039,1,Female,4181
E02006996,Newham 039,2,Male,4246
E02006997,Newham 040,1,Female,3315
E02006997,Newham 040,2,Male,3573
E02006998,Newham 041,1,Female,3704
E02006998,Newham 041,2,Male,3382
E02006999,Newham 042,1,Female,5618
E02006999,Newham 042,2,Male,5626
E02007000,Oldham 036,1,Female,3859
E02007000,Oldham 036,2,Male,3834
E02007001,Oldham 037,1,Female,4286
E02007001,Oldham 037,2,Male,4200
E02007002,Rotherham 034,1,Female,5926
E02007002,Rotherham 034,2,Male,5598
E02007003,Pendle 014,1,Female,5561
E02007003,Pendle 014,2,Male,5206
E02007004,Thurrock 021,1,Female,3347
E02007004,Thurrock 021,2,Male,3344
E02007005,Thurrock 022,1,Female,4199
E02007005,Thurrock 022,2,Male,4217
E02007006,Dorset 031,1,Female,3041
E02007006,Dorset 031,2,Male,2715
E02007007,Dorset 032,1,Female,3593
E02007007,Dorset 032,2,Male,3192
E02007008,Lewisham 040,1,Female,3028
E02007008,Lewisham 040,2,Male,2739
E02007009,Lewisham 041,1,Female,4666
E02007009,Lewisham 041,2,Male,4476
E02007010,Bedford 021,1,Female,4381
E02007010,Bedford 021,2,Male,4152
E02007011,Bedford 022,1,Female,3929
E02007011,Bedford 022,2,Male,3670
E02007012,Milton Keynes 033,1,Female,4126
E02007012,Milton Keynes 033,2,Male,4152
E02007013,Milton Keynes 034,1,Female,5046
E02007013,Milton Keynes 034,2,Male,5065
E02007014,Milton Keynes 035,1,Female,3676
E02007014,Milton Keynes 035,2,Male,3447
E02007015,Milton Keynes 036,1,Female,4963
E02007015,Milton Keynes 036,2,Male,4695
E02007016,Milton Keynes 037,1,Female,4479
E02007016,Milton Keynes 037,2,Male,4733
E02007017,Redbridge 037,1,Female,4508
E02007017,Redbridge 037,2,Male,4307
E02007018,Redbridge 038,1,Female,3674
E02007018,Redbridge 038,2,Male,3597
E02007019,Redbridge 039,1,Female,3539
E02007019,Redbridge 039,2,Male,3623
E02007020,Redbridge 040,1,Female,4807
E02007020,Redbridge 040,2,Male,5033
E02007021,Oxford 020,1,Female,4233
E02007021,Oxford 020,2,Male,4210
E02007022,County Durham 067,1,Female,6163
E02007022,County Durham 067,2,Male,5982
E02007023,Wiltshire 063,1,Female,4006
E02007023,Wiltshire 063,2,Male,3835
E02007024,Wiltshire 064,1,Female,3562
E02007024,Wiltshire 064,2,Male,3393
E02007025,Wiltshire 065,1,Female,4155
E02007025,Wiltshire 065,2,Male,4462
E02007026,Wiltshire 066,1,Female,3982
E02007026,Wiltshire 066,2,Male,4885
E02007027,East Devon 021,1,Female,5552
E02007027,East Devon 021,2,Male,5319
E02007028,East Devon 022,1,Female,3072
E02007028,East Devon 022,2,Male,3038
E02007029,Derbyshire Dales 011,1,Female,5802
E02007029,Derbyshire Dales 011,2,Male,5252
E02007030,Cheshire East 052,1,Female,3814
E02007030,Cheshire East 052,2,Male,3592
E02007031,Cheshire East 053,1,Female,4346
E02007031,Cheshire East 053,2,Male,4287
E02007032,North Norfolk 015,1,Female,3616
E02007032,North Norfolk 015,2,Male,3200
E02007033,North Norfolk 016,1,Female,3177
E02007033,North Norfolk 016,2,Male,3014
E02007034,Tewkesbury 010,1,Female,4267
E02007034,Tewkesbury 010,2,Male,3947
E02007035,Tewkesbury 011,1,Female,4115
E02007035,Tewkesbury 011,2,Male,3705
E02007038,Birmingham 141,1,Female,7003
E02007038,Birmingham 141,2,Male,6689
E02007039,Birmingham 142,1,Female,4174
E02007039,Birmingham 142,2,Male,4131
E02007040,Birmingham 143,1,Female,3827
E02007040,Birmingham 143,2,Male,3772
E02007041,Craven 009,1,Female,5236
E02007041,Craven 009,2,Male,4923
E02007042,Hambleton 012,1,Female,3699
E02007042,Hambleton 012,2,Male,3341
E02007043,Hambleton 013,1,Female,3270
E02007043,Hambleton 013,2,Male,3032
E02007044,Ryedale 009,1,Female,4029
E02007044,Ryedale 009,2,Male,3769
E02007045,Ryedale 010,1,Female,3439
E02007045,Ryedale 010,2,Male,3268
E02007046,Ashford 015,1,Female,3617
E02007046,Ashford 015,2,Male,3411
E02007047,Ashford 016,1,Female,4563
E02007047,Ashford 016,2,Male,4281
E02007048,Rugby 013,1,Female,3683
E02007048,Rugby 013,2,Male,3842
E02007049,Rugby 014,1,Female,4004
E02007049,Rugby 014,2,Male,4029
E02007050,Telford and Wrekin 024,1,Female,4244
E02007050,Telford and Wrekin 024,2,Male,4115
E02007051,Telford and Wrekin 025,1,Female,4344
E02007051,Telford and Wrekin 025,2,Male,4214
E02007052,Norwich 016,1,Female,3228
E02007052,Norwich 016,2,Male,3236
E02007053,Norwich 017,1,Female,3040
E02007053,Norwich 017,2,Male,3041
E02007054,South Norfolk 016,1,Female,4446
E02007054,South Norfolk 016,2,Male,4299
E02007055,South Norfolk 017,1,Female,3841
E02007055,South Norfolk 017,2,Male,3694
E02007056,Colchester 023,1,Female,4296
E02007056,Colchester 023,2,Male,4371
E02007057,Colchester 024,1,Female,3851
E02007057,Colchester 024,2,Male,3675
E02007058,Darlington 016,1,Female,5624
E02007058,Darlington 016,2,Male,5860
E02007059,Hartlepool 015,1,Female,5300
E02007059,Hartlepool 015,2,Male,5232
E02007060,Stockton-on-Tees 025,1,Female,2806
E02007060,Stockton-on-Tees 025,2,Male,3296
E02007061,Stockton-on-Tees 026,1,Female,4056
E02007061,Stockton-on-Tees 026,2,Male,4313
E02007062,Stockton-on-Tees 027,1,Female,3984
E02007062,Stockton-on-Tees 027,2,Male,3686
E02007063,Stockton-on-Tees 028,1,Female,4597
E02007063,Stockton-on-Tees 028,2,Male,4538
E02007064,South Gloucestershire 033,1,Female,3970
E02007064,South Gloucestershire 033,2,Male,3950
E02007065,South Gloucestershire 034,1,Female,4011
E02007065,South Gloucestershire 034,2,Male,3847
E02007066,South Gloucestershire 035,1,Female,4385
E02007066,South Gloucestershire 035,2,Male,4778
E02007067,South Gloucestershire 036,1,Female,3474
E02007067,South Gloucestershire 036,2,Male,3461
E02007068,Slough 015,1,Female,3527
E02007068,Slough 015,2,Male,3491
E02007069,Slough 016,1,Female,3939
E02007069,Slough 016,2,Male,4142
E02007070,North Northamptonshire 020,1,Female,3265
E02007070,North Northamptonshire 020,2,Male,3142
E02007071,North Northamptonshire 023,1,Female,5358
E02007071,North Northamptonshire 023,2,Male,5085
E02007072,West Northamptonshire 035,1,Female,3969
E02007072,West Northamptonshire 035,2,Male,3688
E02007073,West Northamptonshire 039,1,Female,3890
E02007073,West Northamptonshire 039,2,Male,3805
E02007074,Southampton 033,1,Female,4100
E02007074,Southampton 033,2,Male,4642
E02007075,Southampton 034,1,Female,2392
E02007075,Southampton 034,2,Male,2909
E02007076,Test Valley 016,1,Female,3838
E02007076,Test Valley 016,2,Male,3830
E02007077,Test Valley 017,1,Female,3822
E02007077,Test Valley 017,2,Male,3654
E02007078,Test Valley 018,1,Female,2572
E02007078,Test Valley 018,2,Male,2503
E02007079,Kingston upon Hull 034,1,Female,4342
E02007079,Kingston upon Hull 034,2,Male,4028
E02007080,Kingston upon Hull 035,1,Female,4253
E02007080,Kingston upon Hull 035,2,Male,4301
E02007081,North East Lincolnshire 024,1,Female,5170
E02007081,North East Lincolnshire 024,2,Male,4973
E02007082,Nottingham 041,1,Female,8605
E02007082,Nottingham 041,2,Male,8315
E02007083,Wandsworth 038,1,Female,3903
E02007083,Wandsworth 038,2,Male,3808
E02007084,Wandsworth 039,1,Female,5247
E02007084,Wandsworth 039,2,Male,4643
E02007085,South Cambridgeshire 022,1,Female,6039
E02007085,South Cambridgeshire 022,2,Male,5846
E02007086,Cambridge 015,1,Female,5761
E02007086,Cambridge 015,2,Male,5372
E02007087,Cambridge 014,1,Female,3255
E02007087,Cambridge 014,2,Male,2973
E02007088,North Hertfordshire 016,1,Female,3960
E02007088,North Hertfordshire 016,2,Male,3724
E02007089,North Hertfordshire 017,1,Female,3744
E02007089,North Hertfordshire 017,2,Male,3660
E02007090,St Albans 021,1,Female,3143
E02007090,St Albans 021,2,Male,3123
E02007091,Stevenage 013,1,Female,3222
E02007091,Stevenage 013,2,Male,3213
E02007092,Welwyn Hatfield 017,1,Female,2861
E02007092,Welwyn Hatfield 017,2,Male,2626
E02007093,East Hertfordshire 019,1,Female,4089
E02007093,East Hertfordshire 019,2,Male,4026
E02007094,Gateshead 029,1,Female,3535
E02007094,Gateshead 029,2,Male,3356
E02007095,Newcastle upon Tyne 032,1,Female,5085
E02007095,Newcastle upon Tyne 032,2,Male,4849
E02007096,Newcastle upon Tyne 033,1,Female,3011
E02007096,Newcastle upon Tyne 033,2,Male,2918
E02007097,Newcastle upon Tyne 034,1,Female,4387
E02007097,Newcastle upon Tyne 034,2,Male,4279
E02007098,Newcastle upon Tyne 035,1,Female,3295
E02007098,Newcastle upon Tyne 035,2,Male,3212
E02007099,Newcastle upon Tyne 036,1,Female,4884
E02007099,Newcastle upon Tyne 036,2,Male,5367
E02007100,Newcastle upon Tyne 037,1,Female,4209
E02007100,Newcastle upon Tyne 037,2,Male,4209
E02007101,Newcastle upon Tyne 038,1,Female,4627
E02007101,Newcastle upon Tyne 038,2,Male,4980
E02007102,Newcastle upon Tyne 039,1,Female,3586
E02007102,Newcastle upon Tyne 039,2,Male,3945
E02007103,Newcastle upon Tyne 040,1,Female,3083
E02007103,Newcastle upon Tyne 040,2,Male,3375
E02007104,Newcastle upon Tyne 041,1,Female,2640
E02007104,Newcastle upon Tyne 041,2,Male,2896
E02007105,Northumberland 041,1,Female,6473
E02007105,Northumberland 041,2,Male,5956
E02007106,Northumberland 042,1,Female,7382
E02007106,Northumberland 042,2,Male,7167
E02007107,Northumberland 043,1,Female,4563
E02007107,Northumberland 043,2,Male,4197
E02007108,Hackney 030,1,Female,2916
E02007108,Hackney 030,2,Male,3025
E02007109,Hackney 031,1,Female,3993
E02007109,Hackney 031,2,Male,3621
E02007110,Hackney 032,1,Female,3793
E02007110,Hackney 032,2,Male,3539
E02007111,Hackney 033,1,Female,2942
E02007111,Hackney 033,2,Male,3007
E02007112,Tower Hamlets 034,1,Female,2775
E02007112,Tower Hamlets 034,2,Male,3118
E02007113,Tower Hamlets 035,1,Female,3605
E02007113,Tower Hamlets 035,2,Male,3856
E02007114,Tower Hamlets 036,1,Female,3753
E02007114,Tower Hamlets 036,2,Male,3812
E02007115,Camden 029,1,Female,6058
E02007115,Camden 029,2,Male,5530
E02007116,Oxford 019,1,Female,3951
E02007116,Oxford 019,2,Male,4227
W02000001,Isle of Anglesey 001,1,Female,4236
W02000001,Isle of Anglesey 001,2,Male,4169
W02000002,Isle of Anglesey 002,1,Female,3257
W02000002,Isle of Anglesey 002,2,Male,3107
W02000003,Isle of Anglesey 003,1,Female,5485
W02000003,Isle of Anglesey 003,2,Male,5146
W02000004,Isle of Anglesey 004,1,Female,3787
W02000004,Isle of Anglesey 004,2,Male,3612
W02000005,Isle of Anglesey 005,1,Female,4240
W02000005,Isle of Anglesey 005,2,Male,3921
W02000006,Isle of Anglesey 006,1,Female,3587
W02000006,Isle of Anglesey 006,2,Male,3453
W02000007,Isle of Anglesey 007,1,Female,3506
W02000007,Isle of Anglesey 007,2,Male,3388
W02000008,Isle of Anglesey 008,1,Female,3091
W02000008,Isle of Anglesey 008,2,Male,2861
W02000009,Isle of Anglesey 009,1,Female,4030
W02000009,Isle of Anglesey 009,2,Male,4002
W02000010,Gwynedd 001,1,Female,4448
W02000010,Gwynedd 001,2,Male,4167
W02000011,Gwynedd 002,1,Female,4256
W02000011,Gwynedd 002,2,Male,4121
W02000012,Gwynedd 003,1,Female,4204
W02000012,Gwynedd 003,2,Male,4005
W02000013,Gwynedd 004,1,Female,3266
W02000013,Gwynedd 004,2,Male,3159
W02000014,Gwynedd 005,1,Female,3410
W02000014,Gwynedd 005,2,Male,3332
W02000015,Gwynedd 006,1,Female,4432
W02000015,Gwynedd 006,2,Male,4083
W02000016,Gwynedd 007,1,Female,3291
W02000016,Gwynedd 007,2,Male,3065
W02000017,Gwynedd 008,1,Female,3855
W02000017,Gwynedd 008,2,Male,3721
W02000018,Gwynedd 009,1,Female,3038
W02000018,Gwynedd 009,2,Male,3043
W02000019,Gwynedd 010,1,Female,3369
W02000019,Gwynedd 010,2,Male,3291
W02000020,Gwynedd 011,1,Female,3389
W02000020,Gwynedd 011,2,Male,3094
W02000021,Gwynedd 012,1,Female,3909
W02000021,Gwynedd 012,2,Male,3844
W02000022,Gwynedd 013,1,Female,2833
W02000022,Gwynedd 013,2,Male,2718
W02000023,Gwynedd 014,1,Female,2664
W02000023,Gwynedd 014,2,Male,2620
W02000024,Gwynedd 015,1,Female,2829
W02000024,Gwynedd 015,2,Male,2850
W02000025,Gwynedd 016,1,Female,3102
W02000025,Gwynedd 016,2,Male,3026
W02000026,Gwynedd 017,1,Female,3570
W02000026,Gwynedd 017,2,Male,3386
W02000027,Conwy 001,1,Female,4295
W02000027,Conwy 001,2,Male,4129
W02000028,Conwy 002,1,Female,3555
W02000028,Conwy 002,2,Male,3154
W02000029,Conwy 003,1,Female,3107
W02000029,Conwy 003,2,Male,2893
W02000030,Conwy 004,1,Female,3101
W02000030,Conwy 004,2,Male,2781
W02000031,Conwy 005,1,Female,4200
W02000031,Conwy 005,2,Male,3972
W02000032,Conwy 006,1,Female,4424
W02000032,Conwy 006,2,Male,3963
W02000033,Conwy 007,1,Female,3502
W02000033,Conwy 007,2,Male,3455
W02000034,Conwy 008,1,Female,3928
W02000034,Conwy 008,2,Male,3739
W02000035,Conwy 009,1,Female,4610
W02000035,Conwy 009,2,Male,4286
W02000036,Conwy 010,1,Female,5911
W02000036,Conwy 010,2,Male,5375
W02000037,Conwy 011,1,Female,3676
W02000037,Conwy 011,2,Male,3520
W02000038,Conwy 012,1,Female,3209
W02000038,Conwy 012,2,Male,3002
W02000039,Conwy 013,1,Female,4022
W02000039,Conwy 013,2,Male,3819
W02000040,Conwy 014,1,Female,3285
W02000040,Conwy 014,2,Male,3312
W02000041,Conwy 015,1,Female,4332
W02000041,Conwy 015,2,Male,4190
W02000042,Denbighshire 001,1,Female,3047
W02000042,Denbighshire 001,2,Male,2814
W02000043,Denbighshire 002,1,Female,2775
W02000043,Denbighshire 002,2,Male,2471
W02000044,Denbighshire 003,1,Female,2810
W02000044,Denbighshire 003,2,Male,2489
W02000045,Denbighshire 004,1,Female,4806
W02000045,Denbighshire 004,2,Male,4760
W02000047,Denbighshire 006,1,Female,2910
W02000047,Denbighshire 006,2,Male,2656
W02000049,Denbighshire 008,1,Female,3404
W02000049,Denbighshire 008,2,Male,3254
W02000050,Denbighshire 009,1,Female,3323
W02000050,Denbighshire 009,2,Male,3058
W02000051,Denbighshire 010,1,Female,2774
W02000051,Denbighshire 010,2,Male,2527
W02000052,Denbighshire 011,1,Female,2536
W02000052,Denbighshire 011,2,Male,2468
W02000053,Denbighshire 012,1,Female,3225
W02000053,Denbighshire 012,2,Male,3094
W02000054,Denbighshire 013,1,Female,3050
W02000054,Denbighshire 013,2,Male,3083
W02000055,Denbighshire 014,1,Female,2895
W02000055,Denbighshire 014,2,Male,2804
W02000056,Denbighshire 015,1,Female,2607
W02000056,Denbighshire 015,2,Male,2579
W02000057,Denbighshire 016,1,Female,3139
W02000057,Denbighshire 016,2,Male,3098
W02000058,Flintshire 001,1,Female,2651
W02000058,Flintshire 001,2,Male,2480
W02000059,Flintshire 002,1,Female,3280
W02000059,Flintshire 002,2,Male,3297
W02000060,Flintshire 003,1,Female,5497
W02000060,Flintshire 003,2,Male,5255
W02000061,Flintshire 004,1,Female,3928
W02000061,Flintshire 004,2,Male,3702
W02000062,Flintshire 005,1,Female,3151
W02000062,Flintshire 005,2,Male,2955
W02000063,Flintshire 006,1,Female,4107
W02000063,Flintshire 006,2,Male,3998
W02000064,Flintshire 007,1,Female,3105
W02000064,Flintshire 007,2,Male,3015
W02000065,Flintshire 008,1,Female,3677
W02000065,Flintshire 008,2,Male,3598
W02000066,Flintshire 009,1,Female,4956
W02000066,Flintshire 009,2,Male,4887
W02000067,Flintshire 010,1,Female,3516
W02000067,Flintshire 010,2,Male,3313
W02000068,Flintshire 011,1,Female,2577
W02000068,Flintshire 011,2,Male,2617
W02000069,Flintshire 012,1,Female,3230
W02000069,Flintshire 012,2,Male,3031
W02000070,Flintshire 013,1,Female,5425
W02000070,Flintshire 013,2,Male,5202
W02000071,Flintshire 014,1,Female,3577
W02000071,Flintshire 014,2,Male,3462
W02000072,Flintshire 015,1,Female,5927
W02000072,Flintshire 015,2,Male,5742
W02000073,Flintshire 016,1,Female,5273
W02000073,Flintshire 016,2,Male,4875
W02000074,Flintshire 017,1,Female,5062
W02000074,Flintshire 017,2,Male,4791
W02000075,Flintshire 018,1,Female,3294
W02000075,Flintshire 018,2,Male,3145
W02000076,Flintshire 019,1,Female,3709
W02000076,Flintshire 019,2,Male,3613
W02000077,Flintshire 020,1,Female,3117
W02000077,Flintshire 020,2,Male,2925
W02000080,Wrexham 003,1,Female,3998
W02000080,Wrexham 003,2,Male,3877
W02000081,Wrexham 004,1,Female,3066
W02000081,Wrexham 004,2,Male,2891
W02000082,Wrexham 005,1,Female,3964
W02000082,Wrexham 005,2,Male,3710
W02000083,Wrexham 006,1,Female,4426
W02000083,Wrexham 006,2,Male,4263
W02000085,Wrexham 008,1,Female,4512
W02000085,Wrexham 008,2,Male,4412
W02000087,Wrexham 010,1,Female,3608
W02000087,Wrexham 010,2,Male,3253
W02000088,Wrexham 011,1,Female,4308
W02000088,Wrexham 011,2,Male,4370
W02000089,Wrexham 012,1,Female,4330
W02000089,Wrexham 012,2,Male,4282
W02000090,Wrexham 013,1,Female,2910
W02000090,Wrexham 013,2,Male,2792
W02000091,Wrexham 014,1,Female,3172
W02000091,Wrexham 014,2,Male,3026
W02000092,Wrexham 015,1,Female,3503
W02000092,Wrexham 015,2,Male,3223
W02000093,Wrexham 016,1,Female,3318
W02000093,Wrexham 016,2,Male,3235
W02000094,Wrexham 017,1,Female,4508
W02000094,Wrexham 017,2,Male,4391
W02000095,Wrexham 018,1,Female,3262
W02000095,Wrexham 018,2,Male,3125
W02000096,Wrexham 019,1,Female,3361
W02000096,Wrexham 019,2,Male,3099
W02000097,Powys 001,1,Female,4633
W02000097,Powys 001,2,Male,4676
W02000098,Powys 002,1,Female,3184
W02000098,Powys 002,2,Male,3077
W02000099,Powys 003,1,Female,3396
W02000099,Powys 003,2,Male,3243
W02000100,Powys 004,1,Female,3150
W02000100,Powys 004,2,Male,3060
W02000101,Powys 005,1,Female,2790
W02000101,Powys 005,2,Male,2744
W02000102,Powys 006,1,Female,3070
W02000102,Powys 006,2,Male,3082
W02000103,Powys 007,1,Female,2954
W02000103,Powys 007,2,Male,2836
W02000104,Powys 008,1,Female,3084
W02000104,Powys 008,2,Male,3113
W02000105,Powys 009,1,Female,2676
W02000105,Powys 009,2,Male,2490
W02000106,Powys 010,1,Female,3286
W02000106,Powys 010,2,Male,3205
W02000107,Powys 011,1,Female,4926
W02000107,Powys 011,2,Male,4852
W02000108,Powys 012,1,Female,3637
W02000108,Powys 012,2,Male,3574
W02000109,Powys 013,1,Female,2802
W02000109,Powys 013,2,Male,2796
W02000110,Powys 014,1,Female,3457
W02000110,Powys 014,2,Male,3383
W02000111,Powys 015,1,Female,4389
W02000111,Powys 015,2,Male,4075
W02000113,Powys 017,1,Female,4163
W02000113,Powys 017,2,Male,4093
W02000114,Powys 018,1,Female,3563
W02000114,Powys 018,2,Male,3377
W02000116,Ceredigion 001,1,Female,3820
W02000116,Ceredigion 001,2,Male,3542
W02000117,Ceredigion 002,1,Female,4431
W02000117,Ceredigion 002,2,Male,4540
W02000118,Ceredigion 003,1,Female,3335
W02000118,Ceredigion 003,2,Male,3124
W02000120,Ceredigion 005,1,Female,3588
W02000120,Ceredigion 005,2,Male,3487
W02000122,Ceredigion 007,1,Female,3229
W02000122,Ceredigion 007,2,Male,3101
W02000123,Ceredigion 008,1,Female,3958
W02000123,Ceredigion 008,2,Male,3716
W02000124,Ceredigion 009,1,Female,4492
W02000124,Ceredigion 009,2,Male,4181
W02000125,Ceredigion 010,1,Female,3839
W02000125,Ceredigion 010,2,Male,3607
W02000126,Pembrokeshire 001,1,Female,4147
W02000126,Pembrokeshire 001,2,Male,4075
W02000127,Pembrokeshire 002,1,Female,4957
W02000127,Pembrokeshire 002,2,Male,4671
W02000128,Pembrokeshire 003,1,Female,3592
W02000128,Pembrokeshire 003,2,Male,3645
W02000129,Pembrokeshire 004,1,Female,3708
W02000129,Pembrokeshire 004,2,Male,3517
W02000130,Pembrokeshire 005,1,Female,3430
W02000130,Pembrokeshire 005,2,Male,3277
W02000131,Pembrokeshire 006,1,Female,3836
W02000131,Pembrokeshire 006,2,Male,3369
W02000132,Pembrokeshire 007,1,Female,3587
W02000132,Pembrokeshire 007,2,Male,3392
W02000133,Pembrokeshire 008,1,Female,4263
W02000133,Pembrokeshire 008,2,Male,4014
W02000134,Pembrokeshire 009,1,Female,4297
W02000134,Pembrokeshire 009,2,Male,4035
W02000135,Pembrokeshire 010,1,Female,3779
W02000135,Pembrokeshire 010,2,Male,3571
W02000136,Pembrokeshire 011,1,Female,4244
W02000136,Pembrokeshire 011,2,Male,4059
W02000137,Pembrokeshire 012,1,Female,3803
W02000137,Pembrokeshire 012,2,Male,3645
W02000138,Pembrokeshire 013,1,Female,4904
W02000138,Pembrokeshire 013,2,Male,4753
W02000139,Pembrokeshire 014,1,Female,3969
W02000139,Pembrokeshire 014,2,Male,3755
W02000140,Pembrokeshire 015,1,Female,3737
W02000140,Pembrokeshire 015,2,Male,3543
W02000141,Pembrokeshire 016,1,Female,3036
W02000141,Pembrokeshire 016,2,Male,2750
W02000142,Carmarthenshire 001,1,Female,2814
W02000142,Carmarthenshire 001,2,Male,2754
W02000143,Carmarthenshire 002,1,Female,2777
W02000143,Carmarthenshire 002,2,Male,2802
W02000144,Carmarthenshire 003,1,Female,3877
W02000144,Carmarthenshire 003,2,Male,3729
W02000145,Carmarthenshire 004,1,Female,3631
W02000145,Carmarthenshire 004,2,Male,3456
W02000146,Carmarthenshire 005,1,Female,3278
W02000146,Carmarthenshire 005,2,Male,3247
W02000147,Carmarthenshire 006,1,Female,4341
W02000147,Carmarthenshire 006,2,Male,4128
W02000148,Carmarthenshire 007,1,Female,2763
W02000148,Carmarthenshire 007,2,Male,2525
W02000149,Carmarthenshire 008,1,Female,3308
W02000149,Carmarthenshire 008,2,Male,3143
W02000151,Carmarthenshire 010,1,Female,3761
W02000151,Carmarthenshire 010,2,Male,3648
W02000152,Carmarthenshire 011,1,Female,4495
W02000152,Carmarthenshire 011,2,Male,4158
W02000153,Carmarthenshire 012,1,Female,4407
W02000153,Carmarthenshire 012,2,Male,4263
W02000154,Carmarthenshire 013,1,Female,4022
W02000154,Carmarthenshire 013,2,Male,3815
W02000156,Carmarthenshire 015,1,Female,4285
W02000156,Carmarthenshire 015,2,Male,4135
W02000157,Carmarthenshire 016,1,Female,5146
W02000157,Carmarthenshire 016,2,Male,4963
W02000158,Carmarthenshire 017,1,Female,3020
W02000158,Carmarthenshire 017,2,Male,2868
W02000159,Carmarthenshire 018,1,Female,3202
W02000159,Carmarthenshire 018,2,Male,2990
W02000160,Carmarthenshire 019,1,Female,3969
W02000160,Carmarthenshire 019,2,Male,3684
W02000161,Carmarthenshire 020,1,Female,2695
W02000161,Carmarthenshire 020,2,Male,2500
W02000162,Carmarthenshire 021,1,Female,4276
W02000162,Carmarthenshire 021,2,Male,3936
W02000163,Carmarthenshire 022,1,Female,2788
W02000163,Carmarthenshire 022,2,Male,2548
W02000164,Carmarthenshire 023,1,Female,3844
W02000164,Carmarthenshire 023,2,Male,3591
W02000165,Carmarthenshire 024,1,Female,3404
W02000165,Carmarthenshire 024,2,Male,3183
W02000166,Carmarthenshire 025,1,Female,4702
W02000166,Carmarthenshire 025,2,Male,4462
W02000167,Carmarthenshire 026,1,Female,5161
W02000167,Carmarthenshire 026,2,Male,5148
W02000168,Swansea 001,1,Female,3350
W02000168,Swansea 001,2,Male,3164
W02000169,Swansea 002,1,Female,4707
W02000169,Swansea 002,2,Male,4426
W02000170,Swansea 003,1,Female,4479
W02000170,Swansea 003,2,Male,4199
W02000171,Swansea 004,1,Female,4317
W02000171,Swansea 004,2,Male,4130
W02000172,Swansea 005,1,Female,5233
W02000172,Swansea 005,2,Male,5018
W02000173,Swansea 006,1,Female,4041
W02000173,Swansea 006,2,Male,3858
W02000174,Swansea 007,1,Female,4969
W02000174,Swansea 007,2,Male,4669
W02000175,Swansea 008,1,Female,3787
W02000175,Swansea 008,2,Male,3563
W02000176,Swansea 009,1,Female,4635
W02000176,Swansea 009,2,Male,4312
W02000177,Swansea 010,1,Female,3577
W02000177,Swansea 010,2,Male,3420
W02000178,Swansea 011,1,Female,4726
W02000178,Swansea 011,2,Male,4188
W02000179,Swansea 012,1,Female,3324
W02000179,Swansea 012,2,Male,3155
W02000180,Swansea 013,1,Female,4137
W02000180,Swansea 013,2,Male,3873
W02000181,Swansea 014,1,Female,3883
W02000181,Swansea 014,2,Male,3524
W02000182,Swansea 015,1,Female,3835
W02000182,Swansea 015,2,Male,3691
W02000183,Swansea 016,1,Female,4944
W02000183,Swansea 016,2,Male,5272
W02000184,Swansea 017,1,Female,3467
W02000184,Swansea 017,2,Male,3306
W02000185,Swansea 018,1,Female,2584
W02000185,Swansea 018,2,Male,2444
W02000186,Swansea 019,1,Female,4629
W02000186,Swansea 019,2,Male,4208
W02000188,Swansea 021,1,Female,3971
W02000188,Swansea 021,2,Male,4105
W02000189,Swansea 022,1,Female,4270
W02000189,Swansea 022,2,Male,3973
W02000191,Swansea 024,1,Female,4209
W02000191,Swansea 024,2,Male,4571
W02000192,Swansea 025,1,Female,3875
W02000192,Swansea 025,2,Male,5249
W02000193,Swansea 026,1,Female,4046
W02000193,Swansea 026,2,Male,4771
W02000194,Swansea 027,1,Female,3442
W02000194,Swansea 027,2,Male,3095
W02000195,Swansea 028,1,Female,3028
W02000195,Swansea 028,2,Male,2760
W02000196,Swansea 029,1,Female,3303
W02000196,Swansea 029,2,Male,2975
W02000197,Swansea 030,1,Female,3098
W02000197,Swansea 030,2,Male,2946
W02000198,Swansea 031,1,Female,3782
W02000198,Swansea 031,2,Male,3474
W02000200,Neath Port Talbot 002,1,Female,2609
W02000200,Neath Port Talbot 002,2,Male,2518
W02000201,Neath Port Talbot 003,1,Female,2705
W02000201,Neath Port Talbot 003,2,Male,2579
W02000202,Neath Port Talbot 004,1,Female,6340
W02000202,Neath Port Talbot 004,2,Male,6114
W02000204,Neath Port Talbot 006,1,Female,3422
W02000204,Neath Port Talbot 006,2,Male,3180
W02000205,Neath Port Talbot 007,1,Female,2982
W02000205,Neath Port Talbot 007,2,Male,2748
W02000206,Neath Port Talbot 008,1,Female,3325
W02000206,Neath Port Talbot 008,2,Male,3279
W02000207,Neath Port Talbot 009,1,Female,2724
W02000207,Neath Port Talbot 009,2,Male,2525
W02000208,Neath Port Talbot 010,1,Female,6035
W02000208,Neath Port Talbot 010,2,Male,6679
W02000210,Neath Port Talbot 012,1,Female,3155
W02000210,Neath Port Talbot 012,2,Male,3027
W02000211,Neath Port Talbot 013,1,Female,3949
W02000211,Neath Port Talbot 013,2,Male,3871
W02000212,Neath Port Talbot 014,1,Female,3953
W02000212,Neath Port Talbot 014,2,Male,3784
W02000213,Neath Port Talbot 015,1,Female,3482
W02000213,Neath Port Talbot 015,2,Male,3269
W02000214,Neath Port Talbot 016,1,Female,5079
W02000214,Neath Port Talbot 016,2,Male,4578
W02000215,Neath Port Talbot 017,1,Female,4879
W02000215,Neath Port Talbot 017,2,Male,4584
W02000216,Neath Port Talbot 018,1,Female,3606
W02000216,Neath Port Talbot 018,2,Male,3586
W02000217,Neath Port Talbot 019,1,Female,3270
W02000217,Neath Port Talbot 019,2,Male,3127
W02000218,Bridgend 001,1,Female,3390
W02000218,Bridgend 001,2,Male,3275
W02000219,Bridgend 002,1,Female,3672
W02000219,Bridgend 002,2,Male,3502
W02000220,Bridgend 003,1,Female,4090
W02000220,Bridgend 003,2,Male,3892
W02000221,Bridgend 004,1,Female,3898
W02000221,Bridgend 004,2,Male,3790
W02000222,Bridgend 005,1,Female,3134
W02000222,Bridgend 005,2,Male,3040
W02000223,Bridgend 006,1,Female,3096
W02000223,Bridgend 006,2,Male,2909
W02000224,Bridgend 007,1,Female,3333
W02000224,Bridgend 007,2,Male,3166
W02000225,Bridgend 008,1,Female,4578
W02000225,Bridgend 008,2,Male,4302
W02000226,Bridgend 009,1,Female,5098
W02000226,Bridgend 009,2,Male,4913
W02000227,Bridgend 010,1,Female,3835
W02000227,Bridgend 010,2,Male,3565
W02000228,Bridgend 011,1,Female,5384
W02000228,Bridgend 011,2,Male,6779
W02000229,Bridgend 012,1,Female,3120
W02000229,Bridgend 012,2,Male,3007
W02000230,Bridgend 013,1,Female,2893
W02000230,Bridgend 013,2,Male,2785
W02000231,Bridgend 014,1,Female,4172
W02000231,Bridgend 014,2,Male,4146
W02000232,Bridgend 015,1,Female,2926
W02000232,Bridgend 015,2,Male,2821
W02000233,Bridgend 016,1,Female,3145
W02000233,Bridgend 016,2,Male,3062
W02000234,Bridgend 017,1,Female,5500
W02000234,Bridgend 017,2,Male,5140
W02000235,Bridgend 018,1,Female,4766
W02000235,Bridgend 018,2,Male,4406
W02000236,Bridgend 019,1,Female,3595
W02000236,Bridgend 019,2,Male,3364
W02000237,Vale of Glamorgan 001,1,Female,3103
W02000237,Vale of Glamorgan 001,2,Male,3035
W02000238,Vale of Glamorgan 002,1,Female,3439
W02000238,Vale of Glamorgan 002,2,Male,3117
W02000239,Vale of Glamorgan 003,1,Female,4105
W02000239,Vale of Glamorgan 003,2,Male,3906
W02000240,Vale of Glamorgan 004,1,Female,4667
W02000240,Vale of Glamorgan 004,2,Male,4330
W02000241,Vale of Glamorgan 005,1,Female,5235
W02000241,Vale of Glamorgan 005,2,Male,4939
W02000242,Vale of Glamorgan 006,1,Female,4262
W02000242,Vale of Glamorgan 006,2,Male,3954
W02000243,Vale of Glamorgan 007,1,Female,4982
W02000243,Vale of Glamorgan 007,2,Male,4370
W02000244,Vale of Glamorgan 008,1,Female,5295
W02000244,Vale of Glamorgan 008,2,Male,4867
W02000245,Vale of Glamorgan 009,1,Female,4232
W02000245,Vale of Glamorgan 009,2,Male,4046
W02000246,Vale of Glamorgan 010,1,Female,2701
W02000246,Vale of Glamorgan 010,2,Male,2599
W02000247,Vale of Glamorgan 011,1,Female,4596
W02000247,Vale of Glamorgan 011,2,Male,4083
W02000248,Vale of Glamorgan 012,1,Female,5488
W02000248,Vale of Glamorgan 012,2,Male,5145
W02000249,Vale of Glamorgan 013,1,Female,4648
W02000249,Vale of Glamorgan 013,2,Male,4118
W02000250,Vale of Glamorgan 014,1,Female,5838
W02000250,Vale of Glamorgan 014,2,Male,5801
W02000251,Vale of Glamorgan 015,1,Female,5755
W02000251,Vale of Glamorgan 015,2,Male,5284
W02000252,Rhondda Cynon Taf 001,1,Female,4704
W02000252,Rhondda Cynon Taf 001,2,Male,4474
W02000253,Rhondda Cynon Taf 002,1,Female,3443
W02000253,Rhondda Cynon Taf 002,2,Male,3322
W02000254,Rhondda Cynon Taf 003,1,Female,4071
W02000254,Rhondda Cynon Taf 003,2,Male,3878
W02000255,Rhondda Cynon Taf 004,1,Female,3506
W02000255,Rhondda Cynon Taf 004,2,Male,3403
W02000256,Rhondda Cynon Taf 005,1,Female,5169
W02000256,Rhondda Cynon Taf 005,2,Male,4843
W02000257,Rhondda Cynon Taf 006,1,Female,3719
W02000257,Rhondda Cynon Taf 006,2,Male,3530
W02000258,Rhondda Cynon Taf 007,1,Female,2866
W02000258,Rhondda Cynon Taf 007,2,Male,2839
W02000259,Rhondda Cynon Taf 008,1,Female,2982
W02000259,Rhondda Cynon Taf 008,2,Male,2769
W02000260,Rhondda Cynon Taf 009,1,Female,2956
W02000260,Rhondda Cynon Taf 009,2,Male,2739
W02000261,Rhondda Cynon Taf 010,1,Female,3951
W02000261,Rhondda Cynon Taf 010,2,Male,3697
W02000262,Rhondda Cynon Taf 011,1,Female,2698
W02000262,Rhondda Cynon Taf 011,2,Male,2602
W02000263,Rhondda Cynon Taf 012,1,Female,3225
W02000263,Rhondda Cynon Taf 012,2,Male,3153
W02000264,Rhondda Cynon Taf 013,1,Female,2889
W02000264,Rhondda Cynon Taf 013,2,Male,2839
W02000265,Rhondda Cynon Taf 014,1,Female,4685
W02000265,Rhondda Cynon Taf 014,2,Male,4507
W02000266,Rhondda Cynon Taf 015,1,Female,3858
W02000266,Rhondda Cynon Taf 015,2,Male,3637
W02000267,Rhondda Cynon Taf 016,1,Female,3214
W02000267,Rhondda Cynon Taf 016,2,Male,3123
W02000268,Rhondda Cynon Taf 017,1,Female,4488
W02000268,Rhondda Cynon Taf 017,2,Male,4433
W02000269,Rhondda Cynon Taf 018,1,Female,4225
W02000269,Rhondda Cynon Taf 018,2,Male,3971
W02000270,Rhondda Cynon Taf 019,1,Female,3357
W02000270,Rhondda Cynon Taf 019,2,Male,3235
W02000271,Rhondda Cynon Taf 020,1,Female,2726
W02000271,Rhondda Cynon Taf 020,2,Male,2724
W02000272,Rhondda Cynon Taf 021,1,Female,5075
W02000272,Rhondda Cynon Taf 021,2,Male,4847
W02000273,Rhondda Cynon Taf 022,1,Female,5200
W02000273,Rhondda Cynon Taf 022,2,Male,5228
W02000274,Rhondda Cynon Taf 023,1,Female,5176
W02000274,Rhondda Cynon Taf 023,2,Male,4997
W02000275,Rhondda Cynon Taf 024,1,Female,3102
W02000275,Rhondda Cynon Taf 024,2,Male,2951
W02000276,Rhondda Cynon Taf 025,1,Female,3334
W02000276,Rhondda Cynon Taf 025,2,Male,3172
W02000277,Rhondda Cynon Taf 026,1,Female,3549
W02000277,Rhondda Cynon Taf 026,2,Male,3393
W02000278,Rhondda Cynon Taf 027,1,Female,4528
W02000278,Rhondda Cynon Taf 027,2,Male,4420
W02000279,Rhondda Cynon Taf 028,1,Female,3999
W02000279,Rhondda Cynon Taf 028,2,Male,3739
W02000280,Rhondda Cynon Taf 029,1,Female,4914
W02000280,Rhondda Cynon Taf 029,2,Male,4661
W02000281,Rhondda Cynon Taf 030,1,Female,3810
W02000281,Rhondda Cynon Taf 030,2,Male,3653
W02000282,Rhondda Cynon Taf 031,1,Female,5906
W02000282,Rhondda Cynon Taf 031,2,Male,5555
W02000284,Merthyr Tydfil 002,1,Female,4761
W02000284,Merthyr Tydfil 002,2,Male,4595
W02000285,Merthyr Tydfil 003,1,Female,4300
W02000285,Merthyr Tydfil 003,2,Male,4031
W02000286,Merthyr Tydfil 004,1,Female,3431
W02000286,Merthyr Tydfil 004,2,Male,3306
W02000287,Merthyr Tydfil 005,1,Female,4177
W02000287,Merthyr Tydfil 005,2,Male,4116
W02000288,Merthyr Tydfil 006,1,Female,4054
W02000288,Merthyr Tydfil 006,2,Male,4029
W02000289,Merthyr Tydfil 007,1,Female,4407
W02000289,Merthyr Tydfil 007,2,Male,4274
W02000290,Caerphilly 001,1,Female,4362
W02000290,Caerphilly 001,2,Male,4183
W02000291,Caerphilly 002,1,Female,3612
W02000291,Caerphilly 002,2,Male,3475
W02000292,Caerphilly 003,1,Female,2981
W02000292,Caerphilly 003,2,Male,2842
W02000293,Caerphilly 004,1,Female,3093
W02000293,Caerphilly 004,2,Male,2947
W02000294,Caerphilly 005,1,Female,2865
W02000294,Caerphilly 005,2,Male,2737
W02000295,Caerphilly 006,1,Female,4764
W02000295,Caerphilly 006,2,Male,4756
W02000296,Caerphilly 007,1,Female,3787
W02000296,Caerphilly 007,2,Male,3606
W02000297,Caerphilly 008,1,Female,3851
W02000297,Caerphilly 008,2,Male,3637
W02000298,Caerphilly 009,1,Female,3678
W02000298,Caerphilly 009,2,Male,3467
W02000299,Caerphilly 010,1,Female,3155
W02000299,Caerphilly 010,2,Male,3084
W02000300,Caerphilly 011,1,Female,4210
W02000300,Caerphilly 011,2,Male,4171
W02000301,Caerphilly 012,1,Female,4003
W02000301,Caerphilly 012,2,Male,3930
W02000302,Caerphilly 013,1,Female,5131
W02000302,Caerphilly 013,2,Male,4828
W02000303,Caerphilly 014,1,Female,3541
W02000303,Caerphilly 014,2,Male,3570
W02000304,Caerphilly 015,1,Female,2820
W02000304,Caerphilly 015,2,Male,2679
W02000305,Caerphilly 016,1,Female,3149
W02000305,Caerphilly 016,2,Male,2994
W02000306,Caerphilly 017,1,Female,2588
W02000306,Caerphilly 017,2,Male,2497
W02000307,Caerphilly 018,1,Female,3309
W02000307,Caerphilly 018,2,Male,3199
W02000308,Caerphilly 019,1,Female,4568
W02000308,Caerphilly 019,2,Male,4204
W02000309,Caerphilly 020,1,Female,3528
W02000309,Caerphilly 020,2,Male,3239
W02000310,Caerphilly 021,1,Female,2732
W02000310,Caerphilly 021,2,Male,2557
W02000311,Caerphilly 022,1,Female,5083
W02000311,Caerphilly 022,2,Male,4690
W02000312,Caerphilly 023,1,Female,3731
W02000312,Caerphilly 023,2,Male,3500
W02000313,Caerphilly 024,1,Female,5449
W02000313,Caerphilly 024,2,Male,5177
W02000314,Blaenau Gwent 001,1,Female,3417
W02000314,Blaenau Gwent 001,2,Male,3207
W02000315,Blaenau Gwent 002,1,Female,2644
W02000315,Blaenau Gwent 002,2,Male,2604
W02000316,Blaenau Gwent 003,1,Female,3447
W02000316,Blaenau Gwent 003,2,Male,3213
W02000317,Blaenau Gwent 004,1,Female,3976
W02000317,Blaenau Gwent 004,2,Male,3810
W02000318,Blaenau Gwent 005,1,Female,4664
W02000318,Blaenau Gwent 005,2,Male,4433
W02000319,Blaenau Gwent 006,1,Female,4166
W02000319,Blaenau Gwent 006,2,Male,3914
W02000320,Blaenau Gwent 007,1,Female,4039
W02000320,Blaenau Gwent 007,2,Male,4092
W02000321,Blaenau Gwent 008,1,Female,4376
W02000321,Blaenau Gwent 008,2,Male,4237
W02000322,Blaenau Gwent 009,1,Female,3336
W02000322,Blaenau Gwent 009,2,Male,3329
W02000323,Torfaen 001,1,Female,3077
W02000323,Torfaen 001,2,Male,2942
W02000324,Torfaen 002,1,Female,3591
W02000324,Torfaen 002,2,Male,3451
W02000325,Torfaen 003,1,Female,3804
W02000325,Torfaen 003,2,Male,3538
W02000326,Torfaen 004,1,Female,4536
W02000326,Torfaen 004,2,Male,4334
W02000327,Torfaen 005,1,Female,3045
W02000327,Torfaen 005,2,Male,2850
W02000328,Torfaen 006,1,Female,3799
W02000328,Torfaen 006,2,Male,3680
W02000329,Torfaen 007,1,Female,4153
W02000329,Torfaen 007,2,Male,3914
W02000330,Torfaen 008,1,Female,3648
W02000330,Torfaen 008,2,Male,3431
W02000331,Torfaen 009,1,Female,3386
W02000331,Torfaen 009,2,Male,3088
W02000332,Torfaen 010,1,Female,3932
W02000332,Torfaen 010,2,Male,3717
W02000333,Torfaen 011,1,Female,3185
W02000333,Torfaen 011,2,Male,3056
W02000334,Torfaen 012,1,Female,3370
W02000334,Torfaen 012,2,Male,3215
W02000335,Torfaen 013,1,Female,3883
W02000335,Torfaen 013,2,Male,3651
W02000336,Monmouthshire 001,1,Female,4347
W02000336,Monmouthshire 001,2,Male,4133
W02000337,Monmouthshire 002,1,Female,4040
W02000337,Monmouthshire 002,2,Male,3601
W02000338,Monmouthshire 003,1,Female,4317
W02000338,Monmouthshire 003,2,Male,4203
W02000339,Monmouthshire 004,1,Female,5729
W02000339,Monmouthshire 004,2,Male,5320
W02000340,Monmouthshire 005,1,Female,3622
W02000340,Monmouthshire 005,2,Male,3518
W02000341,Monmouthshire 006,1,Female,4057
W02000341,Monmouthshire 006,2,Male,4256
W02000342,Monmouthshire 007,1,Female,4721
W02000342,Monmouthshire 007,2,Male,4639
W02000343,Monmouthshire 008,1,Female,4190
W02000343,Monmouthshire 008,2,Male,3982
W02000344,Monmouthshire 009,1,Female,4304
W02000344,Monmouthshire 009,2,Male,4205
W02000345,Monmouthshire 010,1,Female,4142
W02000345,Monmouthshire 010,2,Male,3893
W02000346,Monmouthshire 011,1,Female,3948
W02000346,Monmouthshire 011,2,Male,3790
W02000347,Newport 001,1,Female,4154
W02000347,Newport 001,2,Male,3817
W02000348,Newport 002,1,Female,3956
W02000348,Newport 002,2,Male,3647
W02000349,Newport 003,1,Female,4339
W02000349,Newport 003,2,Male,3957
W02000350,Newport 004,1,Female,5067
W02000350,Newport 004,2,Male,4892
W02000351,Newport 005,1,Female,3233
W02000351,Newport 005,2,Male,3041
W02000352,Newport 006,1,Female,3448
W02000352,Newport 006,2,Male,3347
W02000353,Newport 007,1,Female,3712
W02000353,Newport 007,2,Male,3506
W02000354,Newport 008,1,Female,3017
W02000354,Newport 008,2,Male,2777
W02000355,Newport 009,1,Female,5262
W02000355,Newport 009,2,Male,4976
W02000356,Newport 010,1,Female,2691
W02000356,Newport 010,2,Male,2578
W02000357,Newport 011,1,Female,4013
W02000357,Newport 011,2,Male,4269
W02000358,Newport 012,1,Female,3348
W02000358,Newport 012,2,Male,3136
W02000359,Newport 013,1,Female,5803
W02000359,Newport 013,2,Male,6001
W02000360,Newport 014,1,Female,3142
W02000360,Newport 014,2,Male,3642
W02000361,Newport 015,1,Female,6028
W02000361,Newport 015,2,Male,5735
W02000362,Newport 016,1,Female,3578
W02000362,Newport 016,2,Male,3405
W02000363,Newport 017,1,Female,2956
W02000363,Newport 017,2,Male,2825
W02000364,Newport 018,1,Female,4633
W02000364,Newport 018,2,Male,4658
W02000365,Newport 019,1,Female,4576
W02000365,Newport 019,2,Male,3998
W02000366,Newport 020,1,Female,4214
W02000366,Newport 020,2,Male,4219
W02000367,Cardiff 001,1,Female,3144
W02000367,Cardiff 001,2,Male,2950
W02000368,Cardiff 002,1,Female,2968
W02000368,Cardiff 002,2,Male,2734
W02000369,Cardiff 003,1,Female,5027
W02000369,Cardiff 003,2,Male,4768
W02000370,Cardiff 004,1,Female,3465
W02000370,Cardiff 004,2,Male,3085
W02000371,Cardiff 005,1,Female,4719
W02000371,Cardiff 005,2,Male,4383
W02000372,Cardiff 006,1,Female,4280
W02000372,Cardiff 006,2,Male,4006
W02000373,Cardiff 007,1,Female,3683
W02000373,Cardiff 007,2,Male,3313
W02000374,Cardiff 008,1,Female,3068
W02000374,Cardiff 008,2,Male,2824
W02000375,Cardiff 009,1,Female,3787
W02000375,Cardiff 009,2,Male,3528
W02000376,Cardiff 010,1,Female,3425
W02000376,Cardiff 010,2,Male,3235
W02000377,Cardiff 011,1,Female,4081
W02000377,Cardiff 011,2,Male,3703
W02000378,Cardiff 012,1,Female,3870
W02000378,Cardiff 012,2,Male,3619
W02000379,Cardiff 013,1,Female,3450
W02000379,Cardiff 013,2,Male,3018
W02000380,Cardiff 014,1,Female,4102
W02000380,Cardiff 014,2,Male,3800
W02000381,Cardiff 015,1,Female,3438
W02000381,Cardiff 015,2,Male,3092
W02000382,Cardiff 016,1,Female,3166
W02000382,Cardiff 016,2,Male,2806
W02000383,Cardiff 017,1,Female,3869
W02000383,Cardiff 017,2,Male,3630
W02000384,Cardiff 018,1,Female,2874
W02000384,Cardiff 018,2,Male,2822
W02000385,Cardiff 019,1,Female,3469
W02000385,Cardiff 019,2,Male,3414
W02000386,Cardiff 020,1,Female,3924
W02000386,Cardiff 020,2,Male,3663
W02000387,Cardiff 021,1,Female,3041
W02000387,Cardiff 021,2,Male,2864
W02000388,Cardiff 022,1,Female,3053
W02000388,Cardiff 022,2,Male,2746
W02000389,Cardiff 023,1,Female,4407
W02000389,Cardiff 023,2,Male,4018
W02000390,Cardiff 024,1,Female,3248
W02000390,Cardiff 024,2,Male,2990
W02000391,Cardiff 025,1,Female,5078
W02000391,Cardiff 025,2,Male,4337
W02000392,Cardiff 026,1,Female,4543
W02000392,Cardiff 026,2,Male,4233
W02000393,Cardiff 027,1,Female,3522
W02000393,Cardiff 027,2,Male,3116
W02000394,Cardiff 028,1,Female,5131
W02000394,Cardiff 028,2,Male,4440
W02000395,Cardiff 029,1,Female,3430
W02000395,Cardiff 029,2,Male,3243
W02000396,Cardiff 030,1,Female,3682
W02000396,Cardiff 030,2,Male,3834
W02000397,Cardiff 031,1,Female,3381
W02000397,Cardiff 031,2,Male,3044
W02000398,Cardiff 032,1,Female,6324
W02000398,Cardiff 032,2,Male,5929
W02000399,Cardiff 033,1,Female,5011
W02000399,Cardiff 033,2,Male,5750
W02000400,Cardiff 034,1,Female,3141
W02000400,Cardiff 034,2,Male,3154
W02000401,Cardiff 035,1,Female,3027
W02000401,Cardiff 035,2,Male,2911
W02000402,Cardiff 036,1,Female,5324
W02000402,Cardiff 036,2,Male,6285
W02000403,Cardiff 037,1,Female,4014
W02000403,Cardiff 037,2,Male,3776
W02000404,Cardiff 038,1,Female,3286
W02000404,Cardiff 038,2,Male,3065
W02000405,Cardiff 039,1,Female,4227
W02000405,Cardiff 039,2,Male,3584
W02000406,Cardiff 040,1,Female,5336
W02000406,Cardiff 040,2,Male,4865
W02000407,Cardiff 041,1,Female,3571
W02000407,Cardiff 041,2,Male,3072
W02000408,Cardiff 042,1,Female,3517
W02000408,Cardiff 042,2,Male,3944
W02000409,Cardiff 043,1,Female,3222
W02000409,Cardiff 043,2,Male,2852
W02000410,Cardiff 044,1,Female,4183
W02000410,Cardiff 044,2,Male,4469
W02000411,Cardiff 045,1,Female,3429
W02000411,Cardiff 045,2,Male,3167
W02000412,Cardiff 046,1,Female,3384
W02000412,Cardiff 046,2,Male,3490
W02000414,Powys 020,1,Female,3015
W02000414,Powys 020,2,Male,2972
W02000415,Merthyr Tydfil 008,1,Female,4956
W02000415,Merthyr Tydfil 008,2,Male,4402
W02000416,Powys 021,1,Female,5293
W02000416,Powys 021,2,Male,5056
W02000417,Neath Port Talbot 020,1,Female,5184
W02000417,Neath Port Talbot 020,2,Male,4994
W02000418,Carmarthenshire 027,1,Female,6246
W02000418,Carmarthenshire 027,2,Male,6009
W02000419,Denbighshire 017,1,Female,5908
W02000419,Denbighshire 017,2,Male,5453
W02000421,Ceredigion 011,1,Female,5822
W02000421,Ceredigion 011,2,Male,5665
W02000422,Cardiff 048,1,Female,3358
W02000422,Cardiff 048,2,Male,4029
W02000423,Cardiff 049,1,Female,4781
W02000423,Cardiff 049,2,Male,5250
W02000424,Wrexham 021,1,Female,3416
W02000424,Wrexham 021,2,Male,3266
W02000425,Wrexham 022,1,Female,3463
W02000425,Wrexham 022,2,Male,4882
W02000426,Wrexham 023,1,Female,5116
W02000426,Wrexham 023,2,Male,4779
W02000427,Neath Port Talbot 021,1,Female,5710
W02000427,Neath Port Talbot 021,2,Male,5435
W02000428,Swansea 032,1,Female,5317
W02000428,Swansea 032,2,Male,5185
