MSOA21CD,MSOA21NM,MSOA21NMW,ObjectId
E02000001,City of London 001,,1
E02000002,Barking and Dagenham 001,,2
E02000003,Barking and Dagenham 002,,3
E02000004,Barking and Dagenham 003,,4
E02000005,Barking and Dagenham 004,,5
E02000007,Barking and Dagenham 006,,6
E02000008,Barking and Dagenham 007,,7
E02000009,Barking and Dagenham 008,,8
E02000010,Barking and Dagenham 009,,9
E02000011,Barking and Dagenham 010,,10
E02000012,Barking and Dagenham 011,,11
E02000013,Barking and Dagenham 012,,12
E02000014,Barking and Dagenham 013,,13
E02000015,Barking and Dagenham 014,,14
E02000016,Barking and Dagenham 015,,15
E02000017,Barking and Dagenham 016,,16
E02000018,Barking and Dagenham 017,,17
E02000019,Barking and Dagenham 018,,18
E02000020,Barking and Dagenham 019,,19
E02000021,Barking and Dagenham 020,,20
E02000022,Barking and Dagenham 021,,21
E02000023,Barking and Dagenham 022,,22
E02000024,Barnet 001,,23
E02000025,Barnet 002,,24
E02000026,Barnet 003,,25
E02000027,Barnet 004,,26
E02000028,Barnet 005,,27
E02000029,Barnet 006,,28
E02000030,Barnet 007,,29
E02000031,Barnet 008,,30
E02000032,Barnet 009,,31
E02000033,Barnet 010,,32
E02000034,Barnet 011,,33
E02000035,Barnet 012,,34
E02000036,Barnet 013,,35
E02000037,Barnet 014,,36
E02000038,Barnet 015,,37
E02000039,Barnet 016,,38
E02000040,Barnet 017,,39
E02000041,Barnet 018,,40
E02000042,Barnet 019,,41
E02000043,Barnet 020,,42
E02000044,Barnet 021,,43
E02000045,Barnet 022,,44
E02000046,Barnet 023,,45
E02000047,Barnet 024,,46
E02000048,Barnet 025,,47
E02000049,Barnet 026,,48
E02000050,Barnet 027,,49
E02000051,Barnet 028,,50
E02000317,Greenwich 005,,51
E02000318,Greenwich 006,,52
E02000319,Greenwich 007,,53
E02000320,Greenwich 008,,54
E02000321,Greenwich 009,,55
E02000323,Greenwich 011,,56
E02000324,Greenwich 012,,57
E02000326,Greenwich 014,,58
E02000327,Greenwich 015,,59
E02000328,Greenwich 016,,60
E02000329,Greenwich 017,,61
E02000331,Greenwich 019,,62
E02000332,Greenwich 020,,63
E02000333,Greenwich 021,,64
E02000334,Greenwich 022,,65
E02000335,Greenwich 023,,66
E02000337,Greenwich 025,,67
E02000339,Greenwich 027,,68
E02000340,Greenwich 028,,69
E02000341,Greenwich 029,,70
E02000342,Greenwich 030,,71
E02000343,Greenwich 031,,72
E02000344,Greenwich 032,,73
E02000345,Hackney 001,,74
E02000346,Hackney 002,,75
E02000347,Hackney 003,,76
E02000348,Hackney 004,,77
E02000350,Hackney 006,,78
E02000351,Hackney 007,,79
E02000352,Hackney 008,,80
E02000353,Hackney 009,,81
E02000354,Hackney 010,,82
E02000355,Hackney 011,,83
E02000356,Hackney 012,,84
E02000357,Hackney 013,,85
E02000358,Hackney 014,,86
E02000359,Hackney 015,,87
E02000360,Hackney 016,,88
E02000361,Hackney 017,,89
E02000362,Hackney 018,,90
E02000363,Hackney 019,,91
E02000364,Hackney 020,,92
E02000366,Hackney 022,,93
E02000367,Hackney 023,,94
E02000368,Hackney 024,,95
E02000369,Hackney 025,,96
E02000370,Hackney 026,,97
E02000372,Hammersmith and Fulham 001,,98
E02000373,Hammersmith and Fulham 002,,99
E02000374,Hammersmith and Fulham 003,,100
E02000104,Brent 012,,101
E02000105,Brent 013,,102
E02000106,Brent 014,,103
E02000107,Brent 015,,104
E02000108,Brent 016,,105
E02000110,Brent 018,,106
E02000111,Brent 019,,107
E02000112,Brent 020,,108
E02000113,Brent 021,,109
E02000114,Brent 022,,110
E02000115,Brent 023,,111
E02000116,Brent 024,,112
E02000117,Brent 025,,113
E02000118,Brent 026,,114
E02000119,Brent 027,,115
E02000120,Brent 028,,116
E02000121,Brent 029,,117
E02000122,Brent 030,,118
E02000123,Brent 031,,119
E02000124,Brent 032,,120
E02000125,Brent 033,,121
E02000126,Brent 034,,122
E02000127,Bromley 001,,123
E02000128,Bromley 002,,124
E02000130,Bromley 004,,125
E02000131,Bromley 005,,126
E02000132,Bromley 006,,127
E02000133,Bromley 007,,128
E02000134,Bromley 008,,129
E02000135,Bromley 009,,130
E02000136,Bromley 010,,131
E02000137,Bromley 011,,132
E02000138,Bromley 012,,133
E02000139,Bromley 013,,134
E02000140,Bromley 014,,135
E02000141,Bromley 015,,136
E02000142,Bromley 016,,137
E02000144,Bromley 018,,138
E02000145,Bromley 019,,139
E02000146,Bromley 020,,140
E02000147,Bromley 021,,141
E02000148,Bromley 022,,142
E02000149,Bromley 023,,143
E02000150,Bromley 024,,144
E02000151,Bromley 025,,145
E02000152,Bromley 026,,146
E02000153,Bromley 027,,147
E02000154,Bromley 028,,148
E02000155,Bromley 029,,149
E02000156,Bromley 030,,150
E02000211,Croydon 018,,151
E02000212,Croydon 019,,152
E02000213,Croydon 020,,153
E02000214,Croydon 021,,154
E02000215,Croydon 022,,155
E02000216,Croydon 023,,156
E02000217,Croydon 024,,157
E02000218,Croydon 025,,158
E02000219,Croydon 026,,159
E02000221,Croydon 028,,160
E02000222,Croydon 029,,161
E02000223,Croydon 030,,162
E02000224,Croydon 031,,163
E02000225,Croydon 032,,164
E02000226,Croydon 033,,165
E02000227,Croydon 034,,166
E02000228,Croydon 035,,167
E02000229,Croydon 036,,168
E02000230,Croydon 037,,169
E02000231,Croydon 038,,170
E02000232,Croydon 039,,171
E02000233,Croydon 040,,172
E02000234,Croydon 041,,173
E02000235,Croydon 042,,174
E02000236,Croydon 043,,175
E02000237,Croydon 044,,176
E02000238,Ealing 001,,177
E02000239,Ealing 002,,178
E02000240,Ealing 003,,179
E02000241,Ealing 004,,180
E02000242,Ealing 005,,181
E02000243,Ealing 006,,182
E02000244,Ealing 007,,183
E02000245,Ealing 008,,184
E02000246,Ealing 009,,185
E02000247,Ealing 010,,186
E02000248,Ealing 011,,187
E02000249,Ealing 012,,188
E02000250,Ealing 013,,189
E02000251,Ealing 014,,190
E02000252,Ealing 015,,191
E02000253,Ealing 016,,192
E02000254,Ealing 017,,193
E02000255,Ealing 018,,194
E02000256,Ealing 019,,195
E02000258,Ealing 021,,196
E02000259,Ealing 022,,197
E02000260,Ealing 023,,198
E02000261,Ealing 024,,199
E02000262,Ealing 025,,200
E02000263,Ealing 026,,201
E02000264,Ealing 027,,202
E02000265,Ealing 028,,203
E02000266,Ealing 029,,204
E02000267,Ealing 030,,205
E02000268,Ealing 031,,206
E02000269,Ealing 032,,207
E02000270,Ealing 033,,208
E02000271,Ealing 034,,209
E02000272,Ealing 035,,210
E02000275,Ealing 038,,211
E02000276,Ealing 039,,212
E02000277,Enfield 001,,213
E02000278,Enfield 002,,214
E02000279,Enfield 003,,215
E02000280,Enfield 004,,216
E02000281,Enfield 005,,217
E02000282,Enfield 006,,218
E02000283,Enfield 007,,219
E02000284,Enfield 008,,220
E02000285,Enfield 009,,221
E02000286,Enfield 010,,222
E02000287,Enfield 011,,223
E02000288,Enfield 012,,224
E02000289,Enfield 013,,225
E02000290,Enfield 014,,226
E02000291,Enfield 015,,227
E02000292,Enfield 016,,228
E02000293,Enfield 017,,229
E02000294,Enfield 018,,230
E02000295,Enfield 019,,231
E02000296,Enfield 020,,232
E02000297,Enfield 021,,233
E02000298,Enfield 022,,234
E02000299,Enfield 023,,235
E02000300,Enfield 024,,236
E02000301,Enfield 025,,237
E02000302,Enfield 026,,238
E02000303,Enfield 027,,239
E02000304,Enfield 028,,240
E02000305,Enfield 029,,241
E02000306,Enfield 030,,242
E02000307,Enfield 031,,243
E02000308,Enfield 032,,244
E02000309,Enfield 033,,245
E02000311,Enfield 035,,246
E02000312,Enfield 036,,247
E02000313,Greenwich 001,,248
E02000314,Greenwich 002,,249
E02000315,Greenwich 003,,250
E02000157,Bromley 031,,251
E02000158,Bromley 032,,252
E02000159,Bromley 033,,253
E02000160,Bromley 034,,254
E02000161,Bromley 035,,255
E02000162,Bromley 036,,256
E02000163,Bromley 037,,257
E02000165,Bromley 039,,258
E02000166,Camden 001,,259
E02000167,Camden 002,,260
E02000168,Camden 003,,261
E02000169,Camden 004,,262
E02000170,Camden 005,,263
E02000171,Camden 006,,264
E02000172,Camden 007,,265
E02000173,Camden 008,,266
E02000174,Camden 009,,267
E02000175,Camden 010,,268
E02000176,Camden 011,,269
E02000177,Camden 012,,270
E02000178,Camden 013,,271
E02000179,Camden 014,,272
E02000180,Camden 015,,273
E02000181,Camden 016,,274
E02000182,Camden 017,,275
E02000183,Camden 018,,276
E02000184,Camden 019,,277
E02000185,Camden 020,,278
E02000186,Camden 021,,279
E02000187,Camden 022,,280
E02000188,Camden 023,,281
E02000191,Camden 026,,282
E02000192,Camden 027,,283
E02000193,Camden 028,,284
E02000194,Croydon 001,,285
E02000195,Croydon 002,,286
E02000196,Croydon 003,,287
E02000197,Croydon 004,,288
E02000198,Croydon 005,,289
E02000199,Croydon 006,,290
E02000200,Croydon 007,,291
E02000201,Croydon 008,,292
E02000202,Croydon 009,,293
E02000203,Croydon 010,,294
E02000204,Croydon 011,,295
E02000206,Croydon 013,,296
E02000207,Croydon 014,,297
E02000208,Croydon 015,,298
E02000209,Croydon 016,,299
E02000210,Croydon 017,,300
E02000375,Hammersmith and Fulham 004,,301
E02000376,Hammersmith and Fulham 005,,302
E02000377,Hammersmith and Fulham 006,,303
E02000378,Hammersmith and Fulham 007,,304
E02000379,Hammersmith and Fulham 008,,305
E02000380,Hammersmith and Fulham 009,,306
E02000381,Hammersmith and Fulham 010,,307
E02000382,Hammersmith and Fulham 011,,308
E02000383,Hammersmith and Fulham 012,,309
E02000384,Hammersmith and Fulham 013,,310
E02000385,Hammersmith and Fulham 014,,311
E02000386,Hammersmith and Fulham 015,,312
E02000387,Hammersmith and Fulham 016,,313
E02000388,Hammersmith and Fulham 017,,314
E02000389,Hammersmith and Fulham 018,,315
E02000390,Hammersmith and Fulham 019,,316
E02000391,Hammersmith and Fulham 020,,317
E02000392,Hammersmith and Fulham 021,,318
E02000393,Hammersmith and Fulham 022,,319
E02000394,Hammersmith and Fulham 023,,320
E02000395,Hammersmith and Fulham 024,,321
E02000396,Hammersmith and Fulham 025,,322
E02000397,Haringey 001,,323
E02000398,Haringey 002,,324
E02000400,Haringey 004,,325
E02000401,Haringey 005,,326
E02000402,Haringey 006,,327
E02000403,Haringey 007,,328
E02000404,Haringey 008,,329
E02000405,Haringey 009,,330
E02000406,Haringey 010,,331
E02000407,Haringey 011,,332
E02000408,Haringey 012,,333
E02000409,Haringey 013,,334
E02000410,Haringey 014,,335
E02000411,Haringey 015,,336
E02000412,Haringey 016,,337
E02000413,Haringey 017,,338
E02000414,Haringey 018,,339
E02000415,Haringey 019,,340
E02000416,Haringey 020,,341
E02000417,Haringey 021,,342
E02000418,Haringey 022,,343
E02000419,Haringey 023,,344
E02000420,Haringey 024,,345
E02000421,Haringey 025,,346
E02000422,Haringey 026,,347
E02000423,Haringey 027,,348
E02000424,Haringey 028,,349
E02000425,Haringey 029,,350
E02000052,Barnet 029,,351
E02000054,Barnet 031,,352
E02000055,Barnet 032,,353
E02000056,Barnet 033,,354
E02000057,Barnet 034,,355
E02000058,Barnet 035,,356
E02000059,Barnet 036,,357
E02000060,Barnet 037,,358
E02000061,Barnet 038,,359
E02000062,Barnet 039,,360
E02000063,Barnet 040,,361
E02000064,Barnet 041,,362
E02000065,Bexley 001,,363
E02000066,Bexley 002,,364
E02000067,Bexley 003,,365
E02000068,Bexley 004,,366
E02000069,Bexley 005,,367
E02000070,Bexley 006,,368
E02000071,Bexley 007,,369
E02000072,Bexley 008,,370
E02000073,Bexley 009,,371
E02000074,Bexley 010,,372
E02000075,Bexley 011,,373
E02000077,Bexley 013,,374
E02000078,Bexley 014,,375
E02000079,Bexley 015,,376
E02000080,Bexley 016,,377
E02000081,Bexley 017,,378
E02000082,Bexley 018,,379
E02000083,Bexley 019,,380
E02000084,Bexley 020,,381
E02000085,Bexley 021,,382
E02000086,Bexley 022,,383
E02000087,Bexley 023,,384
E02000088,Bexley 024,,385
E02000089,Bexley 025,,386
E02000090,Bexley 026,,387
E02000091,Bexley 027,,388
E02000092,Bexley 028,,389
E02000093,Brent 001,,390
E02000094,Brent 002,,391
E02000095,Brent 003,,392
E02000096,Brent 004,,393
E02000097,Brent 005,,394
E02000098,Brent 006,,395
E02000099,Brent 007,,396
E02000100,Brent 008,,397
E02000101,Brent 009,,398
E02000102,Brent 010,,399
E02000103,Brent 011,,400
E02000738,Newham 025,,401
E02000739,Newham 026,,402
E02000740,Newham 027,,403
E02000426,Haringey 030,,404
E02000741,Newham 028,,405
E02000742,Newham 029,,406
E02000743,Newham 030,,407
E02000427,Haringey 031,,408
E02000744,Newham 031,,409
E02000428,Haringey 032,,410
E02000745,Newham 032,,411
E02000429,Haringey 033,,412
E02000746,Newham 033,,413
E02000430,Haringey 034,,414
E02000747,Newham 034,,415
E02000431,Haringey 035,,416
E02000532,Hounslow 007,,417
E02000748,Newham 035,,418
E02000432,Haringey 036,,419
E02000533,Hounslow 008,,420
E02000749,Newham 036,,421
E02000433,Harrow 001,,422
E02000534,Hounslow 009,,423
E02000751,Redbridge 001,,424
E02000434,Harrow 002,,425
E02000535,Hounslow 010,,426
E02000752,Redbridge 002,,427
E02000435,Harrow 003,,428
E02000536,Hounslow 011,,429
E02000753,Redbridge 003,,430
E02000436,Harrow 004,,431
E02000537,Hounslow 012,,432
E02000538,Hounslow 013,,433
E02000539,Hounslow 014,,434
E02000540,Hounslow 015,,435
E02000541,Hounslow 016,,436
E02000542,Hounslow 017,,437
E02000543,Hounslow 018,,438
E02000544,Hounslow 019,,439
E02000545,Hounslow 020,,440
E02000546,Hounslow 021,,441
E02000547,Hounslow 022,,442
E02000548,Hounslow 023,,443
E02000549,Hounslow 024,,444
E02000550,Hounslow 025,,445
E02000551,Hounslow 026,,446
E02000552,Hounslow 027,,447
E02000553,Hounslow 028,,448
E02000554,Islington 001,,449
E02000555,Islington 002,,450
E02000556,Islington 003,,451
E02000557,Islington 004,,452
E02000558,Islington 005,,453
E02000559,Islington 006,,454
E02000560,Islington 007,,455
E02000561,Islington 008,,456
E02000562,Islington 009,,457
E02000563,Islington 010,,458
E02000564,Islington 011,,459
E02000565,Islington 012,,460
E02000566,Islington 013,,461
E02000567,Islington 014,,462
E02000568,Islington 015,,463
E02000569,Islington 016,,464
E02000570,Islington 017,,465
E02000571,Islington 018,,466
E02000572,Islington 019,,467
E02000573,Islington 020,,468
E02000574,Islington 021,,469
E02000575,Islington 022,,470
E02000576,Islington 023,,471
E02000577,Kensington and Chelsea 001,,472
E02000578,Kensington and Chelsea 002,,473
E02000579,Kensington and Chelsea 003,,474
E02000580,Kensington and Chelsea 004,,475
E02000581,Kensington and Chelsea 005,,476
E02000437,Harrow 005,,477
E02000438,Harrow 006,,478
E02000439,Harrow 007,,479
E02000440,Harrow 008,,480
E02000441,Harrow 009,,481
E02000442,Harrow 010,,482
E02000443,Harrow 011,,483
E02000444,Harrow 012,,484
E02000445,Harrow 013,,485
E02000447,Harrow 015,,486
E02000448,Harrow 016,,487
E02000449,Harrow 017,,488
E02000451,Harrow 019,,489
E02000452,Harrow 020,,490
E02000453,Harrow 021,,491
E02000454,Harrow 022,,492
E02000455,Harrow 023,,493
E02000456,Harrow 024,,494
E02000457,Harrow 025,,495
E02000459,Harrow 027,,496
E02000460,Harrow 028,,497
E02000461,Harrow 029,,498
E02000462,Harrow 030,,499
E02000463,Harrow 031,,500
E02000464,Havering 001,,501
E02000465,Havering 002,,502
E02000466,Havering 003,,503
E02000467,Havering 004,,504
E02000468,Havering 005,,505
E02000469,Havering 006,,506
E02000470,Havering 007,,507
E02000754,Redbridge 004,,508
E02000471,Havering 008,,509
E02000755,Redbridge 005,,510
E02000472,Havering 009,,511
E02000756,Redbridge 006,,512
E02000473,Havering 010,,513
E02000757,Redbridge 007,,514
E02000474,Havering 011,,515
E02000758,Redbridge 008,,516
E02000475,Havering 012,,517
E02000759,Redbridge 009,,518
E02000476,Havering 013,,519
E02000760,Redbridge 010,,520
E02000477,Havering 014,,521
E02000762,Redbridge 012,,522
E02000478,Havering 015,,523
E02000763,Redbridge 013,,524
E02000764,Redbridge 014,,525
E02000765,Redbridge 015,,526
E02000767,Redbridge 017,,527
E02000768,Redbridge 018,,528
E02000770,Redbridge 020,,529
E02000772,Redbridge 022,,530
E02000773,Redbridge 023,,531
E02000774,Redbridge 024,,532
E02000776,Redbridge 026,,533
E02000777,Redbridge 027,,534
E02000779,Redbridge 029,,535
E02000781,Redbridge 031,,536
E02000782,Redbridge 032,,537
E02000783,Redbridge 033,,538
E02000784,Richmond upon Thames 001,,539
E02000785,Richmond upon Thames 002,,540
E02000786,Richmond upon Thames 003,,541
E02000787,Richmond upon Thames 004,,542
E02000788,Richmond upon Thames 005,,543
E02000789,Richmond upon Thames 006,,544
E02000790,Richmond upon Thames 007,,545
E02000791,Richmond upon Thames 008,,546
E02000792,Richmond upon Thames 009,,547
E02000793,Richmond upon Thames 010,,548
E02000794,Richmond upon Thames 011,,549
E02000795,Richmond upon Thames 012,,550
E02000582,Kensington and Chelsea 006,,551
E02000583,Kensington and Chelsea 007,,552
E02000584,Kensington and Chelsea 008,,553
E02000585,Kensington and Chelsea 009,,554
E02000479,Havering 016,,555
E02000586,Kensington and Chelsea 010,,556
E02000587,Kensington and Chelsea 011,,557
E02000588,Kensington and Chelsea 012,,558
E02000480,Havering 017,,559
E02000589,Kensington and Chelsea 013,,560
E02000481,Havering 018,,561
E02000590,Kensington and Chelsea 014,,562
E02000482,Havering 019,,563
E02000591,Kensington and Chelsea 015,,564
E02000483,Havering 020,,565
E02000592,Kensington and Chelsea 016,,566
E02000484,Havering 021,,567
E02000593,Kensington and Chelsea 017,,568
E02000485,Havering 022,,569
E02000594,Kensington and Chelsea 018,,570
E02000486,Havering 023,,571
E02000595,Kensington and Chelsea 019,,572
E02000487,Havering 024,,573
E02000596,Kensington and Chelsea 020,,574
E02000488,Havering 025,,575
E02000597,Kensington and Chelsea 021,,576
E02000489,Havering 026,,577
E02000598,Kingston upon Thames 001,,578
E02000490,Havering 027,,579
E02000599,Kingston upon Thames 002,,580
E02000491,Havering 028,,581
E02000600,Kingston upon Thames 003,,582
E02000492,Havering 029,,583
E02000601,Kingston upon Thames 004,,584
E02000493,Havering 030,,585
E02000602,Kingston upon Thames 005,,586
E02000494,Hillingdon 001,,587
E02000603,Kingston upon Thames 006,,588
E02000495,Hillingdon 002,,589
E02000604,Kingston upon Thames 007,,590
E02000496,Hillingdon 003,,591
E02000605,Kingston upon Thames 008,,592
E02000796,Richmond upon Thames 013,,593
E02000497,Hillingdon 004,,594
E02000606,Kingston upon Thames 009,,595
E02000797,Richmond upon Thames 014,,596
E02000498,Hillingdon 005,,597
E02000607,Kingston upon Thames 010,,598
E02000798,Richmond upon Thames 015,,599
E02000499,Hillingdon 006,,600
E02000608,Kingston upon Thames 011,,601
E02000799,Richmond upon Thames 016,,602
E02000500,Hillingdon 007,,603
E02000609,Kingston upon Thames 012,,604
E02000800,Richmond upon Thames 017,,605
E02000501,Hillingdon 008,,606
E02000610,Kingston upon Thames 013,,607
E02000801,Richmond upon Thames 018,,608
E02000502,Hillingdon 009,,609
E02000611,Kingston upon Thames 014,,610
E02000802,Richmond upon Thames 019,,611
E02000503,Hillingdon 010,,612
E02000612,Kingston upon Thames 015,,613
E02000803,Richmond upon Thames 020,,614
E02000504,Hillingdon 011,,615
E02000613,Kingston upon Thames 016,,616
E02000804,Richmond upon Thames 021,,617
E02000506,Hillingdon 013,,618
E02000614,Kingston upon Thames 017,,619
E02000805,Richmond upon Thames 022,,620
E02000507,Hillingdon 014,,621
E02000615,Kingston upon Thames 018,,622
E02000806,Richmond upon Thames 023,,623
E02000508,Hillingdon 015,,624
E02000616,Kingston upon Thames 019,,625
E02000807,Southwark 001,,626
E02000808,Southwark 002,,627
E02000810,Southwark 004,,628
E02000812,Southwark 006,,629
E02000813,Southwark 007,,630
E02000814,Southwark 008,,631
E02000815,Southwark 009,,632
E02000816,Southwark 010,,633
E02000817,Southwark 011,,634
E02000818,Southwark 012,,635
E02000819,Southwark 013,,636
E02000820,Southwark 014,,637
E02000821,Southwark 015,,638
E02000822,Southwark 016,,639
E02000823,Southwark 017,,640
E02000824,Southwark 018,,641
E02000825,Southwark 019,,642
E02000826,Southwark 020,,643
E02000827,Southwark 021,,644
E02000828,Southwark 022,,645
E02000829,Southwark 023,,646
E02000830,Southwark 024,,647
E02000831,Southwark 025,,648
E02000832,Southwark 026,,649
E02000833,Southwark 027,,650
E02000834,Southwark 028,,651
E02000835,Southwark 029,,652
E02000836,Southwark 030,,653
E02000837,Southwark 031,,654
E02000838,Southwark 032,,655
E02000839,Southwark 033,,656
E02000840,Sutton 001,,657
E02000841,Sutton 002,,658
E02000842,Sutton 003,,659
E02000843,Sutton 004,,660
E02000844,Sutton 005,,661
E02000845,Sutton 006,,662
E02000846,Sutton 007,,663
E02000847,Sutton 008,,664
E02000617,Kingston upon Thames 020,,665
E02000619,Lambeth 002,,666
E02000620,Lambeth 003,,667
E02000621,Lambeth 004,,668
E02000622,Lambeth 005,,669
E02000623,Lambeth 006,,670
E02000624,Lambeth 007,,671
E02000625,Lambeth 008,,672
E02000626,Lambeth 009,,673
E02000627,Lambeth 010,,674
E02000628,Lambeth 011,,675
E02000629,Lambeth 012,,676
E02000630,Lambeth 013,,677
E02000631,Lambeth 014,,678
E02000632,Lambeth 015,,679
E02000509,Hillingdon 016,,680
E02000510,Hillingdon 017,,681
E02000511,Hillingdon 018,,682
E02000512,Hillingdon 019,,683
E02000513,Hillingdon 020,,684
E02000514,Hillingdon 021,,685
E02000515,Hillingdon 022,,686
E02000516,Hillingdon 023,,687
E02000517,Hillingdon 024,,688
E02000518,Hillingdon 025,,689
E02000519,Hillingdon 026,,690
E02000520,Hillingdon 027,,691
E02000521,Hillingdon 028,,692
E02000522,Hillingdon 029,,693
E02000523,Hillingdon 030,,694
E02000524,Hillingdon 031,,695
E02000525,Hillingdon 032,,696
E02000526,Hounslow 001,,697
E02000529,Hounslow 004,,698
E02000530,Hounslow 005,,699
E02000531,Hounslow 006,,700
E02000633,Lambeth 016,,701
E02000634,Lambeth 017,,702
E02000635,Lambeth 018,,703
E02000636,Lambeth 019,,704
E02000637,Lambeth 020,,705
E02000638,Lambeth 021,,706
E02000639,Lambeth 022,,707
E02000640,Lambeth 023,,708
E02000641,Lambeth 024,,709
E02000642,Lambeth 025,,710
E02000643,Lambeth 026,,711
E02000644,Lambeth 027,,712
E02000645,Lambeth 028,,713
E02000646,Lambeth 029,,714
E02000647,Lambeth 030,,715
E02000648,Lambeth 031,,716
E02000649,Lambeth 032,,717
E02000650,Lambeth 033,,718
E02000651,Lambeth 034,,719
E02000652,Lambeth 035,,720
E02000653,Lewisham 001,,721
E02000654,Lewisham 002,,722
E02000655,Lewisham 003,,723
E02000657,Lewisham 005,,724
E02000658,Lewisham 006,,725
E02000659,Lewisham 007,,726
E02000660,Lewisham 008,,727
E02000661,Lewisham 009,,728
E02000662,Lewisham 010,,729
E02000663,Lewisham 011,,730
E02000665,Lewisham 013,,731
E02000666,Lewisham 014,,732
E02000667,Lewisham 015,,733
E02000668,Lewisham 016,,734
E02000669,Lewisham 017,,735
E02000670,Lewisham 018,,736
E02000671,Lewisham 019,,737
E02000672,Lewisham 020,,738
E02000673,Lewisham 021,,739
E02000674,Lewisham 022,,740
E02000675,Lewisham 023,,741
E02000676,Lewisham 024,,742
E02000677,Lewisham 025,,743
E02000678,Lewisham 026,,744
E02000679,Lewisham 027,,745
E02000680,Lewisham 028,,746
E02000681,Lewisham 029,,747
E02000682,Lewisham 030,,748
E02000683,Lewisham 031,,749
E02000685,Lewisham 033,,750
E02000686,Lewisham 034,,751
E02000687,Lewisham 035,,752
E02000689,Merton 001,,753
E02000690,Merton 002,,754
E02000691,Merton 003,,755
E02000692,Merton 004,,756
E02000693,Merton 005,,757
E02000694,Merton 006,,758
E02000695,Merton 007,,759
E02000696,Merton 008,,760
E02000697,Merton 009,,761
E02000698,Merton 010,,762
E02000699,Merton 011,,763
E02000700,Merton 012,,764
E02000701,Merton 013,,765
E02000702,Merton 014,,766
E02000703,Merton 015,,767
E02000704,Merton 016,,768
E02000705,Merton 017,,769
E02000706,Merton 018,,770
E02000707,Merton 019,,771
E02000708,Merton 020,,772
E02000709,Merton 021,,773
E02000710,Merton 022,,774
E02000711,Merton 023,,775
E02000712,Merton 024,,776
E02000713,Merton 025,,777
E02000714,Newham 001,,778
E02000715,Newham 002,,779
E02000716,Newham 003,,780
E02000717,Newham 004,,781
E02000718,Newham 005,,782
E02000719,Newham 006,,783
E02000720,Newham 007,,784
E02000721,Newham 008,,785
E02000722,Newham 009,,786
E02000723,Newham 010,,787
E02000724,Newham 011,,788
E02000725,Newham 012,,789
E02000727,Newham 014,,790
E02000728,Newham 015,,791
E02000729,Newham 016,,792
E02000730,Newham 017,,793
E02000731,Newham 018,,794
E02000732,Newham 019,,795
E02000733,Newham 020,,796
E02000734,Newham 021,,797
E02000735,Newham 022,,798
E02000736,Newham 023,,799
E02000737,Newham 024,,800
E02000848,Sutton 009,,801
E02000849,Sutton 010,,802
E02000850,Sutton 011,,803
E02000851,Sutton 012,,804
E02000852,Sutton 013,,805
E02000853,Sutton 014,,806
E02000854,Sutton 015,,807
E02000855,Sutton 016,,808
E02000856,Sutton 017,,809
E02000857,Sutton 018,,810
E02000858,Sutton 019,,811
E02000859,Sutton 020,,812
E02000860,Sutton 021,,813
E02000861,Sutton 022,,814
E02000863,Sutton 024,,815
E02000864,Tower Hamlets 001,,816
E02000865,Tower Hamlets 002,,817
E02000866,Tower Hamlets 003,,818
E02000867,Tower Hamlets 004,,819
E02000868,Tower Hamlets 005,,820
E02000869,Tower Hamlets 006,,821
E02000870,Tower Hamlets 007,,822
E02000871,Tower Hamlets 008,,823
E02000872,Tower Hamlets 009,,824
E02000873,Tower Hamlets 010,,825
E02000874,Tower Hamlets 011,,826
E02000875,Tower Hamlets 012,,827
E02000876,Tower Hamlets 013,,828
E02000877,Tower Hamlets 014,,829
E02000878,Tower Hamlets 015,,830
E02000879,Tower Hamlets 016,,831
E02000880,Tower Hamlets 017,,832
E02000881,Tower Hamlets 018,,833
E02000882,Tower Hamlets 019,,834
E02000883,Tower Hamlets 020,,835
E02000884,Tower Hamlets 021,,836
E02000885,Tower Hamlets 022,,837
E02000886,Tower Hamlets 023,,838
E02000887,Tower Hamlets 024,,839
E02000888,Tower Hamlets 025,,840
E02000889,Tower Hamlets 026,,841
E02000890,Tower Hamlets 027,,842
E02000893,Tower Hamlets 030,,843
E02000894,Tower Hamlets 031,,844
E02000895,Waltham Forest 001,,845
E02000896,Waltham Forest 002,,846
E02000897,Waltham Forest 003,,847
E02000898,Waltham Forest 004,,848
E02000899,Waltham Forest 005,,849
E02000900,Waltham Forest 006,,850
E02000901,Waltham Forest 007,,851
E02001052,Manchester 008,,852
E02000952,Wandsworth 030,,853
E02001159,Salford 003,,854
E02001160,Salford 004,,855
E02001161,Salford 005,,856
E02001162,Salford 006,,857
E02001163,Salford 007,,858
E02001164,Salford 008,,859
E02001165,Salford 009,,860
E02001166,Salford 010,,861
E02001167,Salford 011,,862
E02001168,Salford 012,,863
E02001169,Salford 013,,864
E02001170,Salford 014,,865
E02001171,Salford 015,,866
E02001173,Salford 017,,867
E02001174,Salford 018,,868
E02001175,Salford 019,,869
E02001176,Salford 020,,870
E02001177,Salford 021,,871
E02001179,Salford 023,,872
E02001180,Salford 024,,873
E02001181,Salford 025,,874
E02001182,Salford 026,,875
E02001183,Salford 027,,876
E02001185,Salford 029,,877
E02001186,Salford 030,,878
E02001187,Stockport 001,,879
E02001188,Stockport 002,,880
E02001189,Stockport 003,,881
E02001190,Stockport 004,,882
E02001191,Stockport 005,,883
E02001192,Stockport 006,,884
E02001053,Manchester 009,,885
E02001193,Stockport 007,,886
E02000953,Wandsworth 031,,887
E02001055,Manchester 011,,888
E02001194,Stockport 008,,889
E02000954,Wandsworth 032,,890
E02001056,Manchester 012,,891
E02000902,Waltham Forest 008,,892
E02001195,Stockport 009,,893
E02000955,Wandsworth 033,,894
E02001059,Manchester 015,,895
E02000903,Waltham Forest 009,,896
E02001196,Stockport 010,,897
E02000956,Wandsworth 034,,898
E02001061,Manchester 017,,899
E02000904,Waltham Forest 010,,900
E02001197,Stockport 011,,901
E02000957,Wandsworth 035,,902
E02001062,Manchester 018,,903
E02000905,Waltham Forest 011,,904
E02001198,Stockport 012,,905
E02000958,Wandsworth 036,,906
E02001063,Manchester 019,,907
E02000906,Waltham Forest 012,,908
E02001199,Stockport 013,,909
E02000959,Wandsworth 037,,910
E02001064,Manchester 020,,911
E02000907,Waltham Forest 013,,912
E02001200,Stockport 014,,913
E02000960,Westminster 001,,914
E02001065,Manchester 021,,915
E02000908,Waltham Forest 014,,916
E02001201,Stockport 015,,917
E02000961,Westminster 002,,918
E02001066,Manchester 022,,919
E02000909,Waltham Forest 015,,920
E02001202,Stockport 016,,921
E02000962,Westminster 003,,922
E02001067,Manchester 023,,923
E02000910,Waltham Forest 016,,924
E02001203,Stockport 017,,925
E02000963,Westminster 004,,926
E02001068,Manchester 024,,927
E02000911,Waltham Forest 017,,928
E02001204,Stockport 018,,929
E02000964,Westminster 005,,930
E02001069,Manchester 025,,931
E02000912,Waltham Forest 018,,932
E02001205,Stockport 019,,933
E02000965,Westminster 006,,934
E02001070,Manchester 026,,935
E02000913,Waltham Forest 019,,936
E02001206,Stockport 020,,937
E02000966,Westminster 007,,938
E02001072,Manchester 028,,939
E02000914,Waltham Forest 020,,940
E02001207,Stockport 021,,941
E02000967,Westminster 008,,942
E02001073,Manchester 029,,943
E02001074,Manchester 030,,944
E02001075,Manchester 031,,945
E02001076,Manchester 032,,946
E02001077,Manchester 033,,947
E02001078,Manchester 034,,948
E02001079,Manchester 035,,949
E02001080,Manchester 036,,950
E02001081,Manchester 037,,951
E02001082,Manchester 038,,952
E02001083,Manchester 039,,953
E02001084,Manchester 040,,954
E02001085,Manchester 041,,955
E02001086,Manchester 042,,956
E02001087,Manchester 043,,957
E02001088,Manchester 044,,958
E02001089,Manchester 045,,959
E02001090,Manchester 046,,960
E02001091,Manchester 047,,961
E02001092,Manchester 048,,962
E02001093,Manchester 049,,963
E02001094,Manchester 050,,964
E02001095,Manchester 051,,965
E02001096,Manchester 052,,966
E02001097,Manchester 053,,967
E02001098,Oldham 001,,968
E02001099,Oldham 002,,969
E02001100,Oldham 003,,970
E02001101,Oldham 004,,971
E02001102,Oldham 005,,972
E02001103,Oldham 006,,973
E02001104,Oldham 007,,974
E02001105,Oldham 008,,975
E02001106,Oldham 009,,976
E02001212,Stockport 026,,977
E02000968,Westminster 009,,978
E02000969,Westminster 010,,979
E02000970,Westminster 011,,980
E02000971,Westminster 012,,981
E02000972,Westminster 013,,982
E02000973,Westminster 014,,983
E02000974,Westminster 015,,984
E02000975,Westminster 016,,985
E02000976,Westminster 017,,986
E02000977,Westminster 018,,987
E02000978,Westminster 019,,988
E02000979,Westminster 020,,989
E02000980,Westminster 021,,990
E02000981,Westminster 022,,991
E02000982,Westminster 023,,992
E02000983,Westminster 024,,993
E02000984,Bolton 001,,994
E02000985,Bolton 002,,995
E02000986,Bolton 003,,996
E02000987,Bolton 004,,997
E02000988,Bolton 005,,998
E02000989,Bolton 006,,999
E02000990,Bolton 007,,1000
E02000991,Bolton 008,,1001
E02000992,Bolton 009,,1002
E02001213,Stockport 027,,1003
E02000993,Bolton 010,,1004
E02001214,Stockport 028,,1005
E02000994,Bolton 011,,1006
E02001208,Stockport 022,,1007
E02000915,Waltham Forest 021,,1008
E02001215,Stockport 029,,1009
E02000995,Bolton 012,,1010
E02001209,Stockport 023,,1011
E02000916,Waltham Forest 022,,1012
E02001216,Stockport 030,,1013
E02000996,Bolton 013,,1014
E02001210,Stockport 024,,1015
E02000917,Waltham Forest 023,,1016
E02001217,Stockport 031,,1017
E02000997,Bolton 014,,1018
E02001211,Stockport 025,,1019
E02000918,Waltham Forest 024,,1020
E02001218,Stockport 032,,1021
E02000998,Bolton 015,,1022
E02000919,Waltham Forest 025,,1023
E02001219,Stockport 033,,1024
E02000999,Bolton 016,,1025
E02000920,Waltham Forest 026,,1026
E02001220,Stockport 034,,1027
E02001000,Bolton 017,,1028
E02000921,Waltham Forest 027,,1029
E02001221,Stockport 035,,1030
E02001001,Bolton 018,,1031
E02000922,Waltham Forest 028,,1032
E02001222,Stockport 036,,1033
E02000923,Wandsworth 001,,1034
E02001223,Stockport 037,,1035
E02000925,Wandsworth 003,,1036
E02001224,Stockport 038,,1037
E02000926,Wandsworth 004,,1038
E02001225,Stockport 039,,1039
E02000927,Wandsworth 005,,1040
E02001226,Stockport 040,,1041
E02000928,Wandsworth 006,,1042
E02001227,Stockport 041,,1043
E02000929,Wandsworth 007,,1044
E02001228,Stockport 042,,1045
E02001229,Tameside 001,,1046
E02001230,Tameside 002,,1047
E02001231,Tameside 003,,1048
E02001232,Tameside 004,,1049
E02001233,Tameside 005,,1050
E02001234,Tameside 006,,1051
E02001235,Tameside 007,,1052
E02001236,Tameside 008,,1053
E02001237,Tameside 009,,1054
E02001238,Tameside 010,,1055
E02001239,Tameside 011,,1056
E02001240,Tameside 012,,1057
E02001241,Tameside 013,,1058
E02001242,Tameside 014,,1059
E02001243,Tameside 015,,1060
E02001244,Tameside 016,,1061
E02001245,Tameside 017,,1062
E02001246,Tameside 018,,1063
E02001247,Tameside 019,,1064
E02001248,Tameside 020,,1065
E02001249,Tameside 021,,1066
E02001250,Tameside 022,,1067
E02001251,Tameside 023,,1068
E02001252,Tameside 024,,1069
E02001253,Tameside 025,,1070
E02001254,Tameside 026,,1071
E02001255,Tameside 027,,1072
E02001256,Tameside 028,,1073
E02001257,Tameside 029,,1074
E02001258,Tameside 030,,1075
E02001259,Trafford 001,,1076
E02001260,Trafford 002,,1077
E02001261,Trafford 003,,1078
E02000930,Wandsworth 008,,1079
E02000931,Wandsworth 009,,1080
E02000932,Wandsworth 010,,1081
E02000933,Wandsworth 011,,1082
E02000934,Wandsworth 012,,1083
E02000935,Wandsworth 013,,1084
E02000936,Wandsworth 014,,1085
E02000937,Wandsworth 015,,1086
E02000938,Wandsworth 016,,1087
E02000939,Wandsworth 017,,1088
E02000940,Wandsworth 018,,1089
E02000941,Wandsworth 019,,1090
E02000942,Wandsworth 020,,1091
E02000943,Wandsworth 021,,1092
E02000944,Wandsworth 022,,1093
E02000945,Wandsworth 023,,1094
E02000946,Wandsworth 024,,1095
E02000947,Wandsworth 025,,1096
E02000948,Wandsworth 026,,1097
E02000949,Wandsworth 027,,1098
E02000950,Wandsworth 028,,1099
E02000951,Wandsworth 029,,1100
E02001107,Oldham 010,,1101
E02001108,Oldham 011,,1102
E02001109,Oldham 012,,1103
E02001110,Oldham 013,,1104
E02001111,Oldham 014,,1105
E02001112,Oldham 015,,1106
E02001113,Oldham 016,,1107
E02001114,Oldham 017,,1108
E02001115,Oldham 018,,1109
E02001116,Oldham 019,,1110
E02001117,Oldham 020,,1111
E02001118,Oldham 021,,1112
E02001119,Oldham 022,,1113
E02001121,Oldham 024,,1114
E02001123,Oldham 026,,1115
E02001124,Oldham 027,,1116
E02001125,Oldham 028,,1117
E02001126,Oldham 029,,1118
E02001127,Oldham 030,,1119
E02001128,Oldham 031,,1120
E02001129,Oldham 032,,1121
E02001130,Oldham 033,,1122
E02001131,Oldham 034,,1123
E02001132,Rochdale 001,,1124
E02001133,Rochdale 002,,1125
E02001134,Rochdale 003,,1126
E02001135,Rochdale 004,,1127
E02001136,Rochdale 005,,1128
E02001137,Rochdale 006,,1129
E02001138,Rochdale 007,,1130
E02001139,Rochdale 008,,1131
E02001140,Rochdale 009,,1132
E02001141,Rochdale 010,,1133
E02001142,Rochdale 011,,1134
E02001143,Rochdale 012,,1135
E02001144,Rochdale 013,,1136
E02001145,Rochdale 014,,1137
E02001146,Rochdale 015,,1138
E02001147,Rochdale 016,,1139
E02001148,Rochdale 017,,1140
E02001149,Rochdale 018,,1141
E02001150,Rochdale 019,,1142
E02001151,Rochdale 020,,1143
E02001152,Rochdale 021,,1144
E02001153,Rochdale 022,,1145
E02001154,Rochdale 023,,1146
E02001155,Rochdale 024,,1147
E02001156,Rochdale 025,,1148
E02001157,Salford 001,,1149
E02001158,Salford 002,,1150
E02001002,Bolton 019,,1151
E02001003,Bolton 020,,1152
E02001004,Bolton 021,,1153
E02001005,Bolton 022,,1154
E02001006,Bolton 023,,1155
E02001007,Bolton 024,,1156
E02001008,Bolton 025,,1157
E02001009,Bolton 026,,1158
E02001010,Bolton 027,,1159
E02001011,Bolton 028,,1160
E02001012,Bolton 029,,1161
E02001013,Bolton 030,,1162
E02001014,Bolton 031,,1163
E02001015,Bolton 032,,1164
E02001016,Bolton 033,,1165
E02001017,Bolton 034,,1166
E02001018,Bolton 035,,1167
E02001019,Bury 001,,1168
E02001020,Bury 002,,1169
E02001021,Bury 003,,1170
E02001022,Bury 004,,1171
E02001023,Bury 005,,1172
E02001024,Bury 006,,1173
E02001025,Bury 007,,1174
E02001026,Bury 008,,1175
E02001027,Bury 009,,1176
E02001028,Bury 010,,1177
E02001029,Bury 011,,1178
E02001030,Bury 012,,1179
E02001031,Bury 013,,1180
E02001032,Bury 014,,1181
E02001033,Bury 015,,1182
E02001034,Bury 016,,1183
E02001035,Bury 017,,1184
E02001036,Bury 018,,1185
E02001037,Bury 019,,1186
E02001038,Bury 020,,1187
E02001039,Bury 021,,1188
E02001040,Bury 022,,1189
E02001041,Bury 023,,1190
E02001042,Bury 024,,1191
E02001043,Bury 025,,1192
E02001044,Bury 026,,1193
E02001045,Manchester 001,,1194
E02001046,Manchester 002,,1195
E02001047,Manchester 003,,1196
E02001048,Manchester 004,,1197
E02001049,Manchester 005,,1198
E02001050,Manchester 006,,1199
E02001051,Manchester 007,,1200
E02001262,Trafford 004,,1201
E02001263,Trafford 005,,1202
E02001264,Trafford 006,,1203
E02001265,Trafford 007,,1204
E02001266,Trafford 008,,1205
E02001267,Trafford 009,,1206
E02001268,Trafford 010,,1207
E02001269,Trafford 011,,1208
E02001270,Trafford 012,,1209
E02001271,Trafford 013,,1210
E02001272,Trafford 014,,1211
E02001273,Trafford 015,,1212
E02001274,Trafford 016,,1213
E02001275,Trafford 017,,1214
E02001276,Trafford 018,,1215
E02001277,Trafford 019,,1216
E02001278,Trafford 020,,1217
E02001279,Trafford 021,,1218
E02001280,Trafford 022,,1219
E02001281,Trafford 023,,1220
E02001282,Trafford 024,,1221
E02001283,Trafford 025,,1222
E02001284,Trafford 026,,1223
E02001285,Trafford 027,,1224
E02001286,Trafford 028,,1225
E02001287,Wigan 001,,1226
E02001288,Wigan 002,,1227
E02001289,Wigan 003,,1228
E02001290,Wigan 004,,1229
E02001291,Wigan 005,,1230
E02001292,Wigan 006,,1231
E02001293,Wigan 007,,1232
E02001294,Wigan 008,,1233
E02001295,Wigan 009,,1234
E02001296,Wigan 010,,1235
E02001297,Wigan 011,,1236
E02001298,Wigan 012,,1237
E02001299,Wigan 013,,1238
E02001300,Wigan 014,,1239
E02001301,Wigan 015,,1240
E02001302,Wigan 016,,1241
E02001303,Wigan 017,,1242
E02001304,Wigan 018,,1243
E02001305,Wigan 019,,1244
E02001306,Wigan 020,,1245
E02001307,Wigan 021,,1246
E02001308,Wigan 022,,1247
E02001309,Wigan 023,,1248
E02001310,Wigan 024,,1249
E02001311,Wigan 025,,1250
E02001514,Barnsley 006,,1251
E02001515,Barnsley 007,,1252
E02001516,Barnsley 008,,1253
E02001517,Barnsley 009,,1254
E02001518,Barnsley 010,,1255
E02001519,Barnsley 011,,1256
E02001520,Barnsley 012,,1257
E02001521,Barnsley 013,,1258
E02001522,Barnsley 014,,1259
E02001523,Barnsley 015,,1260
E02001524,Barnsley 016,,1261
E02001525,Barnsley 017,,1262
E02001526,Barnsley 018,,1263
E02001564,Doncaster 026,,1264
E02001527,Barnsley 019,,1265
E02001528,Barnsley 020,,1266
E02001529,Barnsley 021,,1267
E02001530,Barnsley 022,,1268
E02001531,Barnsley 023,,1269
E02001532,Barnsley 024,,1270
E02001533,Barnsley 025,,1271
E02001534,Barnsley 026,,1272
E02001535,Barnsley 027,,1273
E02001536,Barnsley 028,,1274
E02001537,Barnsley 029,,1275
E02001538,Barnsley 030,,1276
E02001539,Doncaster 001,,1277
E02001540,Doncaster 002,,1278
E02001541,Doncaster 003,,1279
E02001542,Doncaster 004,,1280
E02001543,Doncaster 005,,1281
E02001544,Doncaster 006,,1282
E02001545,Doncaster 007,,1283
E02001546,Doncaster 008,,1284
E02001547,Doncaster 009,,1285
E02001548,Doncaster 010,,1286
E02001549,Doncaster 011,,1287
E02001550,Doncaster 012,,1288
E02001551,Doncaster 013,,1289
E02001552,Doncaster 014,,1290
E02001553,Doncaster 015,,1291
E02001554,Doncaster 016,,1292
E02001555,Doncaster 017,,1293
E02001556,Doncaster 018,,1294
E02001557,Doncaster 019,,1295
E02001558,Doncaster 020,,1296
E02001559,Doncaster 021,,1297
E02001560,Doncaster 022,,1298
E02001561,Doncaster 023,,1299
E02001562,Doncaster 024,,1300
E02001563,Doncaster 025,,1301
E02001312,Wigan 026,,1302
E02001313,Wigan 027,,1303
E02001314,Wigan 028,,1304
E02001315,Wigan 029,,1305
E02001316,Wigan 030,,1306
E02001317,Wigan 031,,1307
E02001318,Wigan 032,,1308
E02001319,Wigan 033,,1309
E02001320,Wigan 034,,1310
E02001321,Wigan 035,,1311
E02001322,Wigan 036,,1312
E02001323,Wigan 037,,1313
E02001324,Wigan 038,,1314
E02001325,Wigan 039,,1315
E02001326,Wigan 040,,1316
E02001327,Knowsley 001,,1317
E02001328,Knowsley 002,,1318
E02001329,Knowsley 003,,1319
E02001330,Knowsley 004,,1320
E02001331,Knowsley 005,,1321
E02001332,Knowsley 006,,1322
E02001333,Knowsley 007,,1323
E02001334,Knowsley 008,,1324
E02001335,Knowsley 009,,1325
E02001336,Knowsley 010,,1326
E02001337,Knowsley 011,,1327
E02001338,Knowsley 012,,1328
E02001339,Knowsley 013,,1329
E02001340,Knowsley 014,,1330
E02001341,Knowsley 015,,1331
E02001342,Knowsley 016,,1332
E02001343,Knowsley 017,,1333
E02001344,Knowsley 018,,1334
E02001345,Knowsley 019,,1335
E02001346,Knowsley 020,,1336
E02001347,Liverpool 001,,1337
E02001348,Liverpool 002,,1338
E02001349,Liverpool 003,,1339
E02001350,Liverpool 004,,1340
E02001351,Liverpool 005,,1341
E02001352,Liverpool 006,,1342
E02001353,Liverpool 007,,1343
E02001354,Liverpool 008,,1344
E02001355,Liverpool 009,,1345
E02001356,Liverpool 010,,1346
E02001357,Liverpool 011,,1347
E02001358,Liverpool 012,,1348
E02001359,Liverpool 013,,1349
E02001360,Liverpool 014,,1350
E02001361,Liverpool 015,,1351
E02001565,Doncaster 027,,1352
E02001566,Doncaster 028,,1353
E02001567,Doncaster 029,,1354
E02001568,Doncaster 030,,1355
E02001569,Doncaster 031,,1356
E02001570,Doncaster 032,,1357
E02001571,Doncaster 033,,1358
E02001572,Doncaster 034,,1359
E02001573,Doncaster 035,,1360
E02001574,Doncaster 036,,1361
E02001575,Doncaster 037,,1362
E02001576,Doncaster 038,,1363
E02001577,Doncaster 039,,1364
E02001578,Rotherham 001,,1365
E02001579,Rotherham 002,,1366
E02001580,Rotherham 003,,1367
E02001581,Rotherham 004,,1368
E02001582,Rotherham 005,,1369
E02001583,Rotherham 006,,1370
E02001362,Liverpool 016,,1371
E02001413,St. Helens 008,,1372
E02001584,Rotherham 007,,1373
E02001585,Rotherham 008,,1374
E02001586,Rotherham 009,,1375
E02001587,Rotherham 010,,1376
E02001588,Rotherham 011,,1377
E02001589,Rotherham 012,,1378
E02001590,Rotherham 013,,1379
E02001591,Rotherham 014,,1380
E02001592,Rotherham 015,,1381
E02001593,Rotherham 016,,1382
E02001594,Rotherham 017,,1383
E02001595,Rotherham 018,,1384
E02001596,Rotherham 019,,1385
E02001597,Rotherham 020,,1386
E02001598,Rotherham 021,,1387
E02001600,Rotherham 023,,1388
E02001602,Rotherham 025,,1389
E02001603,Rotherham 026,,1390
E02001604,Rotherham 027,,1391
E02001605,Rotherham 028,,1392
E02001606,Rotherham 029,,1393
E02001607,Rotherham 030,,1394
E02001608,Rotherham 031,,1395
E02001609,Rotherham 032,,1396
E02001610,Rotherham 033,,1397
E02001611,Sheffield 001,,1398
E02001612,Sheffield 002,,1399
E02001613,Sheffield 003,,1400
E02001614,Sheffield 004,,1401
E02001615,Sheffield 005,,1402
E02001616,Sheffield 006,,1403
E02001617,Sheffield 007,,1404
E02001618,Sheffield 008,,1405
E02001619,Sheffield 009,,1406
E02001620,Sheffield 010,,1407
E02001621,Sheffield 011,,1408
E02001622,Sheffield 012,,1409
E02001623,Sheffield 013,,1410
E02001624,Sheffield 014,,1411
E02001625,Sheffield 015,,1412
E02001626,Sheffield 016,,1413
E02001627,Sheffield 017,,1414
E02001628,Sheffield 018,,1415
E02001629,Sheffield 019,,1416
E02001630,Sheffield 020,,1417
E02001631,Sheffield 021,,1418
E02001632,Sheffield 022,,1419
E02001633,Sheffield 023,,1420
E02001634,Sheffield 024,,1421
E02001635,Sheffield 025,,1422
E02001636,Sheffield 026,,1423
E02001637,Sheffield 027,,1424
E02001363,Liverpool 017,,1425
E02001414,St. Helens 009,,1426
E02001638,Sheffield 028,,1427
E02001364,Liverpool 018,,1428
E02001415,St. Helens 010,,1429
E02001639,Sheffield 029,,1430
E02001365,Liverpool 019,,1431
E02001416,St. Helens 011,,1432
E02001640,Sheffield 030,,1433
E02001366,Liverpool 020,,1434
E02001417,St. Helens 012,,1435
E02001642,Sheffield 032,,1436
E02001367,Liverpool 021,,1437
E02001418,St. Helens 013,,1438
E02001643,Sheffield 033,,1439
E02001368,Liverpool 022,,1440
E02001419,St. Helens 014,,1441
E02001646,Sheffield 036,,1442
E02001369,Liverpool 023,,1443
E02001420,St. Helens 015,,1444
E02001647,Sheffield 037,,1445
E02001370,Liverpool 024,,1446
E02001421,St. Helens 016,,1447
E02001648,Sheffield 038,,1448
E02001371,Liverpool 025,,1449
E02001422,St. Helens 017,,1450
E02001649,Sheffield 039,,1451
E02001372,Liverpool 026,,1452
E02001423,St. Helens 018,,1453
E02001650,Sheffield 040,,1454
E02001373,Liverpool 027,,1455
E02001425,St. Helens 020,,1456
E02001651,Sheffield 041,,1457
E02001374,Liverpool 028,,1458
E02001426,St. Helens 021,,1459
E02001652,Sheffield 042,,1460
E02001375,Liverpool 029,,1461
E02001427,St. Helens 022,,1462
E02001653,Sheffield 043,,1463
E02001376,Liverpool 030,,1464
E02001428,St. Helens 023,,1465
E02001654,Sheffield 044,,1466
E02001377,Liverpool 031,,1467
E02001429,Sefton 001,,1468
E02001655,Sheffield 045,,1469
E02001378,Liverpool 032,,1470
E02001430,Sefton 002,,1471
E02001656,Sheffield 046,,1472
E02001380,Liverpool 034,,1473
E02001431,Sefton 003,,1474
E02001657,Sheffield 047,,1475
E02001381,Liverpool 035,,1476
E02001432,Sefton 004,,1477
E02001433,Sefton 005,,1478
E02001434,Sefton 006,,1479
E02001435,Sefton 007,,1480
E02001436,Sefton 008,,1481
E02001437,Sefton 009,,1482
E02001438,Sefton 010,,1483
E02001439,Sefton 011,,1484
E02001440,Sefton 012,,1485
E02001441,Sefton 013,,1486
E02001442,Sefton 014,,1487
E02001443,Sefton 015,,1488
E02001444,Sefton 016,,1489
E02001445,Sefton 017,,1490
E02001446,Sefton 018,,1491
E02001447,Sefton 019,,1492
E02001448,Sefton 020,,1493
E02001449,Sefton 021,,1494
E02001450,Sefton 022,,1495
E02001451,Sefton 023,,1496
E02001452,Sefton 024,,1497
E02001453,Sefton 025,,1498
E02001454,Sefton 026,,1499
E02001455,Sefton 027,,1500
E02001456,Sefton 028,,1501
E02001457,Sefton 029,,1502
E02001458,Sefton 030,,1503
E02001459,Sefton 031,,1504
E02001460,Sefton 032,,1505
E02001461,Sefton 033,,1506
E02001462,Sefton 034,,1507
E02001463,Sefton 035,,1508
E02001382,Liverpool 036,,1509
E02001383,Liverpool 037,,1510
E02001384,Liverpool 038,,1511
E02001385,Liverpool 039,,1512
E02001386,Liverpool 040,,1513
E02001387,Liverpool 041,,1514
E02001388,Liverpool 042,,1515
E02001389,Liverpool 043,,1516
E02001390,Liverpool 044,,1517
E02001391,Liverpool 045,,1518
E02001392,Liverpool 046,,1519
E02001393,Liverpool 047,,1520
E02001394,Liverpool 048,,1521
E02001395,Liverpool 049,,1522
E02001396,Liverpool 050,,1523
E02001397,Liverpool 051,,1524
E02001398,Liverpool 052,,1525
E02001399,Liverpool 053,,1526
E02001400,Liverpool 054,,1527
E02001401,Liverpool 055,,1528
E02001402,Liverpool 056,,1529
E02001403,Liverpool 057,,1530
E02001404,Liverpool 058,,1531
E02001405,Liverpool 059,,1532
E02001406,St. Helens 001,,1533
E02001407,St. Helens 002,,1534
E02001408,St. Helens 003,,1535
E02001409,St. Helens 004,,1536
E02001410,St. Helens 005,,1537
E02001411,St. Helens 006,,1538
E02001412,St. Helens 007,,1539
E02001658,Sheffield 048,,1540
E02001659,Sheffield 049,,1541
E02001660,Sheffield 050,,1542
E02001661,Sheffield 051,,1543
E02001662,Sheffield 052,,1544
E02001663,Sheffield 053,,1545
E02001664,Sheffield 054,,1546
E02001665,Sheffield 055,,1547
E02001666,Sheffield 056,,1548
E02001669,Sheffield 059,,1549
E02001670,Sheffield 060,,1550
E02001464,Sefton 036,,1551
E02001465,Sefton 037,,1552
E02001466,Sefton 038,,1553
E02001467,Wirral 001,,1554
E02001468,Wirral 002,,1555
E02001469,Wirral 003,,1556
E02001470,Wirral 004,,1557
E02001471,Wirral 005,,1558
E02001472,Wirral 006,,1559
E02001473,Wirral 007,,1560
E02001474,Wirral 008,,1561
E02001475,Wirral 009,,1562
E02001476,Wirral 010,,1563
E02001477,Wirral 011,,1564
E02001478,Wirral 012,,1565
E02001479,Wirral 013,,1566
E02001480,Wirral 014,,1567
E02001481,Wirral 015,,1568
E02001482,Wirral 016,,1569
E02001483,Wirral 017,,1570
E02001484,Wirral 018,,1571
E02001485,Wirral 019,,1572
E02001486,Wirral 020,,1573
E02001487,Wirral 021,,1574
E02001488,Wirral 022,,1575
E02001489,Wirral 023,,1576
E02001490,Wirral 024,,1577
E02001491,Wirral 025,,1578
E02001492,Wirral 026,,1579
E02001493,Wirral 027,,1580
E02001494,Wirral 028,,1581
E02001495,Wirral 029,,1582
E02001496,Wirral 030,,1583
E02001497,Wirral 031,,1584
E02001498,Wirral 032,,1585
E02001499,Wirral 033,,1586
E02001500,Wirral 034,,1587
E02001501,Wirral 035,,1588
E02001502,Wirral 036,,1589
E02001503,Wirral 037,,1590
E02001504,Wirral 038,,1591
E02001505,Wirral 039,,1592
E02001506,Wirral 040,,1593
E02001507,Wirral 041,,1594
E02001508,Wirral 042,,1595
E02001509,Barnsley 001,,1596
E02001510,Barnsley 002,,1597
E02001511,Barnsley 003,,1598
E02001512,Barnsley 004,,1599
E02001513,Barnsley 005,,1600
E02001671,Sheffield 061,,1601
E02001672,Sheffield 062,,1602
E02001673,Sheffield 063,,1603
E02001674,Sheffield 064,,1604
E02001675,Sheffield 065,,1605
E02001676,Sheffield 066,,1606
E02001678,Sheffield 068,,1607
E02001679,Sheffield 069,,1608
E02001680,Sheffield 070,,1609
E02001681,Sheffield 071,,1610
E02001682,Gateshead 001,,1611
E02001683,Gateshead 002,,1612
E02001684,Gateshead 003,,1613
E02001685,Gateshead 004,,1614
E02001686,Gateshead 005,,1615
E02001688,Gateshead 007,,1616
E02001689,Gateshead 008,,1617
E02001690,Gateshead 009,,1618
E02001691,Gateshead 010,,1619
E02001692,Gateshead 011,,1620
E02001693,Gateshead 012,,1621
E02001694,Gateshead 013,,1622
E02001695,Gateshead 014,,1623
E02001696,Gateshead 015,,1624
E02001697,Gateshead 016,,1625
E02001698,Gateshead 017,,1626
E02001699,Gateshead 018,,1627
E02001700,Gateshead 019,,1628
E02001701,Gateshead 020,,1629
E02001702,Gateshead 021,,1630
E02001703,Gateshead 022,,1631
E02001704,Gateshead 023,,1632
E02001706,Gateshead 025,,1633
E02001707,Gateshead 026,,1634
E02001709,Newcastle upon Tyne 002,,1635
E02001710,Newcastle upon Tyne 003,,1636
E02001711,Newcastle upon Tyne 004,,1637
E02001712,Newcastle upon Tyne 005,,1638
E02001713,Newcastle upon Tyne 006,,1639
E02001714,Newcastle upon Tyne 007,,1640
E02001715,Newcastle upon Tyne 008,,1641
E02001718,Newcastle upon Tyne 011,,1642
E02001719,Newcastle upon Tyne 012,,1643
E02001720,Newcastle upon Tyne 013,,1644
E02001721,Newcastle upon Tyne 014,,1645
E02001722,Newcastle upon Tyne 015,,1646
E02001723,Newcastle upon Tyne 016,,1647
E02001724,Newcastle upon Tyne 017,,1648
E02001725,Newcastle upon Tyne 018,,1649
E02001726,Newcastle upon Tyne 019,,1650
E02001727,Newcastle upon Tyne 020,,1651
E02001728,Newcastle upon Tyne 021,,1652
E02001729,Newcastle upon Tyne 022,,1653
E02001732,Newcastle upon Tyne 025,,1654
E02001734,Newcastle upon Tyne 027,,1655
E02001735,Newcastle upon Tyne 028,,1656
E02001737,Newcastle upon Tyne 030,,1657
E02001738,North Tyneside 001,,1658
E02001739,North Tyneside 002,,1659
E02001740,North Tyneside 003,,1660
E02001741,North Tyneside 004,,1661
E02001742,North Tyneside 005,,1662
E02001743,North Tyneside 006,,1663
E02001744,North Tyneside 007,,1664
E02001745,North Tyneside 008,,1665
E02001746,North Tyneside 009,,1666
E02001747,North Tyneside 010,,1667
E02001748,North Tyneside 011,,1668
E02001749,North Tyneside 012,,1669
E02001750,North Tyneside 013,,1670
E02001751,North Tyneside 014,,1671
E02001752,North Tyneside 015,,1672
E02001753,North Tyneside 016,,1673
E02001754,North Tyneside 017,,1674
E02001755,North Tyneside 018,,1675
E02001756,North Tyneside 019,,1676
E02001757,North Tyneside 020,,1677
E02001758,North Tyneside 021,,1678
E02001759,North Tyneside 022,,1679
E02001760,North Tyneside 023,,1680
E02001761,North Tyneside 024,,1681
E02001762,North Tyneside 025,,1682
E02001763,North Tyneside 026,,1683
E02001764,North Tyneside 027,,1684
E02001765,North Tyneside 028,,1685
E02001766,North Tyneside 029,,1686
E02001767,North Tyneside 030,,1687
E02001768,South Tyneside 001,,1688
E02001769,South Tyneside 002,,1689
E02001770,South Tyneside 003,,1690
E02001771,South Tyneside 004,,1691
E02001772,South Tyneside 005,,1692
E02001773,South Tyneside 006,,1693
E02001774,South Tyneside 007,,1694
E02001775,South Tyneside 008,,1695
E02001776,South Tyneside 009,,1696
E02001777,South Tyneside 010,,1697
E02001778,South Tyneside 011,,1698
E02001779,South Tyneside 012,,1699
E02001780,South Tyneside 013,,1700
E02001831,Birmingham 005,,1701
E02001941,Birmingham 115,,1702
E02001992,Coventry 035,,1703
E02001832,Birmingham 006,,1704
E02001833,Birmingham 007,,1705
E02001834,Birmingham 008,,1706
E02001835,Birmingham 009,,1707
E02001836,Birmingham 010,,1708
E02001837,Birmingham 011,,1709
E02001838,Birmingham 012,,1710
E02001839,Birmingham 013,,1711
E02001840,Birmingham 014,,1712
E02001841,Birmingham 015,,1713
E02001842,Birmingham 016,,1714
E02001843,Birmingham 017,,1715
E02001844,Birmingham 018,,1716
E02001845,Birmingham 019,,1717
E02001846,Birmingham 020,,1718
E02001847,Birmingham 021,,1719
E02001848,Birmingham 022,,1720
E02001849,Birmingham 023,,1721
E02001850,Birmingham 024,,1722
E02001851,Birmingham 025,,1723
E02001852,Birmingham 026,,1724
E02001855,Birmingham 029,,1725
E02001856,Birmingham 030,,1726
E02001857,Birmingham 031,,1727
E02001858,Birmingham 032,,1728
E02001859,Birmingham 033,,1729
E02001860,Birmingham 034,,1730
E02001861,Birmingham 035,,1731
E02001862,Birmingham 036,,1732
E02001863,Birmingham 037,,1733
E02001865,Birmingham 039,,1734
E02001866,Birmingham 040,,1735
E02001867,Birmingham 041,,1736
E02001868,Birmingham 042,,1737
E02001869,Birmingham 043,,1738
E02001870,Birmingham 044,,1739
E02001871,Birmingham 045,,1740
E02001872,Birmingham 046,,1741
E02001873,Birmingham 047,,1742
E02001874,Birmingham 048,,1743
E02001875,Birmingham 049,,1744
E02001876,Birmingham 050,,1745
E02001877,Birmingham 051,,1746
E02001878,Birmingham 052,,1747
E02001879,Birmingham 053,,1748
E02001880,Birmingham 054,,1749
E02001881,Birmingham 055,,1750
E02001882,Birmingham 056,,1751
E02001883,Birmingham 057,,1752
E02001884,Birmingham 058,,1753
E02001886,Birmingham 060,,1754
E02001888,Birmingham 062,,1755
E02001889,Birmingham 063,,1756
E02001890,Birmingham 064,,1757
E02001892,Birmingham 066,,1758
E02001893,Birmingham 067,,1759
E02001895,Birmingham 069,,1760
E02001896,Birmingham 070,,1761
E02001897,Birmingham 071,,1762
E02001898,Birmingham 072,,1763
E02001899,Birmingham 073,,1764
E02001900,Birmingham 074,,1765
E02001901,Birmingham 075,,1766
E02001902,Birmingham 076,,1767
E02001903,Birmingham 077,,1768
E02001904,Birmingham 078,,1769
E02001905,Birmingham 079,,1770
E02001906,Birmingham 080,,1771
E02001907,Birmingham 081,,1772
E02001908,Birmingham 082,,1773
E02001909,Birmingham 083,,1774
E02001910,Birmingham 084,,1775
E02001911,Birmingham 085,,1776
E02001913,Birmingham 087,,1777
E02001914,Birmingham 088,,1778
E02001915,Birmingham 089,,1779
E02001916,Birmingham 090,,1780
E02001918,Birmingham 092,,1781
E02001919,Birmingham 093,,1782
E02001920,Birmingham 094,,1783
E02001921,Birmingham 095,,1784
E02001922,Birmingham 096,,1785
E02001923,Birmingham 097,,1786
E02001924,Birmingham 098,,1787
E02001925,Birmingham 099,,1788
E02001926,Birmingham 100,,1789
E02001927,Birmingham 101,,1790
E02001928,Birmingham 102,,1791
E02001929,Birmingham 103,,1792
E02001930,Birmingham 104,,1793
E02001931,Birmingham 105,,1794
E02001932,Birmingham 106,,1795
E02001933,Birmingham 107,,1796
E02001934,Birmingham 108,,1797
E02001935,Birmingham 109,,1798
E02001936,Birmingham 110,,1799
E02001937,Birmingham 111,,1800
E02001938,Birmingham 112,,1801
E02001939,Birmingham 113,,1802
E02001993,Coventry 036,,1803
E02001942,Birmingham 116,,1804
E02001781,South Tyneside 014,,1805
E02001782,South Tyneside 015,,1806
E02001783,South Tyneside 016,,1807
E02001784,South Tyneside 017,,1808
E02001785,South Tyneside 018,,1809
E02001786,South Tyneside 019,,1810
E02001787,South Tyneside 020,,1811
E02001788,South Tyneside 021,,1812
E02001789,South Tyneside 022,,1813
E02001790,South Tyneside 023,,1814
E02001791,Sunderland 001,,1815
E02001792,Sunderland 002,,1816
E02001793,Sunderland 003,,1817
E02001794,Sunderland 004,,1818
E02001795,Sunderland 005,,1819
E02001796,Sunderland 006,,1820
E02001797,Sunderland 007,,1821
E02001798,Sunderland 008,,1822
E02001799,Sunderland 009,,1823
E02001800,Sunderland 010,,1824
E02001801,Sunderland 011,,1825
E02001802,Sunderland 012,,1826
E02001803,Sunderland 013,,1827
E02001804,Sunderland 014,,1828
E02001805,Sunderland 015,,1829
E02001806,Sunderland 016,,1830
E02001807,Sunderland 017,,1831
E02001808,Sunderland 018,,1832
E02001809,Sunderland 019,,1833
E02001810,Sunderland 020,,1834
E02001811,Sunderland 021,,1835
E02001812,Sunderland 022,,1836
E02001813,Sunderland 023,,1837
E02001814,Sunderland 024,,1838
E02001815,Sunderland 025,,1839
E02001816,Sunderland 026,,1840
E02001817,Sunderland 027,,1841
E02001818,Sunderland 028,,1842
E02001819,Sunderland 029,,1843
E02001820,Sunderland 030,,1844
E02001821,Sunderland 031,,1845
E02001822,Sunderland 032,,1846
E02001823,Sunderland 033,,1847
E02001824,Sunderland 034,,1848
E02001825,Sunderland 035,,1849
E02001826,Sunderland 036,,1850
E02001827,Birmingham 001,,1851
E02001828,Birmingham 002,,1852
E02001829,Birmingham 003,,1853
E02001830,Birmingham 004,,1854
E02001943,Birmingham 117,,1855
E02001944,Birmingham 118,,1856
E02001945,Birmingham 119,,1857
E02001946,Birmingham 120,,1858
E02001947,Birmingham 121,,1859
E02001948,Birmingham 122,,1860
E02001949,Birmingham 123,,1861
E02001950,Birmingham 124,,1862
E02001951,Birmingham 125,,1863
E02001952,Birmingham 126,,1864
E02001953,Birmingham 127,,1865
E02001954,Birmingham 128,,1866
E02001955,Birmingham 129,,1867
E02001956,Birmingham 130,,1868
E02001957,Birmingham 131,,1869
E02001958,Coventry 001,,1870
E02001959,Coventry 002,,1871
E02001961,Coventry 004,,1872
E02001962,Coventry 005,,1873
E02001963,Coventry 006,,1874
E02001964,Coventry 007,,1875
E02001965,Coventry 008,,1876
E02001966,Coventry 009,,1877
E02001967,Coventry 010,,1878
E02001968,Coventry 011,,1879
E02001969,Coventry 012,,1880
E02001970,Coventry 013,,1881
E02001971,Coventry 014,,1882
E02001972,Coventry 015,,1883
E02001973,Coventry 016,,1884
E02001974,Coventry 017,,1885
E02001975,Coventry 018,,1886
E02001976,Coventry 019,,1887
E02001977,Coventry 020,,1888
E02001978,Coventry 021,,1889
E02001979,Coventry 022,,1890
E02001980,Coventry 023,,1891
E02001981,Coventry 024,,1892
E02001982,Coventry 025,,1893
E02001983,Coventry 026,,1894
E02001984,Coventry 027,,1895
E02001985,Coventry 028,,1896
E02001986,Coventry 029,,1897
E02001987,Coventry 030,,1898
E02001988,Coventry 031,,1899
E02001989,Coventry 032,,1900
E02001990,Coventry 033,,1901
E02001991,Coventry 034,,1902
E02001994,Coventry 037,,1903
E02001995,Coventry 038,,1904
E02001996,Coventry 039,,1905
E02001997,Coventry 040,,1906
E02001998,Coventry 041,,1907
E02001999,Coventry 042,,1908
E02002000,Dudley 001,,1909
E02002001,Dudley 002,,1910
E02002002,Dudley 003,,1911
E02002003,Dudley 004,,1912
E02002004,Dudley 005,,1913
E02002005,Dudley 006,,1914
E02002006,Dudley 007,,1915
E02002007,Dudley 008,,1916
E02002008,Dudley 009,,1917
E02002009,Dudley 010,,1918
E02002010,Dudley 011,,1919
E02002011,Dudley 012,,1920
E02002012,Dudley 013,,1921
E02002013,Dudley 014,,1922
E02002014,Dudley 015,,1923
E02002015,Dudley 016,,1924
E02002016,Dudley 017,,1925
E02002017,Dudley 018,,1926
E02002018,Dudley 019,,1927
E02002019,Dudley 020,,1928
E02002020,Dudley 021,,1929
E02002021,Dudley 022,,1930
E02002022,Dudley 023,,1931
E02002023,Dudley 024,,1932
E02002024,Dudley 025,,1933
E02002025,Dudley 026,,1934
E02002026,Dudley 027,,1935
E02002027,Dudley 028,,1936
E02002028,Dudley 029,,1937
E02002029,Dudley 030,,1938
E02002030,Dudley 031,,1939
E02002031,Dudley 032,,1940
E02002032,Dudley 033,,1941
E02002033,Dudley 034,,1942
E02002034,Dudley 035,,1943
E02002035,Dudley 036,,1944
E02002036,Dudley 037,,1945
E02002037,Dudley 038,,1946
E02002038,Dudley 039,,1947
E02002039,Dudley 040,,1948
E02002040,Dudley 041,,1949
E02002041,Dudley 042,,1950
E02002042,Dudley 043,,1951
E02002043,Sandwell 001,,1952
E02002044,Sandwell 002,,1953
E02002045,Sandwell 003,,1954
E02002046,Sandwell 004,,1955
E02002047,Sandwell 005,,1956
E02002048,Sandwell 006,,1957
E02002049,Sandwell 007,,1958
E02002051,Sandwell 009,,1959
E02002052,Sandwell 010,,1960
E02002053,Sandwell 011,,1961
E02002054,Sandwell 012,,1962
E02002055,Sandwell 013,,1963
E02002056,Sandwell 014,,1964
E02002057,Sandwell 015,,1965
E02002058,Sandwell 016,,1966
E02002059,Sandwell 017,,1967
E02002060,Sandwell 018,,1968
E02002061,Sandwell 019,,1969
E02002062,Sandwell 020,,1970
E02002063,Sandwell 021,,1971
E02002064,Sandwell 022,,1972
E02002065,Sandwell 023,,1973
E02002066,Sandwell 024,,1974
E02002067,Sandwell 025,,1975
E02002069,Sandwell 027,,1976
E02002070,Sandwell 028,,1977
E02002071,Sandwell 029,,1978
E02002072,Sandwell 030,,1979
E02002073,Sandwell 031,,1980
E02002074,Sandwell 032,,1981
E02002075,Sandwell 033,,1982
E02002076,Sandwell 034,,1983
E02002077,Sandwell 035,,1984
E02002078,Sandwell 036,,1985
E02002079,Sandwell 037,,1986
E02002080,Sandwell 038,,1987
E02002081,Solihull 001,,1988
E02002082,Solihull 002,,1989
E02002083,Solihull 003,,1990
E02002084,Solihull 004,,1991
E02002085,Solihull 005,,1992
E02002086,Solihull 006,,1993
E02002087,Solihull 007,,1994
E02002088,Solihull 008,,1995
E02002089,Solihull 009,,1996
E02002090,Solihull 010,,1997
E02002091,Solihull 011,,1998
E02002092,Solihull 012,,1999
E02002093,Solihull 013,,2000
E02002094,Solihull 014,,2001
E02002095,Solihull 015,,2002
E02002096,Solihull 016,,2003
E02002097,Solihull 017,,2004
E02002098,Solihull 018,,2005
E02002099,Solihull 019,,2006
E02002101,Solihull 021,,2007
E02002102,Solihull 022,,2008
E02002103,Solihull 023,,2009
E02002104,Solihull 024,,2010
E02002105,Solihull 025,,2011
E02002106,Solihull 026,,2012
E02002107,Solihull 027,,2013
E02002108,Solihull 028,,2014
E02002109,Solihull 029,,2015
E02002110,Walsall 001,,2016
E02002111,Walsall 002,,2017
E02002112,Walsall 003,,2018
E02002113,Walsall 004,,2019
E02002114,Walsall 005,,2020
E02002115,Walsall 006,,2021
E02002116,Walsall 007,,2022
E02002117,Walsall 008,,2023
E02002198,Bradford 016,,2024
E02002118,Walsall 009,,2025
E02002119,Walsall 010,,2026
E02002199,Bradford 017,,2027
E02002120,Walsall 011,,2028
E02002200,Bradford 018,,2029
E02002121,Walsall 012,,2030
E02002201,Bradford 019,,2031
E02002403,Leeds 074,,2032
E02002299,Kirklees 029,,2033
E02002122,Walsall 013,,2034
E02002202,Bradford 020,,2035
E02002404,Leeds 075,,2036
E02002454,Wakefield 017,,2037
E02002300,Kirklees 030,,2038
E02002123,Walsall 014,,2039
E02002249,Calderdale 006,,2040
E02002349,Leeds 020,,2041
E02002203,Bradford 021,,2042
E02002405,Leeds 076,,2043
E02002145,Walsall 036,,2044
E02002301,Kirklees 031,,2045
E02002455,Wakefield 018,,2046
E02002124,Walsall 015,,2047
E02002250,Calderdale 007,,2048
E02002350,Leeds 021,,2049
E02002204,Bradford 022,,2050
E02002406,Leeds 077,,2051
E02002302,Kirklees 032,,2052
E02002146,Walsall 037,,2053
E02002456,Wakefield 019,,2054
E02002125,Walsall 016,,2055
E02002251,Calderdale 008,,2056
E02002351,Leeds 022,,2057
E02002205,Bradford 023,,2058
E02002407,Leeds 078,,2059
E02002303,Kirklees 033,,2060
E02002147,Walsall 038,,2061
E02002457,Wakefield 020,,2062
E02002126,Walsall 017,,2063
E02002252,Calderdale 009,,2064
E02002352,Leeds 023,,2065
E02002206,Bradford 024,,2066
E02002408,Leeds 079,,2067
E02002304,Kirklees 034,,2068
E02002148,Walsall 039,,2069
E02002458,Wakefield 021,,2070
E02002127,Walsall 018,,2071
E02002253,Calderdale 010,,2072
E02002353,Leeds 024,,2073
E02002207,Bradford 025,,2074
E02002409,Leeds 080,,2075
E02002305,Kirklees 035,,2076
E02002149,Wolverhampton 001,,2077
E02002459,Wakefield 022,,2078
E02002128,Walsall 019,,2079
E02002254,Calderdale 011,,2080
E02002354,Leeds 025,,2081
E02002208,Bradford 026,,2082
E02002410,Leeds 081,,2083
E02002306,Kirklees 036,,2084
E02002150,Wolverhampton 002,,2085
E02002460,Wakefield 023,,2086
E02002129,Walsall 020,,2087
E02002255,Calderdale 012,,2088
E02002356,Leeds 027,,2089
E02002209,Bradford 027,,2090
E02002411,Leeds 082,,2091
E02002307,Kirklees 037,,2092
E02002151,Wolverhampton 003,,2093
E02002461,Wakefield 024,,2094
E02002130,Walsall 021,,2095
E02002256,Calderdale 013,,2096
E02002357,Leeds 028,,2097
E02002210,Bradford 028,,2098
E02002412,Leeds 083,,2099
E02002308,Kirklees 038,,2100
E02002152,Wolverhampton 004,,2101
E02002462,Wakefield 025,,2102
E02002131,Walsall 022,,2103
E02002257,Calderdale 014,,2104
E02002358,Leeds 029,,2105
E02002211,Bradford 029,,2106
E02002414,Leeds 085,,2107
E02002309,Kirklees 039,,2108
E02002153,Wolverhampton 005,,2109
E02002463,Wakefield 026,,2110
E02002132,Walsall 023,,2111
E02002258,Calderdale 015,,2112
E02002259,Calderdale 016,,2113
E02002260,Calderdale 017,,2114
E02002261,Calderdale 018,,2115
E02002262,Calderdale 019,,2116
E02002263,Calderdale 020,,2117
E02002264,Calderdale 021,,2118
E02002265,Calderdale 022,,2119
E02002266,Calderdale 023,,2120
E02002267,Calderdale 024,,2121
E02002268,Calderdale 025,,2122
E02002269,Calderdale 026,,2123
E02002270,Calderdale 027,,2124
E02002271,Kirklees 001,,2125
E02002272,Kirklees 002,,2126
E02002273,Kirklees 003,,2127
E02002274,Kirklees 004,,2128
E02002275,Kirklees 005,,2129
E02002276,Kirklees 006,,2130
E02002277,Kirklees 007,,2131
E02002278,Kirklees 008,,2132
E02002279,Kirklees 009,,2133
E02002280,Kirklees 010,,2134
E02002281,Kirklees 011,,2135
E02002282,Kirklees 012,,2136
E02002283,Kirklees 013,,2137
E02002284,Kirklees 014,,2138
E02002285,Kirklees 015,,2139
E02002286,Kirklees 016,,2140
E02002287,Kirklees 017,,2141
E02002288,Kirklees 018,,2142
E02002289,Kirklees 019,,2143
E02002290,Kirklees 020,,2144
E02002291,Kirklees 021,,2145
E02002292,Kirklees 022,,2146
E02002293,Kirklees 023,,2147
E02002294,Kirklees 024,,2148
E02002295,Kirklees 025,,2149
E02002296,Kirklees 026,,2150
E02002297,Kirklees 027,,2151
E02002298,Kirklees 028,,2152
E02002133,Walsall 024,,2153
E02002134,Walsall 025,,2154
E02002135,Walsall 026,,2155
E02002136,Walsall 027,,2156
E02002137,Walsall 028,,2157
E02002138,Walsall 029,,2158
E02002139,Walsall 030,,2159
E02002140,Walsall 031,,2160
E02002141,Walsall 032,,2161
E02002142,Walsall 033,,2162
E02002143,Walsall 034,,2163
E02002144,Walsall 035,,2164
E02002464,Wakefield 027,,2165
E02002212,Bradford 030,,2166
E02002465,Wakefield 028,,2167
E02002154,Wolverhampton 006,,2168
E02002359,Leeds 030,,2169
E02002213,Bradford 031,,2170
E02002415,Leeds 086,,2171
E02002310,Kirklees 040,,2172
E02002466,Wakefield 029,,2173
E02002155,Wolverhampton 007,,2174
E02002360,Leeds 031,,2175
E02002214,Bradford 032,,2176
E02002416,Leeds 087,,2177
E02002311,Kirklees 041,,2178
E02002467,Wakefield 030,,2179
E02002156,Wolverhampton 008,,2180
E02002361,Leeds 032,,2181
E02002215,Bradford 033,,2182
E02002417,Leeds 088,,2183
E02002312,Kirklees 042,,2184
E02002468,Wakefield 031,,2185
E02002157,Wolverhampton 009,,2186
E02002362,Leeds 033,,2187
E02002216,Bradford 034,,2188
E02002418,Leeds 089,,2189
E02002313,Kirklees 043,,2190
E02002469,Wakefield 032,,2191
E02002158,Wolverhampton 010,,2192
E02002363,Leeds 034,,2193
E02002217,Bradford 035,,2194
E02002419,Leeds 090,,2195
E02002314,Kirklees 044,,2196
E02002470,Wakefield 033,,2197
E02002159,Wolverhampton 011,,2198
E02002364,Leeds 035,,2199
E02002218,Bradford 036,,2200
E02002420,Leeds 091,,2201
E02002315,Kirklees 045,,2202
E02002471,Wakefield 034,,2203
E02002160,Wolverhampton 012,,2204
E02002366,Leeds 037,,2205
E02002219,Bradford 037,,2206
E02002421,Leeds 092,,2207
E02002316,Kirklees 046,,2208
E02002472,Wakefield 035,,2209
E02002161,Wolverhampton 013,,2210
E02002367,Leeds 038,,2211
E02002220,Bradford 038,,2212
E02002422,Leeds 093,,2213
E02002317,Kirklees 047,,2214
E02002473,Wakefield 036,,2215
E02002162,Wolverhampton 014,,2216
E02002368,Leeds 039,,2217
E02002369,Leeds 040,,2218
E02002370,Leeds 041,,2219
E02002371,Leeds 042,,2220
E02002373,Leeds 044,,2221
E02002374,Leeds 045,,2222
E02002375,Leeds 046,,2223
E02002376,Leeds 047,,2224
E02002377,Leeds 048,,2225
E02002379,Leeds 050,,2226
E02002380,Leeds 051,,2227
E02002381,Leeds 052,,2228
E02002382,Leeds 053,,2229
E02002383,Leeds 054,,2230
E02002384,Leeds 055,,2231
E02002385,Leeds 056,,2232
E02002386,Leeds 057,,2233
E02002387,Leeds 058,,2234
E02002388,Leeds 059,,2235
E02002389,Leeds 060,,2236
E02002390,Leeds 061,,2237
E02002391,Leeds 062,,2238
E02002392,Leeds 063,,2239
E02002393,Leeds 064,,2240
E02002394,Leeds 065,,2241
E02002395,Leeds 066,,2242
E02002396,Leeds 067,,2243
E02002397,Leeds 068,,2244
E02002398,Leeds 069,,2245
E02002399,Leeds 070,,2246
E02002400,Leeds 071,,2247
E02002401,Leeds 072,,2248
E02002402,Leeds 073,,2249
E02002318,Kirklees 048,,2250
E02002319,Kirklees 049,,2251
E02002320,Kirklees 050,,2252
E02002321,Kirklees 051,,2253
E02002322,Kirklees 052,,2254
E02002323,Kirklees 053,,2255
E02002324,Kirklees 054,,2256
E02002325,Kirklees 055,,2257
E02002326,Kirklees 056,,2258
E02002327,Kirklees 057,,2259
E02002328,Kirklees 058,,2260
E02002329,Kirklees 059,,2261
E02002330,Leeds 001,,2262
E02002331,Leeds 002,,2263
E02002332,Leeds 003,,2264
E02002333,Leeds 004,,2265
E02002334,Leeds 005,,2266
E02002335,Leeds 006,,2267
E02002336,Leeds 007,,2268
E02002337,Leeds 008,,2269
E02002338,Leeds 009,,2270
E02002339,Leeds 010,,2271
E02002340,Leeds 011,,2272
E02002341,Leeds 012,,2273
E02002342,Leeds 013,,2274
E02002343,Leeds 014,,2275
E02002474,Wakefield 037,,2276
E02002344,Leeds 015,,2277
E02002163,Wolverhampton 015,,2278
E02002423,Leeds 094,,2279
E02002222,Bradford 040,,2280
E02002475,Wakefield 038,,2281
E02002345,Leeds 016,,2282
E02002164,Wolverhampton 016,,2283
E02002424,Leeds 095,,2284
E02002223,Bradford 041,,2285
E02002476,Wakefield 039,,2286
E02002346,Leeds 017,,2287
E02002165,Wolverhampton 017,,2288
E02002425,Leeds 096,,2289
E02002224,Bradford 042,,2290
E02002477,Wakefield 040,,2291
E02002347,Leeds 018,,2292
E02002166,Wolverhampton 018,,2293
E02002426,Leeds 097,,2294
E02002225,Bradford 043,,2295
E02002478,Wakefield 041,,2296
E02002348,Leeds 019,,2297
E02002167,Wolverhampton 019,,2298
E02002427,Leeds 098,,2299
E02002226,Bradford 044,,2300
E02002479,Wakefield 042,,2301
E02002168,Wolverhampton 020,,2302
E02002428,Leeds 099,,2303
E02002227,Bradford 045,,2304
E02002480,Wakefield 043,,2305
E02002169,Wolverhampton 021,,2306
E02002429,Leeds 100,,2307
E02002228,Bradford 046,,2308
E02002481,Wakefield 044,,2309
E02002170,Wolverhampton 022,,2310
E02002430,Leeds 101,,2311
E02002229,Bradford 047,,2312
E02002482,Wakefield 045,,2313
E02002171,Wolverhampton 023,,2314
E02002431,Leeds 102,,2315
E02002230,Bradford 048,,2316
E02002483,Hartlepool 001,,2317
E02002174,Wolverhampton 026,,2318
E02002432,Leeds 103,,2319
E02002231,Bradford 049,,2320
E02002484,Hartlepool 002,,2321
E02002175,Wolverhampton 027,,2322
E02002433,Leeds 104,,2323
E02002232,Bradford 050,,2324
E02002485,Hartlepool 003,,2325
E02002176,Wolverhampton 028,,2326
E02002177,Wolverhampton 029,,2327
E02002178,Wolverhampton 030,,2328
E02002179,Wolverhampton 031,,2329
E02002180,Wolverhampton 032,,2330
E02002181,Wolverhampton 033,,2331
E02002182,Wolverhampton 034,,2332
E02002183,Bradford 001,,2333
E02002184,Bradford 002,,2334
E02002185,Bradford 003,,2335
E02002187,Bradford 005,,2336
E02002188,Bradford 006,,2337
E02002189,Bradford 007,,2338
E02002190,Bradford 008,,2339
E02002191,Bradford 009,,2340
E02002192,Bradford 010,,2341
E02002193,Bradford 011,,2342
E02002194,Bradford 012,,2343
E02002195,Bradford 013,,2344
E02002196,Bradford 014,,2345
E02002197,Bradford 015,,2346
E02002233,Bradford 051,,2347
E02002489,Hartlepool 007,,2348
E02002234,Bradford 052,,2349
E02002490,Hartlepool 008,,2350
E02002235,Bradford 053,,2351
E02002491,Hartlepool 009,,2352
E02002236,Bradford 054,,2353
E02002492,Hartlepool 010,,2354
E02002237,Bradford 055,,2355
E02002493,Hartlepool 011,,2356
E02002238,Bradford 056,,2357
E02002494,Hartlepool 012,,2358
E02002239,Bradford 057,,2359
E02002496,Middlesbrough 001,,2360
E02002240,Bradford 058,,2361
E02002497,Middlesbrough 002,,2362
E02002241,Bradford 059,,2363
E02002498,Middlesbrough 003,,2364
E02002242,Bradford 060,,2365
E02002499,Middlesbrough 004,,2366
E02002243,Bradford 061,,2367
E02002500,Middlesbrough 005,,2368
E02002244,Calderdale 001,,2369
E02002501,Middlesbrough 006,,2370
E02002245,Calderdale 002,,2371
E02002502,Middlesbrough 007,,2372
E02002246,Calderdale 003,,2373
E02002503,Middlesbrough 008,,2374
E02002247,Calderdale 004,,2375
E02002434,Leeds 105,,2376
E02002504,Middlesbrough 009,,2377
E02002248,Calderdale 005,,2378
E02002435,Leeds 106,,2379
E02002505,Middlesbrough 010,,2380
E02002436,Leeds 107,,2381
E02002506,Middlesbrough 011,,2382
E02002437,Leeds 108,,2383
E02002507,Middlesbrough 012,,2384
E02002438,Wakefield 001,,2385
E02002439,Wakefield 002,,2386
E02002440,Wakefield 003,,2387
E02002441,Wakefield 004,,2388
E02002442,Wakefield 005,,2389
E02002443,Wakefield 006,,2390
E02002444,Wakefield 007,,2391
E02002445,Wakefield 008,,2392
E02002446,Wakefield 009,,2393
E02002447,Wakefield 010,,2394
E02002448,Wakefield 011,,2395
E02002449,Wakefield 012,,2396
E02002450,Wakefield 013,,2397
E02002451,Wakefield 014,,2398
E02002452,Wakefield 015,,2399
E02002453,Wakefield 016,,2400
E02002720,East Riding of Yorkshire 037,,2401
E02002721,East Riding of Yorkshire 038,,2402
E02002722,East Riding of Yorkshire 039,,2403
E02002723,East Riding of Yorkshire 040,,2404
E02002724,East Riding of Yorkshire 041,,2405
E02002725,East Riding of Yorkshire 042,,2406
E02002726,North East Lincolnshire 001,,2407
E02002727,North East Lincolnshire 002,,2408
E02002728,North East Lincolnshire 003,,2409
E02002729,North East Lincolnshire 004,,2410
E02002730,North East Lincolnshire 005,,2411
E02002731,North East Lincolnshire 006,,2412
E02002732,North East Lincolnshire 007,,2413
E02002733,North East Lincolnshire 008,,2414
E02002734,North East Lincolnshire 009,,2415
E02002736,North East Lincolnshire 011,,2416
E02002737,North East Lincolnshire 012,,2417
E02002738,North East Lincolnshire 013,,2418
E02002739,North East Lincolnshire 014,,2419
E02002508,Middlesbrough 013,,2420
E02002740,North East Lincolnshire 015,,2421
E02002741,North East Lincolnshire 016,,2422
E02002743,North East Lincolnshire 018,,2423
E02002744,North East Lincolnshire 019,,2424
E02002745,North East Lincolnshire 020,,2425
E02002746,North East Lincolnshire 021,,2426
E02002747,North East Lincolnshire 022,,2427
E02002748,North East Lincolnshire 023,,2428
E02002749,North Lincolnshire 001,,2429
E02002750,North Lincolnshire 002,,2430
E02002751,North Lincolnshire 003,,2431
E02002752,North Lincolnshire 004,,2432
E02002753,North Lincolnshire 005,,2433
E02002754,North Lincolnshire 006,,2434
E02002755,North Lincolnshire 007,,2435
E02002756,North Lincolnshire 008,,2436
E02002757,North Lincolnshire 009,,2437
E02002758,North Lincolnshire 010,,2438
E02002759,North Lincolnshire 011,,2439
E02002760,North Lincolnshire 012,,2440
E02002761,North Lincolnshire 013,,2441
E02002762,North Lincolnshire 014,,2442
E02002763,North Lincolnshire 015,,2443
E02002764,North Lincolnshire 016,,2444
E02002765,North Lincolnshire 017,,2445
E02002766,North Lincolnshire 018,,2446
E02002767,North Lincolnshire 019,,2447
E02002768,North Lincolnshire 020,,2448
E02002769,North Lincolnshire 021,,2449
E02002770,North Lincolnshire 022,,2450
E02002771,North Lincolnshire 023,,2451
E02002878,Nottingham 011,,2452
E02002822,Derby 027,,2453
E02002616,Blackburn with Darwen 002,,2454
E02002617,Blackburn with Darwen 003,,2455
E02002618,Blackburn with Darwen 004,,2456
E02002619,Blackburn with Darwen 005,,2457
E02002620,Blackburn with Darwen 006,,2458
E02002621,Blackburn with Darwen 007,,2459
E02002622,Blackburn with Darwen 008,,2460
E02002623,Blackburn with Darwen 009,,2461
E02002624,Blackburn with Darwen 010,,2462
E02002625,Blackburn with Darwen 011,,2463
E02002626,Blackburn with Darwen 012,,2464
E02002627,Blackburn with Darwen 013,,2465
E02002628,Blackburn with Darwen 014,,2466
E02002629,Blackburn with Darwen 015,,2467
E02002630,Blackburn with Darwen 016,,2468
E02002631,Blackburn with Darwen 017,,2469
E02002632,Blackburn with Darwen 018,,2470
E02002633,Blackpool 001,,2471
E02002634,Blackpool 002,,2472
E02002635,Blackpool 003,,2473
E02002636,Blackpool 004,,2474
E02002637,Blackpool 005,,2475
E02002638,Blackpool 006,,2476
E02002639,Blackpool 007,,2477
E02002640,Blackpool 008,,2478
E02002641,Blackpool 009,,2479
E02002642,Blackpool 010,,2480
E02002643,Blackpool 011,,2481
E02002644,Blackpool 012,,2482
E02002645,Blackpool 013,,2483
E02002646,Blackpool 014,,2484
E02002647,Blackpool 015,,2485
E02002648,Blackpool 016,,2486
E02002649,Blackpool 017,,2487
E02002650,Blackpool 018,,2488
E02002651,Blackpool 019,,2489
E02002772,York 001,,2490
E02002653,Kingston upon Hull 002,,2491
E02002654,Kingston upon Hull 003,,2492
E02002655,Kingston upon Hull 004,,2493
E02002667,Kingston upon Hull 016,,2494
E02002773,York 002,,2495
E02002656,Kingston upon Hull 005,,2496
E02002564,Darlington 006,,2497
E02002823,Derby 028,,2498
E02002879,Nottingham 012,,2499
E02002509,Middlesbrough 014,,2500
E02002668,Kingston upon Hull 017,,2501
E02002774,York 003,,2502
E02002657,Kingston upon Hull 006,,2503
E02002824,Derby 029,,2504
E02002567,Darlington 009,,2505
E02002880,Nottingham 013,,2506
E02002510,Middlesbrough 015,,2507
E02002669,Kingston upon Hull 018,,2508
E02002775,York 004,,2509
E02002658,Kingston upon Hull 007,,2510
E02002825,Derby 030,,2511
E02002568,Darlington 010,,2512
E02002881,Nottingham 014,,2513
E02002512,Middlesbrough 017,,2514
E02002670,Kingston upon Hull 019,,2515
E02002671,Kingston upon Hull 020,,2516
E02002672,Kingston upon Hull 021,,2517
E02002673,Kingston upon Hull 022,,2518
E02002674,Kingston upon Hull 023,,2519
E02002675,Kingston upon Hull 024,,2520
E02002676,Kingston upon Hull 025,,2521
E02002677,Kingston upon Hull 026,,2522
E02002678,Kingston upon Hull 027,,2523
E02002679,Kingston upon Hull 028,,2524
E02002680,Kingston upon Hull 029,,2525
E02002681,Kingston upon Hull 030,,2526
E02002682,Kingston upon Hull 031,,2527
E02002684,East Riding of Yorkshire 001,,2528
E02002685,East Riding of Yorkshire 002,,2529
E02002686,East Riding of Yorkshire 003,,2530
E02002687,East Riding of Yorkshire 004,,2531
E02002688,East Riding of Yorkshire 005,,2532
E02002689,East Riding of Yorkshire 006,,2533
E02002691,East Riding of Yorkshire 008,,2534
E02002692,East Riding of Yorkshire 009,,2535
E02002693,East Riding of Yorkshire 010,,2536
E02002694,East Riding of Yorkshire 011,,2537
E02002695,East Riding of Yorkshire 012,,2538
E02002696,East Riding of Yorkshire 013,,2539
E02002697,East Riding of Yorkshire 014,,2540
E02002698,East Riding of Yorkshire 015,,2541
E02002699,East Riding of Yorkshire 016,,2542
E02002700,East Riding of Yorkshire 017,,2543
E02002701,East Riding of Yorkshire 018,,2544
E02002702,East Riding of Yorkshire 019,,2545
E02002703,East Riding of Yorkshire 020,,2546
E02002704,East Riding of Yorkshire 021,,2547
E02002705,East Riding of Yorkshire 022,,2548
E02002706,East Riding of Yorkshire 023,,2549
E02002707,East Riding of Yorkshire 024,,2550
E02002708,East Riding of Yorkshire 025,,2551
E02002709,East Riding of Yorkshire 026,,2552
E02002710,East Riding of Yorkshire 027,,2553
E02002711,East Riding of Yorkshire 028,,2554
E02002712,East Riding of Yorkshire 029,,2555
E02002714,East Riding of Yorkshire 031,,2556
E02002715,East Riding of Yorkshire 032,,2557
E02002716,East Riding of Yorkshire 033,,2558
E02002717,East Riding of Yorkshire 034,,2559
E02002718,East Riding of Yorkshire 035,,2560
E02002719,East Riding of Yorkshire 036,,2561
E02002513,Middlesbrough 018,,2562
E02002514,Middlesbrough 019,,2563
E02002515,Redcar and Cleveland 001,,2564
E02002516,Redcar and Cleveland 002,,2565
E02002517,Redcar and Cleveland 003,,2566
E02002518,Redcar and Cleveland 004,,2567
E02002519,Redcar and Cleveland 005,,2568
E02002520,Redcar and Cleveland 006,,2569
E02002521,Redcar and Cleveland 007,,2570
E02002523,Redcar and Cleveland 009,,2571
E02002524,Redcar and Cleveland 010,,2572
E02002525,Redcar and Cleveland 011,,2573
E02002526,Redcar and Cleveland 012,,2574
E02002527,Redcar and Cleveland 013,,2575
E02002529,Redcar and Cleveland 015,,2576
E02002530,Redcar and Cleveland 016,,2577
E02002532,Redcar and Cleveland 018,,2578
E02002533,Redcar and Cleveland 019,,2579
E02002534,Redcar and Cleveland 020,,2580
E02002535,Stockton-on-Tees 001,,2581
E02002536,Stockton-on-Tees 002,,2582
E02002537,Stockton-on-Tees 003,,2583
E02002538,Stockton-on-Tees 004,,2584
E02002539,Stockton-on-Tees 005,,2585
E02002540,Stockton-on-Tees 006,,2586
E02002541,Stockton-on-Tees 007,,2587
E02002776,York 005,,2588
E02002542,Stockton-on-Tees 008,,2589
E02002569,Darlington 011,,2590
E02002882,Nottingham 015,,2591
E02002826,Derby 031,,2592
E02002777,York 006,,2593
E02002543,Stockton-on-Tees 009,,2594
E02002659,Kingston upon Hull 008,,2595
E02002570,Darlington 012,,2596
E02002883,Nottingham 016,,2597
E02002571,Darlington 013,,2598
E02002778,York 007,,2599
E02002827,Leicester 001,,2600
E02002544,Stockton-on-Tees 010,,2601
E02002660,Kingston upon Hull 009,,2602
E02002661,Kingston upon Hull 010,,2603
E02002779,York 008,,2604
E02002572,Darlington 014,,2605
E02002662,Kingston upon Hull 011,,2606
E02002545,Stockton-on-Tees 011,,2607
E02002828,Leicester 002,,2608
E02002884,Nottingham 017,,2609
E02002780,York 009,,2610
E02002573,Darlington 015,,2611
E02002663,Kingston upon Hull 012,,2612
E02002546,Stockton-on-Tees 012,,2613
E02002829,Leicester 003,,2614
E02002885,Nottingham 018,,2615
E02002781,York 010,,2616
E02002574,Halton 001,,2617
E02002664,Kingston upon Hull 013,,2618
E02002547,Stockton-on-Tees 013,,2619
E02002830,Leicester 004,,2620
E02002886,Nottingham 019,,2621
E02002782,York 011,,2622
E02002575,Halton 002,,2623
E02002665,Kingston upon Hull 014,,2624
E02002549,Stockton-on-Tees 015,,2625
E02002831,Leicester 005,,2626
E02002887,Nottingham 020,,2627
E02002783,York 012,,2628
E02002576,Halton 003,,2629
E02002666,Kingston upon Hull 015,,2630
E02002550,Stockton-on-Tees 016,,2631
E02002832,Leicester 006,,2632
E02002888,Nottingham 021,,2633
E02002784,York 013,,2634
E02002577,Halton 004,,2635
E02002551,Stockton-on-Tees 017,,2636
E02002833,Leicester 007,,2637
E02002889,Nottingham 022,,2638
E02002785,York 014,,2639
E02002578,Halton 005,,2640
E02002552,Stockton-on-Tees 018,,2641
E02002834,Leicester 008,,2642
E02002890,Nottingham 023,,2643
E02002786,York 015,,2644
E02002579,Halton 006,,2645
E02002553,Stockton-on-Tees 019,,2646
E02002836,Leicester 010,,2647
E02002580,Halton 007,,2648
E02002554,Stockton-on-Tees 020,,2649
E02002891,Nottingham 024,,2650
E02002787,York 016,,2651
E02002555,Stockton-on-Tees 021,,2652
E02002892,Nottingham 025,,2653
E02002788,York 017,,2654
E02002556,Stockton-on-Tees 022,,2655
E02002581,Halton 008,,2656
E02002893,Nottingham 026,,2657
E02002837,Leicester 011,,2658
E02002789,York 018,,2659
E02002558,Stockton-on-Tees 024,,2660
E02002582,Halton 009,,2661
E02002895,Nottingham 028,,2662
E02002838,Leicester 012,,2663
E02002790,York 019,,2664
E02002559,Darlington 001,,2665
E02002583,Halton 010,,2666
E02002896,Nottingham 029,,2667
E02002839,Leicester 013,,2668
E02002791,York 020,,2669
E02002560,Darlington 002,,2670
E02002584,Halton 011,,2671
E02002897,Nottingham 030,,2672
E02002842,Leicester 016,,2673
E02002792,York 021,,2674
E02002561,Darlington 003,,2675
E02002585,Halton 012,,2676
E02002898,Nottingham 031,,2677
E02002843,Leicester 017,,2678
E02002793,York 022,,2679
E02002562,Darlington 004,,2680
E02002586,Halton 013,,2681
E02002901,Nottingham 034,,2682
E02002844,Leicester 018,,2683
E02002794,York 023,,2684
E02002563,Darlington 005,,2685
E02002587,Halton 014,,2686
E02002902,Nottingham 035,,2687
E02002845,Leicester 019,,2688
E02002795,York 024,,2689
E02002588,Halton 015,,2690
E02002903,Nottingham 036,,2691
E02002846,Leicester 020,,2692
E02002796,Derby 001,,2693
E02002589,Halton 016,,2694
E02002904,Nottingham 037,,2695
E02002847,Leicester 021,,2696
E02002797,Derby 002,,2697
E02002590,Warrington 001,,2698
E02002905,Herefordshire 001,,2699
E02002848,Leicester 022,,2700
E02002798,Derby 003,,2701
E02002591,Warrington 002,,2702
E02002906,Herefordshire 002,,2703
E02002849,Leicester 023,,2704
E02002799,Derby 004,,2705
E02002592,Warrington 003,,2706
E02002907,Herefordshire 003,,2707
E02002851,Leicester 025,,2708
E02002800,Derby 005,,2709
E02002593,Warrington 004,,2710
E02002908,Herefordshire 004,,2711
E02002852,Leicester 026,,2712
E02002801,Derby 006,,2713
E02002594,Warrington 005,,2714
E02002909,Herefordshire 005,,2715
E02002853,Leicester 027,,2716
E02002802,Derby 007,,2717
E02002595,Warrington 006,,2718
E02002910,Herefordshire 006,,2719
E02002854,Leicester 028,,2720
E02002803,Derby 008,,2721
E02002596,Warrington 007,,2722
E02002911,Herefordshire 007,,2723
E02002855,Leicester 029,,2724
E02002804,Derby 009,,2725
E02002597,Warrington 008,,2726
E02002912,Herefordshire 008,,2727
E02002856,Leicester 030,,2728
E02002805,Derby 010,,2729
E02002598,Warrington 009,,2730
E02002913,Herefordshire 009,,2731
E02002857,Leicester 031,,2732
E02002806,Derby 011,,2733
E02002599,Warrington 010,,2734
E02002914,Herefordshire 010,,2735
E02002858,Leicester 032,,2736
E02002807,Derby 012,,2737
E02002600,Warrington 011,,2738
E02002915,Herefordshire 011,,2739
E02002860,Leicester 034,,2740
E02002808,Derby 013,,2741
E02002601,Warrington 012,,2742
E02002916,Herefordshire 012,,2743
E02002861,Leicester 035,,2744
E02002809,Derby 014,,2745
E02002602,Warrington 013,,2746
E02002917,Herefordshire 013,,2747
E02002862,Leicester 036,,2748
E02002810,Derby 015,,2749
E02002811,Derby 016,,2750
E02002812,Derby 017,,2751
E02002813,Derby 018,,2752
E02002814,Derby 019,,2753
E02002815,Derby 020,,2754
E02002816,Derby 021,,2755
E02002817,Derby 022,,2756
E02002818,Derby 023,,2757
E02002819,Derby 024,,2758
E02002820,Derby 025,,2759
E02002821,Derby 026,,2760
E02002918,Herefordshire 014,,2761
E02002919,Herefordshire 015,,2762
E02002920,Herefordshire 016,,2763
E02002921,Herefordshire 017,,2764
E02002922,Herefordshire 018,,2765
E02002923,Herefordshire 019,,2766
E02002924,Herefordshire 020,,2767
E02002925,Herefordshire 021,,2768
E02002926,Herefordshire 022,,2769
E02002927,Herefordshire 023,,2770
E02002928,Telford and Wrekin 001,,2771
E02002929,Telford and Wrekin 002,,2772
E02002930,Telford and Wrekin 003,,2773
E02002863,Rutland 001,,2774
E02002603,Warrington 014,,2775
E02002864,Rutland 002,,2776
E02002604,Warrington 015,,2777
E02002865,Rutland 003,,2778
E02002605,Warrington 016,,2779
E02002866,Rutland 004,,2780
E02002606,Warrington 017,,2781
E02002867,Rutland 005,,2782
E02002607,Warrington 018,,2783
E02002868,Nottingham 001,,2784
E02002608,Warrington 019,,2785
E02002869,Nottingham 002,,2786
E02002609,Warrington 020,,2787
E02002871,Nottingham 004,,2788
E02002610,Warrington 021,,2789
E02002872,Nottingham 005,,2790
E02002611,Warrington 022,,2791
E02002873,Nottingham 006,,2792
E02002612,Warrington 023,,2793
E02002874,Nottingham 007,,2794
E02002613,Warrington 024,,2795
E02002875,Nottingham 008,,2796
E02002614,Warrington 025,,2797
E02002876,Nottingham 009,,2798
E02002615,Blackburn with Darwen 001,,2799
E02002877,Nottingham 010,,2800
E02003141,Plymouth 020,,2801
E02003142,Plymouth 021,,2802
E02003143,Plymouth 022,,2803
E02003144,Plymouth 023,,2804
E02003145,Plymouth 024,,2805
E02003146,Plymouth 025,,2806
E02003147,Plymouth 026,,2807
E02003148,Plymouth 027,,2808
E02003149,Plymouth 028,,2809
E02003151,Plymouth 030,,2810
E02003152,Plymouth 031,,2811
E02003153,Plymouth 032,,2812
E02003154,Torbay 001,,2813
E02003155,Torbay 002,,2814
E02003156,Torbay 003,,2815
E02003157,Torbay 004,,2816
E02003158,Torbay 005,,2817
E02003159,Torbay 006,,2818
E02003161,Torbay 008,,2819
E02003163,Torbay 010,,2820
E02003164,Torbay 011,,2821
E02003165,Torbay 012,,2822
E02003166,Torbay 013,,2823
E02003167,Torbay 014,,2824
E02003168,Torbay 015,,2825
E02003169,Torbay 016,,2826
E02003170,Torbay 017,,2827
E02003171,Torbay 018,,2828
E02003172,"Bournemouth, Christchurch and Poole 003",,2829
E02003173,"Bournemouth, Christchurch and Poole 005",,2830
E02003174,"Bournemouth, Christchurch and Poole 006",,2831
E02003175,"Bournemouth, Christchurch and Poole 007",,2832
E02003176,"Bournemouth, Christchurch and Poole 010",,2833
E02003177,"Bournemouth, Christchurch and Poole 009",,2834
E02003178,"Bournemouth, Christchurch and Poole 011",,2835
E02003179,"Bournemouth, Christchurch and Poole 012",,2836
E02003180,"Bournemouth, Christchurch and Poole 015",,2837
E02003181,"Bournemouth, Christchurch and Poole 017",,2838
E02003182,"Bournemouth, Christchurch and Poole 020",,2839
E02003183,"Bournemouth, Christchurch and Poole 028",,2840
E02003184,"Bournemouth, Christchurch and Poole 027",,2841
E02003185,"Bournemouth, Christchurch and Poole 026",,2842
E02003186,"Bournemouth, Christchurch and Poole 025",,2843
E02003187,"Bournemouth, Christchurch and Poole 035",,2844
E02003188,"Bournemouth, Christchurch and Poole 038",,2845
E02003189,"Bournemouth, Christchurch and Poole 036",,2846
E02003190,"Bournemouth, Christchurch and Poole 037",,2847
E02003191,"Bournemouth, Christchurch and Poole 039",,2848
E02003192,"Bournemouth, Christchurch and Poole 041",,2849
E02003194,"Bournemouth, Christchurch and Poole 001",,2850
E02003089,North Somerset 025,,2851
E02002931,Telford and Wrekin 004,,2852
E02002984,Stoke-on-Trent 034,,2853
E02003298,Thurrock 003,,2854
E02003036,Bristol 025,,2855
E02003246,Peterborough 010,,2856
E02003195,"Bournemouth, Christchurch and Poole 008",,2857
E02003299,Thurrock 004,,2858
E02003300,Thurrock 005,,2859
E02003301,Thurrock 006,,2860
E02003302,Thurrock 007,,2861
E02003303,Thurrock 008,,2862
E02003304,Thurrock 009,,2863
E02003305,Thurrock 010,,2864
E02003307,Thurrock 012,,2865
E02003308,Thurrock 013,,2866
E02003309,Thurrock 014,,2867
E02003311,Thurrock 016,,2868
E02003312,Thurrock 017,,2869
E02003313,Thurrock 018,,2870
E02003314,Medway 001,,2871
E02003315,Medway 002,,2872
E02003316,Medway 003,,2873
E02003317,Medway 004,,2874
E02003318,Medway 005,,2875
E02003319,Medway 006,,2876
E02003320,Medway 007,,2877
E02003321,Medway 008,,2878
E02003322,Medway 009,,2879
E02003323,Medway 010,,2880
E02003324,Medway 011,,2881
E02003325,Medway 012,,2882
E02003326,Medway 013,,2883
E02003327,Medway 014,,2884
E02003196,"Bournemouth, Christchurch and Poole 004",,2885
E02003328,Medway 015,,2886
E02002985,Bath and North East Somerset 001,,2887
E02003197,"Bournemouth, Christchurch and Poole 013",,2888
E02003247,Peterborough 011,,2889
E02003329,Medway 016,,2890
E02003037,Bristol 026,,2891
E02002986,Bath and North East Somerset 002,,2892
E02002932,Telford and Wrekin 005,,2893
E02003090,South Gloucestershire 001,,2894
E02003198,"Bournemouth, Christchurch and Poole 016",,2895
E02003248,Peterborough 012,,2896
E02003330,Medway 017,,2897
E02003038,Bristol 027,,2898
E02002987,Bath and North East Somerset 003,,2899
E02002933,Telford and Wrekin 006,,2900
E02003091,South Gloucestershire 002,,2901
E02003199,"Bournemouth, Christchurch and Poole 021",,2902
E02003249,Peterborough 013,,2903
E02003331,Medway 018,,2904
E02003039,Bristol 028,,2905
E02002988,Bath and North East Somerset 004,,2906
E02002934,Telford and Wrekin 007,,2907
E02003092,South Gloucestershire 003,,2908
E02003200,"Bournemouth, Christchurch and Poole 022",,2909
E02003250,Peterborough 014,,2910
E02003332,Medway 019,,2911
E02003040,Bristol 029,,2912
E02002989,Bath and North East Somerset 005,,2913
E02002935,Telford and Wrekin 008,,2914
E02003093,South Gloucestershire 004,,2915
E02003201,"Bournemouth, Christchurch and Poole 023",,2916
E02003251,Peterborough 015,,2917
E02003333,Medway 020,,2918
E02003041,Bristol 030,,2919
E02002990,Bath and North East Somerset 006,,2920
E02002936,Telford and Wrekin 009,,2921
E02003094,South Gloucestershire 005,,2922
E02003202,"Bournemouth, Christchurch and Poole 029",,2923
E02003252,Peterborough 016,,2924
E02003334,Medway 021,,2925
E02003044,Bristol 033,,2926
E02002991,Bath and North East Somerset 007,,2927
E02002937,Telford and Wrekin 010,,2928
E02003095,South Gloucestershire 006,,2929
E02003203,"Bournemouth, Christchurch and Poole 032",,2930
E02003253,Peterborough 017,,2931
E02003335,Medway 022,,2932
E02003045,Bristol 034,,2933
E02002992,Bath and North East Somerset 008,,2934
E02003254,Peterborough 018,,2935
E02002938,Telford and Wrekin 011,,2936
E02002939,Telford and Wrekin 012,,2937
E02002940,Telford and Wrekin 013,,2938
E02002941,Telford and Wrekin 014,,2939
E02002942,Telford and Wrekin 015,,2940
E02002944,Telford and Wrekin 017,,2941
E02002945,Telford and Wrekin 018,,2942
E02003255,Peterborough 019,,2943
E02003204,"Bournemouth, Christchurch and Poole 030",,2944
E02002946,Telford and Wrekin 019,,2945
E02003257,Peterborough 021,,2946
E02002993,Bath and North East Somerset 009,,2947
E02003336,Medway 023,,2948
E02003096,South Gloucestershire 007,,2949
E02003046,Bristol 035,,2950
E02003097,South Gloucestershire 008,,2951
E02003337,Medway 024,,2952
E02003047,Bristol 036,,2953
E02003258,Luton 001,,2954
E02003098,South Gloucestershire 009,,2955
E02003205,"Bournemouth, Christchurch and Poole 034",,2956
E02003338,Medway 025,,2957
E02002994,Bath and North East Somerset 010,,2958
E02002947,Telford and Wrekin 020,,2959
E02003048,Bristol 037,,2960
E02003259,Luton 002,,2961
E02003099,South Gloucestershire 010,,2962
E02003206,"Bournemouth, Christchurch and Poole 043",,2963
E02003339,Medway 026,,2964
E02002995,Bath and North East Somerset 011,,2965
E02002948,Telford and Wrekin 021,,2966
E02003049,Bristol 038,,2967
E02003260,Luton 003,,2968
E02003101,South Gloucestershire 012,,2969
E02003207,"Bournemouth, Christchurch and Poole 042",,2970
E02003340,Medway 027,,2971
E02002996,Bath and North East Somerset 012,,2972
E02002949,Telford and Wrekin 022,,2973
E02003050,Bristol 039,,2974
E02003261,Luton 004,,2975
E02003102,South Gloucestershire 013,,2976
E02003208,"Bournemouth, Christchurch and Poole 044",,2977
E02003341,Medway 028,,2978
E02002997,Bath and North East Somerset 013,,2979
E02002950,Telford and Wrekin 023,,2980
E02003051,Bristol 040,,2981
E02003262,Luton 005,,2982
E02003103,South Gloucestershire 014,,2983
E02003209,"Bournemouth, Christchurch and Poole 046",,2984
E02003342,Medway 029,,2985
E02002998,Bath and North East Somerset 014,,2986
E02002951,Stoke-on-Trent 001,,2987
E02003052,Bristol 041,,2988
E02003263,Luton 006,,2989
E02003104,South Gloucestershire 015,,2990
E02003210,"Bournemouth, Christchurch and Poole 047",,2991
E02003343,Medway 030,,2992
E02002999,Bath and North East Somerset 015,,2993
E02002952,Stoke-on-Trent 002,,2994
E02003053,Bristol 042,,2995
E02003264,Luton 007,,2996
E02003105,South Gloucestershire 016,,2997
E02003211,"Bournemouth, Christchurch and Poole 048",,2998
E02003344,Medway 031,,2999
E02003000,Bath and North East Somerset 016,,3000
E02002953,Stoke-on-Trent 003,,3001
E02003054,Bristol 043,,3002
E02003265,Luton 008,,3003
E02003107,South Gloucestershire 018,,3004
E02003212,Swindon 001,,3005
E02003345,Medway 032,,3006
E02003001,Bath and North East Somerset 017,,3007
E02002954,Stoke-on-Trent 004,,3008
E02003055,Bristol 044,,3009
E02003266,Luton 009,,3010
E02003108,South Gloucestershire 019,,3011
E02003214,Swindon 003,,3012
E02003346,Medway 033,,3013
E02003002,Bath and North East Somerset 018,,3014
E02002955,Stoke-on-Trent 005,,3015
E02003056,Bristol 045,,3016
E02003267,Luton 010,,3017
E02003109,South Gloucestershire 020,,3018
E02003215,Swindon 004,,3019
E02003347,Medway 034,,3020
E02003003,Bath and North East Somerset 019,,3021
E02002956,Stoke-on-Trent 006,,3022
E02003057,Bristol 046,,3023
E02003268,Luton 011,,3024
E02002957,Stoke-on-Trent 007,,3025
E02003058,Bristol 047,,3026
E02003216,Swindon 005,,3027
E02003004,Bath and North East Somerset 020,,3028
E02003348,Medway 035,,3029
E02003110,South Gloucestershire 021,,3030
E02003217,Swindon 006,,3031
E02003111,South Gloucestershire 022,,3032
E02003349,Medway 036,,3033
E02003218,Swindon 007,,3034
E02003112,South Gloucestershire 023,,3035
E02003059,Bristol 048,,3036
E02003269,Luton 012,,3037
E02003005,Bath and North East Somerset 021,,3038
E02003219,Swindon 008,,3039
E02003113,South Gloucestershire 024,,3040
E02002958,Stoke-on-Trent 008,,3041
E02003060,Bristol 049,,3042
E02003270,Luton 013,,3043
E02003006,Bath and North East Somerset 022,,3044
E02003220,Swindon 009,,3045
E02003114,South Gloucestershire 025,,3046
E02002959,Stoke-on-Trent 009,,3047
E02003061,Bristol 050,,3048
E02003271,Luton 014,,3049
E02003007,Bath and North East Somerset 023,,3050
E02003221,Swindon 010,,3051
E02003115,South Gloucestershire 026,,3052
E02002960,Stoke-on-Trent 010,,3053
E02003062,Bristol 051,,3054
E02003272,Luton 015,,3055
E02003008,Bath and North East Somerset 024,,3056
E02003222,Swindon 011,,3057
E02003116,South Gloucestershire 027,,3058
E02002961,Stoke-on-Trent 011,,3059
E02003063,Bristol 052,,3060
E02003273,Luton 016,,3061
E02003009,Bath and North East Somerset 025,,3062
E02003223,Swindon 012,,3063
E02003117,South Gloucestershire 028,,3064
E02002962,Stoke-on-Trent 012,,3065
E02003064,Bristol 053,,3066
E02003274,Luton 017,,3067
E02003010,Bath and North East Somerset 026,,3068
E02003224,Swindon 013,,3069
E02003118,South Gloucestershire 029,,3070
E02002963,Stoke-on-Trent 013,,3071
E02003065,North Somerset 001,,3072
E02003276,Luton 019,,3073
E02003011,Bath and North East Somerset 027,,3074
E02003225,Swindon 014,,3075
E02003119,South Gloucestershire 030,,3076
E02002964,Stoke-on-Trent 014,,3077
E02003066,North Somerset 002,,3078
E02003277,Luton 020,,3079
E02003012,Bristol 001,,3080
E02003226,Swindon 015,,3081
E02003120,South Gloucestershire 031,,3082
E02002965,Stoke-on-Trent 015,,3083
E02003067,North Somerset 003,,3084
E02003278,Luton 021,,3085
E02003013,Bristol 002,,3086
E02003227,Swindon 016,,3087
E02003121,South Gloucestershire 032,,3088
E02002966,Stoke-on-Trent 016,,3089
E02003068,North Somerset 004,,3090
E02003279,Southend-on-Sea 001,,3091
E02003014,Bristol 003,,3092
E02003228,Swindon 017,,3093
E02003122,Plymouth 001,,3094
E02002967,Stoke-on-Trent 017,,3095
E02003069,North Somerset 005,,3096
E02003280,Southend-on-Sea 002,,3097
E02003015,Bristol 004,,3098
E02003229,Swindon 018,,3099
E02003123,Plymouth 002,,3100
E02002968,Stoke-on-Trent 018,,3101
E02003070,North Somerset 006,,3102
E02003281,Southend-on-Sea 003,,3103
E02003016,Bristol 005,,3104
E02003230,Swindon 019,,3105
E02003124,Plymouth 003,,3106
E02002969,Stoke-on-Trent 019,,3107
E02003071,North Somerset 007,,3108
E02003282,Southend-on-Sea 004,,3109
E02003017,Bristol 006,,3110
E02003231,Swindon 020,,3111
E02003125,Plymouth 004,,3112
E02002970,Stoke-on-Trent 020,,3113
E02003072,North Somerset 008,,3114
E02003283,Southend-on-Sea 005,,3115
E02003018,Bristol 007,,3116
E02003232,Swindon 021,,3117
E02003233,Swindon 022,,3118
E02003234,Swindon 023,,3119
E02003235,Swindon 024,,3120
E02003236,Swindon 025,,3121
E02003237,Peterborough 001,,3122
E02003238,Peterborough 002,,3123
E02003239,Peterborough 003,,3124
E02003240,Peterborough 004,,3125
E02003241,Peterborough 005,,3126
E02003242,Peterborough 006,,3127
E02003243,Peterborough 007,,3128
E02003244,Peterborough 008,,3129
E02003245,Peterborough 009,,3130
E02003019,Bristol 008,,3131
E02003020,Bristol 009,,3132
E02003021,Bristol 010,,3133
E02003022,Bristol 011,,3134
E02003023,Bristol 012,,3135
E02003024,Bristol 013,,3136
E02003025,Bristol 014,,3137
E02003026,Bristol 015,,3138
E02003027,Bristol 016,,3139
E02003028,Bristol 017,,3140
E02003029,Bristol 018,,3141
E02003030,Bristol 019,,3142
E02003031,Bristol 020,,3143
E02003032,Bristol 021,,3144
E02003033,Bristol 022,,3145
E02003073,North Somerset 009,,3146
E02002973,Stoke-on-Trent 023,,3147
E02003074,North Somerset 010,,3148
E02002974,Stoke-on-Trent 024,,3149
E02003284,Southend-on-Sea 006,,3150
E02003075,North Somerset 011,,3151
E02003126,Plymouth 005,,3152
E02002975,Stoke-on-Trent 025,,3153
E02003285,Southend-on-Sea 007,,3154
E02003076,North Somerset 012,,3155
E02003127,Plymouth 006,,3156
E02002976,Stoke-on-Trent 026,,3157
E02003286,Southend-on-Sea 008,,3158
E02003077,North Somerset 013,,3159
E02003128,Plymouth 007,,3160
E02002977,Stoke-on-Trent 027,,3161
E02003287,Southend-on-Sea 009,,3162
E02003078,North Somerset 014,,3163
E02003129,Plymouth 008,,3164
E02002978,Stoke-on-Trent 028,,3165
E02003288,Southend-on-Sea 010,,3166
E02003079,North Somerset 015,,3167
E02003130,Plymouth 009,,3168
E02002979,Stoke-on-Trent 029,,3169
E02003289,Southend-on-Sea 011,,3170
E02003080,North Somerset 016,,3171
E02003131,Plymouth 010,,3172
E02002980,Stoke-on-Trent 030,,3173
E02003290,Southend-on-Sea 012,,3174
E02003081,North Somerset 017,,3175
E02003132,Plymouth 011,,3176
E02002981,Stoke-on-Trent 031,,3177
E02003291,Southend-on-Sea 013,,3178
E02003082,North Somerset 018,,3179
E02003133,Plymouth 012,,3180
E02002982,Stoke-on-Trent 032,,3181
E02003292,Southend-on-Sea 014,,3182
E02003084,North Somerset 020,,3183
E02003134,Plymouth 013,,3184
E02002983,Stoke-on-Trent 033,,3185
E02003293,Southend-on-Sea 015,,3186
E02003085,North Somerset 021,,3187
E02003135,Plymouth 014,,3188
E02003294,Southend-on-Sea 016,,3189
E02003086,North Somerset 022,,3190
E02003136,Plymouth 015,,3191
E02003295,Southend-on-Sea 017,,3192
E02003087,North Somerset 023,,3193
E02003137,Plymouth 016,,3194
E02003296,Thurrock 001,,3195
E02003088,North Somerset 024,,3196
E02003138,Plymouth 017,,3197
E02003297,Thurrock 002,,3198
E02003139,Plymouth 018,,3199
E02003140,Plymouth 019,,3200
E02003452,Wokingham 014,,3201
E02003453,Wokingham 015,,3202
E02003454,Wokingham 016,,3203
E02003455,Wokingham 017,,3204
E02003456,Wokingham 018,,3205
E02003457,Wokingham 019,,3206
E02003458,Wokingham 020,,3207
E02003459,Milton Keynes 001,,3208
E02003460,Milton Keynes 002,,3209
E02003461,Milton Keynes 003,,3210
E02003462,Milton Keynes 004,,3211
E02003658,Buckinghamshire 007,,3212
E02003350,Medway 037,,3213
E02003463,Milton Keynes 005,,3214
E02003464,Milton Keynes 006,,3215
E02003465,Milton Keynes 007,,3216
E02003466,Milton Keynes 008,,3217
E02003467,Milton Keynes 009,,3218
E02003468,Milton Keynes 010,,3219
E02003469,Milton Keynes 011,,3220
E02003470,Milton Keynes 012,,3221
E02003471,Milton Keynes 013,,3222
E02003472,Milton Keynes 014,,3223
E02003473,Milton Keynes 015,,3224
E02003474,Milton Keynes 016,,3225
E02003476,Milton Keynes 018,,3226
E02003478,Milton Keynes 020,,3227
E02003479,Milton Keynes 021,,3228
E02003480,Milton Keynes 022,,3229
E02003481,Milton Keynes 023,,3230
E02003482,Milton Keynes 024,,3231
E02003483,Milton Keynes 025,,3232
E02003484,Milton Keynes 026,,3233
E02003485,Milton Keynes 027,,3234
E02003486,Milton Keynes 028,,3235
E02003487,Milton Keynes 029,,3236
E02003488,Milton Keynes 030,,3237
E02003489,Milton Keynes 031,,3238
E02003490,Milton Keynes 032,,3239
E02003491,Brighton and Hove 001,,3240
E02003492,Brighton and Hove 002,,3241
E02003493,Brighton and Hove 003,,3242
E02003494,Brighton and Hove 004,,3243
E02003495,Brighton and Hove 005,,3244
E02003496,Brighton and Hove 006,,3245
E02003497,Brighton and Hove 007,,3246
E02003498,Brighton and Hove 008,,3247
E02003499,Brighton and Hove 009,,3248
E02003500,Brighton and Hove 010,,3249
E02003501,Brighton and Hove 011,,3250
E02003502,Brighton and Hove 012,,3251
E02003503,Brighton and Hove 013,,3252
E02003556,Southampton 008,,3253
E02003401,Reading 013,,3254
E02003710,Buckinghamshire 049,,3255
E02003711,Buckinghamshire 051,,3256
E02003712,Buckinghamshire 052,,3257
E02003713,Buckinghamshire 055,,3258
E02003714,Buckinghamshire 056,,3259
E02003715,Buckinghamshire 057,,3260
E02003716,Buckinghamshire 060,,3261
E02003717,Buckinghamshire 062,,3262
E02003718,Buckinghamshire 061,,3263
E02003719,Cambridge 001,,3264
E02003720,Cambridge 002,,3265
E02003721,Cambridge 003,,3266
E02003722,Cambridge 004,,3267
E02003723,Cambridge 005,,3268
E02003724,Cambridge 006,,3269
E02003725,Cambridge 007,,3270
E02003726,Cambridge 008,,3271
E02003727,Cambridge 009,,3272
E02003728,Cambridge 010,,3273
E02003729,Cambridge 011,,3274
E02003731,Cambridge 013,,3275
E02003732,East Cambridgeshire 001,,3276
E02003733,East Cambridgeshire 002,,3277
E02003734,East Cambridgeshire 003,,3278
E02003735,East Cambridgeshire 004,,3279
E02003736,East Cambridgeshire 005,,3280
E02003737,East Cambridgeshire 006,,3281
E02003738,East Cambridgeshire 007,,3282
E02003739,East Cambridgeshire 008,,3283
E02003740,East Cambridgeshire 009,,3284
E02003742,Fenland 001,,3285
E02003743,Fenland 002,,3286
E02003744,Fenland 003,,3287
E02003745,Fenland 004,,3288
E02003557,Southampton 009,,3289
E02003746,Fenland 005,,3290
E02003402,Reading 014,,3291
E02003504,Brighton and Hove 014,,3292
E02003558,Southampton 010,,3293
E02003747,Fenland 006,,3294
E02003607,Central Bedfordshire 009,,3295
E02003403,Reading 015,,3296
E02003659,Buckinghamshire 009,,3297
E02003351,Medway 038,,3298
E02003505,Brighton and Hove 015,,3299
E02003559,Southampton 011,,3300
E02003748,Fenland 007,,3301
E02003404,Reading 016,,3302
E02003608,Central Bedfordshire 010,,3303
E02003660,Buckinghamshire 008,,3304
E02003352,Bracknell Forest 001,,3305
E02003506,Brighton and Hove 016,,3306
E02003560,Southampton 012,,3307
E02003749,Fenland 008,,3308
E02003405,Reading 017,,3309
E02003609,Central Bedfordshire 011,,3310
E02003661,Buckinghamshire 010,,3311
E02003750,Fenland 009,,3312
E02003353,Bracknell Forest 002,,3313
E02003751,Fenland 010,,3314
E02003507,Brighton and Hove 017,,3315
E02003354,Bracknell Forest 003,,3316
E02003561,Southampton 013,,3317
E02003610,Central Bedfordshire 012,,3318
E02003662,Buckinghamshire 012,,3319
E02003406,Reading 018,,3320
E02003407,Slough 001,,3321
E02003408,Slough 002,,3322
E02003409,Slough 003,,3323
E02003410,Slough 004,,3324
E02003411,Slough 005,,3325
E02003412,Slough 006,,3326
E02003414,Slough 008,,3327
E02003415,Slough 009,,3328
E02003416,Slough 010,,3329
E02003417,Slough 011,,3330
E02003418,Slough 012,,3331
E02003419,Slough 013,,3332
E02003420,Slough 014,,3333
E02003421,Windsor and Maidenhead 001,,3334
E02003422,Windsor and Maidenhead 002,,3335
E02003423,Windsor and Maidenhead 003,,3336
E02003424,Windsor and Maidenhead 004,,3337
E02003425,Windsor and Maidenhead 005,,3338
E02003426,Windsor and Maidenhead 006,,3339
E02003427,Windsor and Maidenhead 007,,3340
E02003428,Windsor and Maidenhead 008,,3341
E02003429,Windsor and Maidenhead 009,,3342
E02003430,Windsor and Maidenhead 010,,3343
E02003431,Windsor and Maidenhead 011,,3344
E02003432,Windsor and Maidenhead 012,,3345
E02003433,Windsor and Maidenhead 013,,3346
E02003434,Windsor and Maidenhead 014,,3347
E02003435,Windsor and Maidenhead 015,,3348
E02003436,Windsor and Maidenhead 016,,3349
E02003437,Windsor and Maidenhead 017,,3350
E02003438,Windsor and Maidenhead 018,,3351
E02003439,Wokingham 001,,3352
E02003440,Wokingham 002,,3353
E02003441,Wokingham 003,,3354
E02003442,Wokingham 004,,3355
E02003443,Wokingham 005,,3356
E02003444,Wokingham 006,,3357
E02003445,Wokingham 007,,3358
E02003446,Wokingham 008,,3359
E02003447,Wokingham 009,,3360
E02003611,Central Bedfordshire 013,,3361
E02003448,Wokingham 010,,3362
E02003612,Central Bedfordshire 014,,3363
E02003562,Southampton 014,,3364
E02003508,Brighton and Hove 018,,3365
E02003449,Wokingham 011,,3366
E02003663,Buckinghamshire 011,,3367
E02003613,Central Bedfordshire 015,,3368
E02003355,Bracknell Forest 004,,3369
E02003752,Fenland 011,,3370
E02003563,Southampton 015,,3371
E02003509,Brighton and Hove 019,,3372
E02003450,Wokingham 012,,3373
E02003664,Buckinghamshire 013,,3374
E02003614,Central Bedfordshire 016,,3375
E02003356,Bracknell Forest 005,,3376
E02003753,Huntingdonshire 001,,3377
E02003564,Southampton 016,,3378
E02003510,Brighton and Hove 020,,3379
E02003451,Wokingham 013,,3380
E02003665,Buckinghamshire 014,,3381
E02003615,Central Bedfordshire 017,,3382
E02003357,Bracknell Forest 006,,3383
E02003754,Huntingdonshire 002,,3384
E02003565,Southampton 017,,3385
E02003511,Brighton and Hove 021,,3386
E02003666,Buckinghamshire 015,,3387
E02003616,Bedford 001,,3388
E02003358,Bracknell Forest 007,,3389
E02003755,Huntingdonshire 003,,3390
E02003566,Southampton 018,,3391
E02003512,Brighton and Hove 022,,3392
E02003667,Buckinghamshire 016,,3393
E02003617,Bedford 002,,3394
E02003359,Bracknell Forest 008,,3395
E02003756,Huntingdonshire 004,,3396
E02003567,Southampton 019,,3397
E02003513,Brighton and Hove 023,,3398
E02003668,Buckinghamshire 018,,3399
E02003618,Bedford 003,,3400
E02003360,Bracknell Forest 009,,3401
E02003757,Huntingdonshire 005,,3402
E02003568,Southampton 020,,3403
E02003569,Southampton 021,,3404
E02003570,Southampton 022,,3405
E02003571,Southampton 023,,3406
E02003572,Southampton 024,,3407
E02003573,Southampton 025,,3408
E02003574,Southampton 026,,3409
E02003575,Southampton 027,,3410
E02003576,Southampton 028,,3411
E02003578,Southampton 030,,3412
E02003579,Southampton 031,,3413
E02003580,Southampton 032,,3414
E02003581,Isle of Wight 001,,3415
E02003582,Isle of Wight 002,,3416
E02003583,Isle of Wight 003,,3417
E02003584,Isle of Wight 004,,3418
E02003585,Isle of Wight 005,,3419
E02003586,Isle of Wight 006,,3420
E02003587,Isle of Wight 007,,3421
E02003588,Isle of Wight 008,,3422
E02003589,Isle of Wight 009,,3423
E02003590,Isle of Wight 010,,3424
E02003591,Isle of Wight 011,,3425
E02003592,Isle of Wight 012,,3426
E02003593,Isle of Wight 013,,3427
E02003594,Isle of Wight 014,,3428
E02003595,Isle of Wight 015,,3429
E02003596,Isle of Wight 016,,3430
E02003597,Isle of Wight 017,,3431
E02003598,Isle of Wight 018,,3432
E02003599,Central Bedfordshire 001,,3433
E02003600,Central Bedfordshire 002,,3434
E02003601,Central Bedfordshire 003,,3435
E02003602,Central Bedfordshire 004,,3436
E02003603,Central Bedfordshire 005,,3437
E02003604,Central Bedfordshire 006,,3438
E02003605,Central Bedfordshire 007,,3439
E02003606,Central Bedfordshire 008,,3440
E02003758,Huntingdonshire 006,,3441
E02003759,Huntingdonshire 007,,3442
E02003760,Huntingdonshire 008,,3443
E02003761,Huntingdonshire 009,,3444
E02003361,Bracknell Forest 010,,3445
E02003362,Bracknell Forest 011,,3446
E02003363,Bracknell Forest 012,,3447
E02003364,Bracknell Forest 013,,3448
E02003365,Bracknell Forest 014,,3449
E02003366,Bracknell Forest 015,,3450
E02003367,West Berkshire 001,,3451
E02003619,Bedford 004,,3452
E02003368,West Berkshire 002,,3453
E02003620,Bedford 005,,3454
E02003514,Brighton and Hove 024,,3455
E02003669,Buckinghamshire 017,,3456
E02003369,West Berkshire 003,,3457
E02003621,Bedford 006,,3458
E02003515,Brighton and Hove 025,,3459
E02003670,Buckinghamshire 019,,3460
E02003370,West Berkshire 004,,3461
E02003622,Bedford 007,,3462
E02003516,Brighton and Hove 026,,3463
E02003671,Buckinghamshire 020,,3464
E02003371,West Berkshire 005,,3465
E02003623,Bedford 008,,3466
E02003517,Brighton and Hove 027,,3467
E02003672,Buckinghamshire 021,,3468
E02003372,West Berkshire 006,,3469
E02003624,Bedford 009,,3470
E02003518,Brighton and Hove 028,,3471
E02003673,Buckinghamshire 022,,3472
E02003373,West Berkshire 007,,3473
E02003625,Bedford 010,,3474
E02003519,Brighton and Hove 029,,3475
E02003674,Buckinghamshire 023,,3476
E02003374,West Berkshire 008,,3477
E02003626,Bedford 011,,3478
E02003520,Brighton and Hove 030,,3479
E02003675,Buckinghamshire 024,,3480
E02003375,West Berkshire 009,,3481
E02003627,Bedford 012,,3482
E02003521,Brighton and Hove 031,,3483
E02003676,Buckinghamshire 029,,3484
E02003376,West Berkshire 010,,3485
E02003628,Bedford 013,,3486
E02003522,Brighton and Hove 032,,3487
E02003677,Buckinghamshire 027,,3488
E02003377,West Berkshire 011,,3489
E02003629,Bedford 014,,3490
E02003523,Brighton and Hove 033,,3491
E02003678,Buckinghamshire 028,,3492
E02003378,West Berkshire 012,,3493
E02003630,Bedford 015,,3494
E02003631,Bedford 016,,3495
E02003632,Bedford 017,,3496
E02003633,Bedford 018,,3497
E02003635,Bedford 020,,3498
E02003636,Central Bedfordshire 018,,3499
E02003637,Central Bedfordshire 019,,3500
E02003638,Central Bedfordshire 020,,3501
E02003639,Central Bedfordshire 021,,3502
E02003640,Central Bedfordshire 022,,3503
E02003641,Central Bedfordshire 023,,3504
E02003642,Central Bedfordshire 025,,3505
E02003643,Central Bedfordshire 024,,3506
E02003644,Central Bedfordshire 026,,3507
E02003645,Central Bedfordshire 027,,3508
E02003646,Central Bedfordshire 028,,3509
E02003647,Central Bedfordshire 029,,3510
E02003648,Central Bedfordshire 030,,3511
E02003649,Central Bedfordshire 031,,3512
E02003650,Central Bedfordshire 032,,3513
E02003651,Central Bedfordshire 033,,3514
E02003652,Buckinghamshire 001,,3515
E02003653,Buckinghamshire 002,,3516
E02003654,Buckinghamshire 003,,3517
E02003655,Buckinghamshire 004,,3518
E02003656,Buckinghamshire 005,,3519
E02003657,Buckinghamshire 006,,3520
E02003379,West Berkshire 013,,3521
E02003380,West Berkshire 014,,3522
E02003381,West Berkshire 015,,3523
E02003382,West Berkshire 016,,3524
E02003383,West Berkshire 017,,3525
E02003384,West Berkshire 018,,3526
E02003385,West Berkshire 019,,3527
E02003386,West Berkshire 020,,3528
E02003387,West Berkshire 021,,3529
E02003388,West Berkshire 022,,3530
E02003389,Reading 001,,3531
E02003390,Reading 002,,3532
E02003391,Reading 003,,3533
E02003392,Reading 004,,3534
E02003393,Reading 005,,3535
E02003394,Reading 006,,3536
E02003395,Reading 007,,3537
E02003396,Reading 008,,3538
E02003397,Reading 009,,3539
E02003398,Reading 010,,3540
E02003400,Reading 012,,3541
E02003524,Portsmouth 001,,3542
E02003525,Portsmouth 002,,3543
E02003526,Portsmouth 003,,3544
E02003527,Portsmouth 004,,3545
E02003529,Portsmouth 006,,3546
E02003530,Portsmouth 007,,3547
E02003531,Portsmouth 008,,3548
E02003532,Portsmouth 009,,3549
E02003533,Portsmouth 010,,3550
E02003534,Portsmouth 011,,3551
E02003535,Portsmouth 012,,3552
E02003536,Portsmouth 013,,3553
E02003537,Portsmouth 014,,3554
E02003538,Portsmouth 015,,3555
E02003540,Portsmouth 017,,3556
E02003541,Portsmouth 018,,3557
E02003542,Portsmouth 019,,3558
E02003543,Portsmouth 020,,3559
E02003544,Portsmouth 021,,3560
E02003545,Portsmouth 022,,3561
E02003546,Portsmouth 023,,3562
E02003547,Portsmouth 024,,3563
E02003548,Portsmouth 025,,3564
E02003549,Southampton 001,,3565
E02003550,Southampton 002,,3566
E02003551,Southampton 003,,3567
E02003552,Southampton 004,,3568
E02003553,Southampton 005,,3569
E02003554,Southampton 006,,3570
E02003555,Southampton 007,,3571
E02003679,Buckinghamshire 030,,3572
E02003680,Buckinghamshire 031,,3573
E02003681,Buckinghamshire 032,,3574
E02003682,Buckinghamshire 034,,3575
E02003683,Buckinghamshire 035,,3576
E02003685,Buckinghamshire 047,,3577
E02003686,Buckinghamshire 050,,3578
E02003687,Buckinghamshire 054,,3579
E02003688,Buckinghamshire 053,,3580
E02003689,Buckinghamshire 058,,3581
E02003690,Buckinghamshire 059,,3582
E02003691,Buckinghamshire 063,,3583
E02003692,Buckinghamshire 064,,3584
E02003693,Buckinghamshire 065,,3585
E02003694,Buckinghamshire 066,,3586
E02003695,Buckinghamshire 067,,3587
E02003696,Buckinghamshire 026,,3588
E02003697,Buckinghamshire 025,,3589
E02003698,Buckinghamshire 033,,3590
E02003699,Buckinghamshire 037,,3591
E02003701,Buckinghamshire 038,,3592
E02003702,Buckinghamshire 040,,3593
E02003703,Buckinghamshire 041,,3594
E02003704,Buckinghamshire 045,,3595
E02003705,Buckinghamshire 042,,3596
E02003706,Buckinghamshire 043,,3597
E02003707,Buckinghamshire 044,,3598
E02003708,Buckinghamshire 046,,3599
E02003709,Buckinghamshire 048,,3600
E02003762,Huntingdonshire 010,,3601
E02003763,Huntingdonshire 011,,3602
E02003764,Huntingdonshire 012,,3603
E02003765,Huntingdonshire 013,,3604
E02003766,Huntingdonshire 014,,3605
E02003767,Huntingdonshire 015,,3606
E02003768,Huntingdonshire 016,,3607
E02003769,Huntingdonshire 017,,3608
E02003770,Huntingdonshire 018,,3609
E02003771,Huntingdonshire 019,,3610
E02003772,Huntingdonshire 020,,3611
E02003773,Huntingdonshire 021,,3612
E02003774,Huntingdonshire 022,,3613
E02003775,South Cambridgeshire 001,,3614
E02003776,South Cambridgeshire 002,,3615
E02003777,South Cambridgeshire 003,,3616
E02003778,South Cambridgeshire 004,,3617
E02003780,South Cambridgeshire 006,,3618
E02003781,South Cambridgeshire 007,,3619
E02003784,South Cambridgeshire 010,,3620
E02003785,South Cambridgeshire 011,,3621
E02003786,South Cambridgeshire 012,,3622
E02003787,South Cambridgeshire 013,,3623
E02003788,South Cambridgeshire 014,,3624
E02003789,South Cambridgeshire 015,,3625
E02003790,South Cambridgeshire 016,,3626
E02003791,South Cambridgeshire 017,,3627
E02003792,South Cambridgeshire 018,,3628
E02003793,South Cambridgeshire 019,,3629
E02003794,Cheshire West and Chester 022,,3630
E02003795,Cheshire West and Chester 025,,3631
E02003796,Cheshire West and Chester 027,,3632
E02003797,Cheshire West and Chester 028,,3633
E02003798,Cheshire West and Chester 029,,3634
E02003799,Cheshire West and Chester 031,,3635
E02003800,Cheshire West and Chester 030,,3636
E02003801,Cheshire West and Chester 032,,3637
E02003802,Cheshire West and Chester 033,,3638
E02003803,Cheshire West and Chester 034,,3639
E02003804,Cheshire West and Chester 036,,3640
E02003805,Cheshire West and Chester 039,,3641
E02003806,Cheshire West and Chester 041,,3642
E02003807,Cheshire West and Chester 043,,3643
E02003808,Cheshire West and Chester 044,,3644
E02003809,Cheshire West and Chester 046,,3645
E02003810,Cheshire West and Chester 047,,3646
E02003811,Cheshire East 022,,3647
E02003812,Cheshire East 023,,3648
E02003813,Cheshire East 024,,3649
E02003814,Cheshire East 025,,3650
E02004067,Chesterfield 013,,3651
E02004068,Derbyshire Dales 001,,3652
E02004069,Derbyshire Dales 002,,3653
E02004072,Derbyshire Dales 005,,3654
E02004073,Derbyshire Dales 006,,3655
E02004074,Derbyshire Dales 007,,3656
E02004075,Derbyshire Dales 008,,3657
E02004076,Derbyshire Dales 009,,3658
E02004077,Derbyshire Dales 010,,3659
E02004078,Erewash 001,,3660
E02004080,Erewash 003,,3661
E02004081,Erewash 004,,3662
E02004082,Erewash 005,,3663
E02004083,Erewash 006,,3664
E02004084,Erewash 007,,3665
E02004085,Erewash 008,,3666
E02004086,Erewash 009,,3667
E02004087,Erewash 010,,3668
E02004088,Erewash 011,,3669
E02004089,Erewash 012,,3670
E02004090,Erewash 013,,3671
E02004091,Erewash 014,,3672
E02003916,Cornwall 063,,3673
E02003966,Allerdale 002,,3674
E02004123,South Derbyshire 006,,3675
E02003815,Cheshire East 026,,3676
E02004092,Erewash 015,,3677
E02004093,High Peak 001,,3678
E02004094,High Peak 002,,3679
E02004095,High Peak 003,,3680
E02004096,High Peak 004,,3681
E02004097,High Peak 005,,3682
E02004098,High Peak 006,,3683
E02004100,High Peak 008,,3684
E02004102,High Peak 010,,3685
E02004103,High Peak 011,,3686
E02004104,High Peak 012,,3687
E02004105,North East Derbyshire 001,,3688
E02004106,North East Derbyshire 002,,3689
E02004108,North East Derbyshire 004,,3690
E02004109,North East Derbyshire 005,,3691
E02004110,North East Derbyshire 006,,3692
E02004111,North East Derbyshire 007,,3693
E02004112,North East Derbyshire 008,,3694
E02004113,North East Derbyshire 009,,3695
E02004114,North East Derbyshire 010,,3696
E02004115,North East Derbyshire 011,,3697
E02004116,North East Derbyshire 012,,3698
E02004117,North East Derbyshire 013,,3699
E02004118,South Derbyshire 001,,3700
E02004119,South Derbyshire 002,,3701
E02004120,South Derbyshire 003,,3702
E02004121,South Derbyshire 004,,3703
E02004122,South Derbyshire 005,,3704
E02004016,South Lakeland 002,,3705
E02003866,Cheshire East 014,,3706
E02003917,Cornwall 064,,3707
E02003918,Cornwall 045,,3708
E02003919,Cornwall 046,,3709
E02003920,Cornwall 049,,3710
E02003921,Cornwall 050,,3711
E02003922,Cornwall 051,,3712
E02003923,Cornwall 052,,3713
E02003924,Cornwall 053,,3714
E02003925,Cornwall 055,,3715
E02003926,Cornwall 059,,3716
E02003927,Cornwall 066,,3717
E02003928,Cornwall 071,,3718
E02003929,Cornwall 072,,3719
E02003930,Cornwall 073,,3720
E02003931,Cornwall 001,,3721
E02003932,Cornwall 002,,3722
E02003933,Cornwall 003,,3723
E02003934,Cornwall 004,,3724
E02003935,Cornwall 005,,3725
E02003936,Cornwall 006,,3726
E02003937,Cornwall 007,,3727
E02003938,Cornwall 008,,3728
E02003939,Cornwall 009,,3729
E02003940,Cornwall 011,,3730
E02003941,Cornwall 014,,3731
E02003942,Cornwall 015,,3732
E02003943,Cornwall 054,,3733
E02003867,Cheshire East 015,,3734
E02003944,Cornwall 057,,3735
E02003868,Cheshire East 016,,3736
E02003967,Allerdale 003,,3737
E02004017,South Lakeland 003,,3738
E02003945,Cornwall 058,,3739
E02003816,Cheshire East 027,,3740
E02004124,South Derbyshire 007,,3741
E02003869,Cheshire East 017,,3742
E02003968,Allerdale 004,,3743
E02004018,South Lakeland 004,,3744
E02003946,Cornwall 061,,3745
E02003817,Cheshire East 028,,3746
E02004125,South Derbyshire 008,,3747
E02003870,Cheshire East 018,,3748
E02003969,Allerdale 005,,3749
E02004019,South Lakeland 005,,3750
E02003947,Cornwall 065,,3751
E02003818,Cheshire East 029,,3752
E02004126,South Derbyshire 009,,3753
E02003871,Cheshire East 019,,3754
E02003970,Allerdale 006,,3755
E02004020,South Lakeland 006,,3756
E02003948,Cornwall 067,,3757
E02003819,Cheshire East 030,,3758
E02004128,South Derbyshire 011,,3759
E02003872,Cheshire East 020,,3760
E02003971,Allerdale 007,,3761
E02004021,South Lakeland 007,,3762
E02003949,Cornwall 068,,3763
E02003820,Cheshire East 031,,3764
E02004129,East Devon 001,,3765
E02003873,Cheshire East 021,,3766
E02003972,Allerdale 008,,3767
E02004022,South Lakeland 008,,3768
E02003950,Cornwall 069,,3769
E02003821,Cheshire East 032,,3770
E02004130,East Devon 002,,3771
E02003874,Cheshire West and Chester 002,,3772
E02003973,Allerdale 009,,3773
E02004023,South Lakeland 009,,3774
E02003951,Cornwall 070,,3775
E02003822,Cheshire East 033,,3776
E02003823,Cheshire East 040,,3777
E02003824,Cheshire East 042,,3778
E02003825,Cheshire East 034,,3779
E02003826,Cheshire East 035,,3780
E02003827,Cheshire East 036,,3781
E02003828,Cheshire East 037,,3782
E02003829,Cheshire East 038,,3783
E02003830,Cheshire East 039,,3784
E02003831,Cheshire East 041,,3785
E02003832,Cheshire East 043,,3786
E02003833,Cheshire East 044,,3787
E02003834,Cheshire East 045,,3788
E02003835,Cheshire East 046,,3789
E02003836,Cheshire East 047,,3790
E02003838,Cheshire East 048,,3791
E02003839,Cheshire East 050,,3792
E02003840,Cheshire East 051,,3793
E02003841,Cheshire West and Chester 001,,3794
E02003842,Cheshire West and Chester 004,,3795
E02003843,Cheshire West and Chester 005,,3796
E02003844,Cheshire West and Chester 006,,3797
E02003845,Cheshire West and Chester 007,,3798
E02003846,Cheshire West and Chester 008,,3799
E02003847,Cheshire West and Chester 009,,3800
E02003848,Cheshire West and Chester 010,,3801
E02003849,Cheshire West and Chester 011,,3802
E02003850,Cheshire West and Chester 013,,3803
E02003851,Cheshire West and Chester 014,,3804
E02003852,Cheshire West and Chester 016,,3805
E02003853,Cheshire East 001,,3806
E02003854,Cheshire East 002,,3807
E02003855,Cheshire East 003,,3808
E02003856,Cheshire East 004,,3809
E02003857,Cheshire East 005,,3810
E02003858,Cheshire East 006,,3811
E02003859,Cheshire East 007,,3812
E02003860,Cheshire East 008,,3813
E02003861,Cheshire East 009,,3814
E02003862,Cheshire East 011,,3815
E02003863,Cheshire East 010,,3816
E02003864,Cheshire East 012,,3817
E02003865,Cheshire East 013,,3818
E02004024,South Lakeland 010,,3819
E02004025,South Lakeland 011,,3820
E02004026,South Lakeland 012,,3821
E02004027,South Lakeland 013,,3822
E02004028,South Lakeland 014,,3823
E02004029,Amber Valley 001,,3824
E02004030,Amber Valley 002,,3825
E02004031,Amber Valley 003,,3826
E02004032,Amber Valley 004,,3827
E02004033,Amber Valley 005,,3828
E02004034,Amber Valley 006,,3829
E02004035,Amber Valley 007,,3830
E02004036,Amber Valley 008,,3831
E02004037,Amber Valley 009,,3832
E02004038,Amber Valley 010,,3833
E02004039,Amber Valley 011,,3834
E02004040,Amber Valley 012,,3835
E02004041,Amber Valley 013,,3836
E02004043,Amber Valley 015,,3837
E02004044,Amber Valley 016,,3838
E02004045,Bolsover 001,,3839
E02004046,Bolsover 002,,3840
E02004047,Bolsover 003,,3841
E02004048,Bolsover 004,,3842
E02004049,Bolsover 005,,3843
E02004050,Bolsover 006,,3844
E02004051,Bolsover 007,,3845
E02003974,Allerdale 010,,3846
E02004052,Bolsover 008,,3847
E02003975,Allerdale 011,,3848
E02003875,Cheshire West and Chester 003,,3849
E02003952,Cornwall 018,,3850
E02004053,Bolsover 009,,3851
E02003976,Allerdale 012,,3852
E02004131,East Devon 003,,3853
E02003876,Cheshire West and Chester 012,,3854
E02003953,Cornwall 019,,3855
E02004054,Bolsover 010,,3856
E02003977,Barrow-in-Furness 001,,3857
E02004132,East Devon 004,,3858
E02003877,Cheshire West and Chester 015,,3859
E02003954,Cornwall 020,,3860
E02004055,Chesterfield 001,,3861
E02003978,Barrow-in-Furness 002,,3862
E02004133,East Devon 005,,3863
E02003878,Cheshire West and Chester 017,,3864
E02003955,Cornwall 021,,3865
E02004056,Chesterfield 002,,3866
E02003979,Barrow-in-Furness 003,,3867
E02004135,East Devon 007,,3868
E02004136,East Devon 008,,3869
E02004137,East Devon 009,,3870
E02004138,East Devon 010,,3871
E02004139,East Devon 011,,3872
E02004140,East Devon 012,,3873
E02004141,East Devon 013,,3874
E02004142,East Devon 014,,3875
E02004143,East Devon 015,,3876
E02004144,East Devon 016,,3877
E02004145,East Devon 017,,3878
E02004146,East Devon 018,,3879
E02004147,East Devon 019,,3880
E02004148,East Devon 020,,3881
E02004149,Exeter 001,,3882
E02004150,Exeter 002,,3883
E02004151,Exeter 003,,3884
E02004152,Exeter 004,,3885
E02004153,Exeter 005,,3886
E02004154,Exeter 006,,3887
E02004155,Exeter 007,,3888
E02004156,Exeter 008,,3889
E02004157,Exeter 009,,3890
E02004158,Exeter 010,,3891
E02004159,Exeter 011,,3892
E02004160,Exeter 012,,3893
E02004161,Exeter 013,,3894
E02004162,Exeter 014,,3895
E02004163,Exeter 015,,3896
E02004164,Mid Devon 001,,3897
E02004165,Mid Devon 002,,3898
E02004166,Mid Devon 003,,3899
E02004167,Mid Devon 004,,3900
E02004168,Mid Devon 005,,3901
E02004169,Mid Devon 006,,3902
E02004170,Mid Devon 007,,3903
E02004171,Mid Devon 008,,3904
E02004172,Mid Devon 009,,3905
E02004173,Mid Devon 010,,3906
E02004174,Mid Devon 011,,3907
E02003980,Barrow-in-Furness 004,,3908
E02003981,Barrow-in-Furness 005,,3909
E02003982,Barrow-in-Furness 006,,3910
E02003983,Barrow-in-Furness 007,,3911
E02003984,Barrow-in-Furness 008,,3912
E02003985,Barrow-in-Furness 009,,3913
E02003986,Barrow-in-Furness 010,,3914
E02003987,Carlisle 001,,3915
E02003988,Carlisle 002,,3916
E02003989,Carlisle 003,,3917
E02003990,Carlisle 004,,3918
E02003991,Carlisle 005,,3919
E02003992,Carlisle 006,,3920
E02003993,Carlisle 007,,3921
E02003994,Carlisle 008,,3922
E02003995,Carlisle 009,,3923
E02003996,Carlisle 010,,3924
E02003997,Carlisle 011,,3925
E02003998,Carlisle 012,,3926
E02003999,Carlisle 013,,3927
E02004000,Copeland 001,,3928
E02004001,Copeland 002,,3929
E02004002,Copeland 003,,3930
E02004003,Copeland 004,,3931
E02004004,Copeland 005,,3932
E02004005,Copeland 006,,3933
E02004006,Copeland 007,,3934
E02003879,Cheshire West and Chester 018,,3935
E02004007,Copeland 008,,3936
E02003880,Cheshire West and Chester 019,,3937
E02003956,Cornwall 024,,3938
E02004057,Chesterfield 003,,3939
E02004008,Eden 001,,3940
E02003881,Cheshire West and Chester 020,,3941
E02003957,Cornwall 027,,3942
E02004058,Chesterfield 004,,3943
E02004009,Eden 002,,3944
E02003882,Cheshire West and Chester 021,,3945
E02003958,Cornwall 030,,3946
E02004059,Chesterfield 005,,3947
E02004010,Eden 003,,3948
E02003883,Cheshire West and Chester 023,,3949
E02003959,Cornwall 031,,3950
E02004060,Chesterfield 006,,3951
E02004011,Eden 004,,3952
E02003884,Cheshire West and Chester 024,,3953
E02003960,Cornwall 035,,3954
E02004061,Chesterfield 007,,3955
E02004012,Eden 005,,3956
E02003885,Cheshire West and Chester 026,,3957
E02003961,Cornwall 036,,3958
E02004013,Eden 006,,3959
E02004062,Chesterfield 008,,3960
E02003886,Cheshire West and Chester 035,,3961
E02003962,Cornwall 038,,3962
E02004014,Eden 007,,3963
E02004063,Chesterfield 009,,3964
E02003887,Cheshire West and Chester 037,,3965
E02003963,Cornwall 039,,3966
E02004015,South Lakeland 001,,3967
E02004064,Chesterfield 010,,3968
E02004065,Chesterfield 011,,3969
E02004066,Chesterfield 012,,3970
E02003964,Cornwall 041,,3971
E02003965,Allerdale 001,,3972
E02003888,Cheshire West and Chester 038,,3973
E02003889,Cheshire West and Chester 040,,3974
E02003890,Cheshire West and Chester 042,,3975
E02003891,Cheshire West and Chester 045,,3976
E02003892,Cornwall 010,,3977
E02003893,Cornwall 012,,3978
E02003894,Cornwall 013,,3979
E02003895,Cornwall 016,,3980
E02003896,Cornwall 017,,3981
E02003897,Cornwall 022,,3982
E02003898,Cornwall 023,,3983
E02003899,Cornwall 025,,3984
E02003900,Cornwall 026,,3985
E02003901,Cornwall 028,,3986
E02003902,Cornwall 029,,3987
E02003903,Cornwall 034,,3988
E02003904,Cornwall 037,,3989
E02003905,Cornwall 032,,3990
E02003906,Cornwall 033,,3991
E02003907,Cornwall 040,,3992
E02003908,Cornwall 042,,3993
E02003909,Cornwall 043,,3994
E02003910,Cornwall 044,,3995
E02003911,Cornwall 047,,3996
E02003912,Cornwall 048,,3997
E02003913,Cornwall 056,,3998
E02003914,Cornwall 060,,3999
E02003915,Cornwall 062,,4000
E02004379,Lewes 001,,4001
E02004380,Lewes 002,,4002
E02004381,Lewes 003,,4003
E02004382,Lewes 004,,4004
E02004383,Lewes 005,,4005
E02004384,Lewes 006,,4006
E02004385,Lewes 007,,4007
E02004386,Lewes 008,,4008
E02004387,Lewes 009,,4009
E02004388,Lewes 010,,4010
E02004389,Lewes 011,,4011
E02004390,Lewes 012,,4012
E02004391,Lewes 013,,4013
E02004392,Rother 001,,4014
E02004393,Rother 002,,4015
E02004394,Rother 003,,4016
E02004395,Rother 004,,4017
E02004479,Castle Point 007,,4018
E02004396,Rother 005,,4019
E02004397,Rother 006,,4020
E02004398,Rother 007,,4021
E02004480,Castle Point 008,,4022
E02004399,Rother 008,,4023
E02004481,Castle Point 009,,4024
E02004400,Rother 009,,4025
E02004482,Castle Point 010,,4026
E02004225,Torridge 006,,4027
E02004275,Dorset 029,,4028
E02004326,County Durham 034,,4029
E02004401,Rother 010,,4030
E02004483,Castle Point 011,,4031
E02004226,Torridge 007,,4032
E02004175,North Devon 001,,4033
E02004276,Dorset 030,,4034
E02004327,County Durham 036,,4035
E02004429,Basildon 006,,4036
E02004402,Rother 011,,4037
E02004484,Castle Point 012,,4038
E02004533,Epping Forest 007,,4039
E02004227,Torridge 008,,4040
E02004176,North Devon 002,,4041
E02004278,Dorset 034,,4042
E02004328,County Durham 035,,4043
E02004430,Basildon 007,,4044
E02004403,Wealden 001,,4045
E02004485,Chelmsford 001,,4046
E02004228,Torridge 009,,4047
E02004534,Epping Forest 008,,4048
E02004177,North Devon 003,,4049
E02004279,Dorset 036,,4050
E02004329,County Durham 037,,4051
E02004431,Basildon 008,,4052
E02004404,Wealden 002,,4053
E02004486,Chelmsford 002,,4054
E02004229,West Devon 001,,4055
E02004535,Epping Forest 009,,4056
E02004178,North Devon 004,,4057
E02004280,Dorset 037,,4058
E02004330,County Durham 039,,4059
E02004432,Basildon 009,,4060
E02004405,Wealden 003,,4061
E02004487,Chelmsford 003,,4062
E02004230,West Devon 002,,4063
E02004536,Epping Forest 010,,4064
E02004179,North Devon 005,,4065
E02004281,Dorset 038,,4066
E02004331,County Durham 040,,4067
E02004433,Basildon 010,,4068
E02004406,Wealden 004,,4069
E02004488,Chelmsford 004,,4070
E02004231,West Devon 003,,4071
E02004537,Epping Forest 011,,4072
E02004180,North Devon 006,,4073
E02004282,Dorset 040,,4074
E02004332,County Durham 043,,4075
E02004434,Basildon 011,,4076
E02004435,Basildon 012,,4077
E02004436,Basildon 013,,4078
E02004437,Basildon 014,,4079
E02004438,Basildon 015,,4080
E02004439,Basildon 016,,4081
E02004440,Basildon 017,,4082
E02004441,Basildon 018,,4083
E02004442,Basildon 019,,4084
E02004443,Basildon 020,,4085
E02004444,Basildon 021,,4086
E02004445,Basildon 022,,4087
E02004446,Braintree 001,,4088
E02004447,Braintree 002,,4089
E02004448,Braintree 003,,4090
E02004449,Braintree 004,,4091
E02004450,Braintree 005,,4092
E02004451,Braintree 006,,4093
E02004452,Braintree 007,,4094
E02004453,Braintree 008,,4095
E02004454,Braintree 009,,4096
E02004455,Braintree 010,,4097
E02004456,Braintree 011,,4098
E02004457,Braintree 012,,4099
E02004458,Braintree 013,,4100
E02004459,Braintree 014,,4101
E02004460,Braintree 015,,4102
E02004461,Braintree 016,,4103
E02004462,Braintree 017,,4104
E02004463,Braintree 018,,4105
E02004464,Brentwood 001,,4106
E02004465,Brentwood 002,,4107
E02004466,Brentwood 003,,4108
E02004467,Brentwood 004,,4109
E02004468,Brentwood 005,,4110
E02004469,Brentwood 006,,4111
E02004470,Brentwood 007,,4112
E02004471,Brentwood 008,,4113
E02004472,Brentwood 009,,4114
E02004473,Castle Point 001,,4115
E02004474,Castle Point 002,,4116
E02004475,Castle Point 003,,4117
E02004476,Castle Point 004,,4118
E02004477,Castle Point 005,,4119
E02004478,Castle Point 006,,4120
E02004333,County Durham 047,,4121
E02004334,County Durham 048,,4122
E02004335,County Durham 049,,4123
E02004336,County Durham 050,,4124
E02004337,County Durham 052,,4125
E02004338,County Durham 053,,4126
E02004339,County Durham 054,,4127
E02004340,County Durham 059,,4128
E02004341,County Durham 060,,4129
E02004342,County Durham 061,,4130
E02004343,County Durham 062,,4131
E02004344,County Durham 063,,4132
E02004345,County Durham 064,,4133
E02004348,County Durham 042,,4134
E02004349,County Durham 045,,4135
E02004350,County Durham 046,,4136
E02004351,County Durham 051,,4137
E02004352,County Durham 055,,4138
E02004353,County Durham 056,,4139
E02004354,County Durham 057,,4140
E02004355,County Durham 058,,4141
E02004356,Eastbourne 001,,4142
E02004357,Eastbourne 002,,4143
E02004358,Eastbourne 003,,4144
E02004359,Eastbourne 004,,4145
E02004361,Eastbourne 006,,4146
E02004362,Eastbourne 007,,4147
E02004363,Eastbourne 008,,4148
E02004407,Wealden 005,,4149
E02004364,Eastbourne 009,,4150
E02004408,Wealden 006,,4151
E02004283,Dorset 041,,4152
E02004538,Epping Forest 012,,4153
E02004365,Eastbourne 010,,4154
E02004409,Wealden 007,,4155
E02004232,West Devon 004,,4156
E02004181,North Devon 007,,4157
E02004284,Dorset 044,,4158
E02004539,Epping Forest 013,,4159
E02004489,Chelmsford 005,,4160
E02004366,Eastbourne 011,,4161
E02004410,Wealden 008,,4162
E02004233,West Devon 005,,4163
E02004182,North Devon 008,,4164
E02004285,Dorset 043,,4165
E02004540,Epping Forest 014,,4166
E02004490,Chelmsford 006,,4167
E02004367,Eastbourne 012,,4168
E02004411,Wealden 009,,4169
E02004234,West Devon 006,,4170
E02004183,North Devon 009,,4171
E02004286,Dorset 045,,4172
E02004541,Epping Forest 015,,4173
E02004491,Chelmsford 007,,4174
E02004368,Hastings 001,,4175
E02004412,Wealden 010,,4176
E02004235,West Devon 007,,4177
E02004236,"Bournemouth, Christchurch and Poole 002",,4178
E02004237,"Bournemouth, Christchurch and Poole 014",,4179
E02004238,"Bournemouth, Christchurch and Poole 019",,4180
E02004239,"Bournemouth, Christchurch and Poole 018",,4181
E02004240,"Bournemouth, Christchurch and Poole 024",,4182
E02004241,"Bournemouth, Christchurch and Poole 031",,4183
E02004242,"Bournemouth, Christchurch and Poole 033",,4184
E02004243,Dorset 007,,4185
E02004244,Dorset 010,,4186
E02004245,Dorset 012,,4187
E02004246,Dorset 015,,4188
E02004247,Dorset 013,,4189
E02004248,Dorset 016,,4190
E02004249,Dorset 017,,4191
E02004250,Dorset 018,,4192
E02004251,Dorset 020,,4193
E02004252,Dorset 021,,4194
E02004253,Dorset 024,,4195
E02004254,Dorset 025,,4196
E02004255,Dorset 001,,4197
E02004256,Dorset 002,,4198
E02004257,Dorset 003,,4199
E02004258,Dorset 005,,4200
E02004259,Dorset 006,,4201
E02004260,Dorset 009,,4202
E02004261,Dorset 011,,4203
E02004262,Dorset 014,,4204
E02004263,Dorset 027,,4205
E02004264,Dorset 028,,4206
E02004265,Dorset 033,,4207
E02004266,Dorset 035,,4208
E02004267,Dorset 039,,4209
E02004268,Dorset 042,,4210
E02004269,Dorset 004,,4211
E02004270,Dorset 008,,4212
E02004271,Dorset 019,,4213
E02004272,Dorset 022,,4214
E02004273,Dorset 023,,4215
E02004274,Dorset 026,,4216
E02004413,Wealden 011,,4217
E02004414,Wealden 012,,4218
E02004415,Wealden 013,,4219
E02004416,Wealden 014,,4220
E02004417,Wealden 015,,4221
E02004418,Wealden 016,,4222
E02004419,Wealden 017,,4223
E02004420,Wealden 018,,4224
E02004421,Wealden 019,,4225
E02004422,Wealden 020,,4226
E02004423,Wealden 021,,4227
E02004424,Basildon 001,,4228
E02004425,Basildon 002,,4229
E02004426,Basildon 003,,4230
E02004427,Basildon 004,,4231
E02004428,Basildon 005,,4232
E02004287,Dorset 046,,4233
E02004288,Dorset 047,,4234
E02004542,Epping Forest 016,,4235
E02004289,Dorset 048,,4236
E02004543,Epping Forest 017,,4237
E02004290,County Durham 002,,4238
E02004544,Harlow 001,,4239
E02004492,Chelmsford 008,,4240
E02004291,County Durham 005,,4241
E02004184,North Devon 010,,4242
E02004545,Harlow 002,,4243
E02004369,Hastings 002,,4244
E02004493,Chelmsford 009,,4245
E02004292,County Durham 007,,4246
E02004185,North Devon 011,,4247
E02004546,Harlow 003,,4248
E02004370,Hastings 003,,4249
E02004495,Chelmsford 011,,4250
E02004293,County Durham 011,,4251
E02004186,North Devon 012,,4252
E02004547,Harlow 004,,4253
E02004371,Hastings 004,,4254
E02004496,Chelmsford 012,,4255
E02004294,County Durham 013,,4256
E02004187,North Devon 013,,4257
E02004548,Harlow 005,,4258
E02004372,Hastings 005,,4259
E02004497,Chelmsford 013,,4260
E02004295,County Durham 015,,4261
E02004188,North Devon 014,,4262
E02004549,Harlow 006,,4263
E02004373,Hastings 006,,4264
E02004498,Chelmsford 014,,4265
E02004296,County Durham 019,,4266
E02004189,South Hams 001,,4267
E02004550,Harlow 007,,4268
E02004374,Hastings 007,,4269
E02004499,Chelmsford 015,,4270
E02004297,County Durham 001,,4271
E02004190,South Hams 002,,4272
E02004551,Harlow 008,,4273
E02004375,Hastings 008,,4274
E02004500,Chelmsford 016,,4275
E02004298,County Durham 003,,4276
E02004552,Harlow 009,,4277
E02004191,South Hams 003,,4278
E02004192,South Hams 004,,4279
E02004193,South Hams 005,,4280
E02004194,South Hams 006,,4281
E02004195,South Hams 007,,4282
E02004196,South Hams 008,,4283
E02004197,South Hams 009,,4284
E02004198,South Hams 010,,4285
E02004199,South Hams 011,,4286
E02004200,South Hams 012,,4287
E02004553,Harlow 010,,4288
E02004376,Hastings 009,,4289
E02004201,Teignbridge 001,,4290
E02004501,Chelmsford 017,,4291
E02004299,County Durham 004,,4292
E02004300,County Durham 006,,4293
E02004301,County Durham 008,,4294
E02004302,County Durham 009,,4295
E02004303,County Durham 010,,4296
E02004304,County Durham 012,,4297
E02004305,County Durham 014,,4298
E02004306,County Durham 020,,4299
E02004307,County Durham 024,,4300
E02004308,County Durham 022,,4301
E02004309,County Durham 023,,4302
E02004310,County Durham 026,,4303
E02004311,County Durham 027,,4304
E02004312,County Durham 028,,4305
E02004313,County Durham 029,,4306
E02004314,County Durham 030,,4307
E02004315,County Durham 033,,4308
E02004316,County Durham 031,,4309
E02004317,County Durham 038,,4310
E02004318,County Durham 041,,4311
E02004319,County Durham 044,,4312
E02004320,County Durham 016,,4313
E02004321,County Durham 017,,4314
E02004322,County Durham 018,,4315
E02004323,County Durham 021,,4316
E02004324,County Durham 025,,4317
E02004325,County Durham 032,,4318
E02004202,Teignbridge 002,,4319
E02004203,Teignbridge 003,,4320
E02004204,Teignbridge 004,,4321
E02004205,Teignbridge 005,,4322
E02004206,Teignbridge 006,,4323
E02004207,Teignbridge 007,,4324
E02004208,Teignbridge 008,,4325
E02004209,Teignbridge 009,,4326
E02004210,Teignbridge 010,,4327
E02004211,Teignbridge 011,,4328
E02004212,Teignbridge 012,,4329
E02004502,Chelmsford 018,,4330
E02004213,Teignbridge 013,,4331
E02004554,Harlow 011,,4332
E02004214,Teignbridge 014,,4333
E02004503,Chelmsford 019,,4334
E02004555,Maldon 001,,4335
E02004215,Teignbridge 015,,4336
E02004377,Hastings 010,,4337
E02004504,Chelmsford 020,,4338
E02004556,Maldon 002,,4339
E02004216,Teignbridge 016,,4340
E02004378,Hastings 011,,4341
E02004505,Chelmsford 021,,4342
E02004557,Maldon 003,,4343
E02004217,Teignbridge 017,,4344
E02004506,Colchester 001,,4345
E02004558,Maldon 004,,4346
E02004218,Teignbridge 018,,4347
E02004507,Colchester 002,,4348
E02004559,Maldon 005,,4349
E02004219,Teignbridge 019,,4350
E02004508,Colchester 003,,4351
E02004560,Maldon 006,,4352
E02004220,Torridge 001,,4353
E02004512,Colchester 007,,4354
E02004561,Maldon 007,,4355
E02004221,Torridge 002,,4356
E02004513,Colchester 008,,4357
E02004562,Maldon 008,,4358
E02004222,Torridge 003,,4359
E02004514,Colchester 009,,4360
E02004563,Rochford 001,,4361
E02004223,Torridge 004,,4362
E02004515,Colchester 010,,4363
E02004564,Rochford 002,,4364
E02004224,Torridge 005,,4365
E02004516,Colchester 011,,4366
E02004566,Rochford 004,,4367
E02004517,Colchester 012,,4368
E02004567,Rochford 005,,4369
E02004518,Colchester 013,,4370
E02004568,Rochford 006,,4371
E02004519,Colchester 014,,4372
E02004569,Rochford 007,,4373
E02004520,Colchester 015,,4374
E02004521,Colchester 016,,4375
E02004522,Colchester 017,,4376
E02004523,Colchester 018,,4377
E02004524,Colchester 019,,4378
E02004525,Colchester 020,,4379
E02004526,Colchester 021,,4380
E02004527,Epping Forest 001,,4381
E02004528,Epping Forest 002,,4382
E02004529,Epping Forest 003,,4383
E02004530,Epping Forest 004,,4384
E02004531,Epping Forest 005,,4385
E02004532,Epping Forest 006,,4386
E02004570,Rochford 008,,4387
E02004571,Rochford 009,,4388
E02004572,Rochford 010,,4389
E02004573,Tendring 001,,4390
E02004574,Tendring 002,,4391
E02004575,Tendring 003,,4392
E02004576,Tendring 004,,4393
E02004577,Tendring 005,,4394
E02004578,Tendring 006,,4395
E02004579,Tendring 007,,4396
E02004580,Tendring 008,,4397
E02004581,Tendring 009,,4398
E02004582,Tendring 010,,4399
E02004583,Tendring 011,,4400
E02004892,East Hertfordshire 015,,4401
E02004893,East Hertfordshire 016,,4402
E02004894,East Hertfordshire 017,,4403
E02004895,East Hertfordshire 018,,4404
E02004896,Hertsmere 001,,4405
E02004897,Hertsmere 002,,4406
E02004898,Hertsmere 003,,4407
E02004899,Hertsmere 004,,4408
E02004900,Hertsmere 005,,4409
E02004901,Hertsmere 006,,4410
E02004902,Hertsmere 007,,4411
E02004903,Hertsmere 008,,4412
E02004904,Hertsmere 009,,4413
E02004905,Hertsmere 010,,4414
E02004906,Hertsmere 011,,4415
E02004907,Hertsmere 012,,4416
E02004908,Hertsmere 013,,4417
E02004909,North Hertfordshire 001,,4418
E02004910,North Hertfordshire 002,,4419
E02004911,North Hertfordshire 003,,4420
E02004912,North Hertfordshire 004,,4421
E02004914,North Hertfordshire 006,,4422
E02004915,North Hertfordshire 007,,4423
E02004916,North Hertfordshire 008,,4424
E02004917,North Hertfordshire 009,,4425
E02004918,North Hertfordshire 010,,4426
E02004919,North Hertfordshire 011,,4427
E02004920,North Hertfordshire 012,,4428
E02004921,North Hertfordshire 013,,4429
E02004922,North Hertfordshire 014,,4430
E02004923,North Hertfordshire 015,,4431
E02004924,St Albans 001,,4432
E02004925,St Albans 002,,4433
E02004926,St Albans 003,,4434
E02004927,St Albans 004,,4435
E02004928,St Albans 005,,4436
E02004929,St Albans 006,,4437
E02004930,St Albans 007,,4438
E02004931,St Albans 008,,4439
E02004932,St Albans 009,,4440
E02004933,St Albans 010,,4441
E02004934,St Albans 011,,4442
E02004935,St Albans 012,,4443
E02004936,St Albans 013,,4444
E02004937,St Albans 014,,4445
E02004939,St Albans 016,,4446
E02004940,St Albans 017,,4447
E02004941,St Albans 018,,4448
E02004942,St Albans 019,,4449
E02004943,St Albans 020,,4450
E02004584,Tendring 012,,4451
E02004585,Tendring 013,,4452
E02004586,Tendring 014,,4453
E02004587,Tendring 015,,4454
E02004588,Tendring 016,,4455
E02004589,Tendring 017,,4456
E02004590,Tendring 018,,4457
E02004591,Uttlesford 001,,4458
E02004592,Uttlesford 002,,4459
E02004593,Uttlesford 003,,4460
E02004594,Uttlesford 004,,4461
E02004595,Uttlesford 005,,4462
E02004596,Uttlesford 006,,4463
E02004597,Uttlesford 007,,4464
E02004598,Uttlesford 008,,4465
E02004599,Uttlesford 009,,4466
E02004600,Cheltenham 001,,4467
E02004601,Cheltenham 002,,4468
E02004602,Cheltenham 003,,4469
E02004603,Cheltenham 004,,4470
E02004604,Cheltenham 005,,4471
E02004685,Basingstoke and Deane 011,,4472
E02004841,Winchester 013,,4473
E02004634,Forest of Dean 009,,4474
E02004790,New Forest 012,,4475
E02004605,Cheltenham 006,,4476
E02004606,Cheltenham 007,,4477
E02004607,Cheltenham 008,,4478
E02004608,Cheltenham 009,,4479
E02004609,Cheltenham 010,,4480
E02004610,Cheltenham 011,,4481
E02004611,Cheltenham 012,,4482
E02004612,Cheltenham 013,,4483
E02004613,Cheltenham 014,,4484
E02004614,Cheltenham 015,,4485
E02004615,Cotswold 001,,4486
E02004616,Cotswold 002,,4487
E02004617,Cotswold 003,,4488
E02004618,Cotswold 004,,4489
E02004619,Cotswold 005,,4490
E02004620,Cotswold 006,,4491
E02004621,Cotswold 007,,4492
E02004622,Cotswold 008,,4493
E02004623,Cotswold 009,,4494
E02004624,Cotswold 010,,4495
E02004625,Cotswold 011,,4496
E02004626,Forest of Dean 001,,4497
E02004627,Forest of Dean 002,,4498
E02004628,Forest of Dean 003,,4499
E02004629,Forest of Dean 004,,4500
E02004630,Forest of Dean 005,,4501
E02004631,Forest of Dean 006,,4502
E02004632,Forest of Dean 007,,4503
E02004633,Forest of Dean 008,,4504
E02004944,Stevenage 001,,4505
E02004737,Fareham 011,,4506
E02004738,Fareham 012,,4507
E02004739,Fareham 013,,4508
E02004740,Fareham 014,,4509
E02004741,Gosport 001,,4510
E02004742,Gosport 002,,4511
E02004743,Gosport 003,,4512
E02004744,Gosport 004,,4513
E02004745,Gosport 005,,4514
E02004746,Gosport 006,,4515
E02004747,Gosport 007,,4516
E02004748,Gosport 008,,4517
E02004749,Gosport 009,,4518
E02004750,Gosport 010,,4519
E02004751,Hart 001,,4520
E02004752,Hart 002,,4521
E02004753,Hart 003,,4522
E02004754,Hart 004,,4523
E02004755,Hart 005,,4524
E02004756,Hart 006,,4525
E02004757,Hart 007,,4526
E02004758,Hart 008,,4527
E02004759,Hart 009,,4528
E02004760,Hart 010,,4529
E02004761,Hart 011,,4530
E02004764,Havant 003,,4531
E02004765,Havant 004,,4532
E02004766,Havant 005,,4533
E02004767,Havant 006,,4534
E02004768,Havant 007,,4535
E02004686,Basingstoke and Deane 012,,4536
E02004769,Havant 008,,4537
E02004842,Winchester 014,,4538
E02004687,Basingstoke and Deane 013,,4539
E02004635,Forest of Dean 010,,4540
E02004770,Havant 009,,4541
E02004945,Stevenage 002,,4542
E02004791,New Forest 013,,4543
E02004843,Broxbourne 001,,4544
E02004688,Basingstoke and Deane 014,,4545
E02004636,Gloucester 001,,4546
E02004771,Havant 010,,4547
E02004946,Stevenage 003,,4548
E02004792,New Forest 014,,4549
E02004844,Broxbourne 002,,4550
E02004689,Basingstoke and Deane 015,,4551
E02004637,Gloucester 002,,4552
E02004772,Havant 011,,4553
E02004948,Stevenage 005,,4554
E02004793,New Forest 015,,4555
E02004845,Broxbourne 003,,4556
E02004690,Basingstoke and Deane 016,,4557
E02004638,Gloucester 003,,4558
E02004774,Havant 013,,4559
E02004949,Stevenage 006,,4560
E02004794,New Forest 016,,4561
E02004846,Broxbourne 004,,4562
E02004691,Basingstoke and Deane 017,,4563
E02004639,Gloucester 004,,4564
E02004775,Havant 014,,4565
E02004950,Stevenage 007,,4566
E02004795,New Forest 017,,4567
E02004847,Broxbourne 005,,4568
E02004692,Basingstoke and Deane 018,,4569
E02004640,Gloucester 005,,4570
E02004776,Havant 015,,4571
E02004951,Stevenage 008,,4572
E02004796,New Forest 018,,4573
E02004848,Broxbourne 006,,4574
E02004693,Basingstoke and Deane 019,,4575
E02004641,Gloucester 006,,4576
E02004777,Havant 016,,4577
E02004952,Stevenage 009,,4578
E02004797,New Forest 019,,4579
E02004778,Havant 017,,4580
E02004849,Broxbourne 007,,4581
E02004779,New Forest 001,,4582
E02004850,Broxbourne 008,,4583
E02004642,Gloucester 007,,4584
E02004780,New Forest 002,,4585
E02004851,Broxbourne 009,,4586
E02004953,Stevenage 010,,4587
E02004798,New Forest 020,,4588
E02004694,Basingstoke and Deane 020,,4589
E02004695,Basingstoke and Deane 021,,4590
E02004696,Basingstoke and Deane 022,,4591
E02004697,East Hampshire 001,,4592
E02004698,East Hampshire 002,,4593
E02004699,East Hampshire 003,,4594
E02004700,East Hampshire 004,,4595
E02004702,East Hampshire 006,,4596
E02004703,East Hampshire 007,,4597
E02004704,East Hampshire 008,,4598
E02004705,East Hampshire 009,,4599
E02004706,East Hampshire 010,,4600
E02004707,East Hampshire 011,,4601
E02004708,East Hampshire 012,,4602
E02004709,East Hampshire 013,,4603
E02004710,East Hampshire 014,,4604
E02004712,Eastleigh 001,,4605
E02004713,Eastleigh 002,,4606
E02004714,Eastleigh 003,,4607
E02004715,Eastleigh 004,,4608
E02004716,Eastleigh 005,,4609
E02004717,Eastleigh 006,,4610
E02004718,Eastleigh 007,,4611
E02004719,Eastleigh 008,,4612
E02004799,New Forest 021,,4613
E02004720,Eastleigh 009,,4614
E02004852,Broxbourne 010,,4615
E02004800,New Forest 022,,4616
E02004954,Stevenage 011,,4617
E02004721,Eastleigh 010,,4618
E02004781,New Forest 003,,4619
E02004853,Broxbourne 011,,4620
E02004643,Gloucester 008,,4621
E02004801,New Forest 023,,4622
E02004955,Stevenage 012,,4623
E02004722,Eastleigh 011,,4624
E02004782,New Forest 004,,4625
E02004854,Broxbourne 012,,4626
E02004644,Gloucester 009,,4627
E02004802,Rushmoor 001,,4628
E02004956,Three Rivers 001,,4629
E02004723,Eastleigh 012,,4630
E02004783,New Forest 005,,4631
E02004855,Broxbourne 013,,4632
E02004645,Gloucester 010,,4633
E02004803,Rushmoor 002,,4634
E02004957,Three Rivers 002,,4635
E02004724,Eastleigh 013,,4636
E02004784,New Forest 006,,4637
E02004856,Dacorum 001,,4638
E02004646,Gloucester 011,,4639
E02004804,Rushmoor 003,,4640
E02004958,Three Rivers 003,,4641
E02004725,Eastleigh 014,,4642
E02004785,New Forest 007,,4643
E02004857,Dacorum 002,,4644
E02004647,Gloucester 012,,4645
E02004805,Rushmoor 004,,4646
E02004959,Three Rivers 004,,4647
E02004726,Eastleigh 015,,4648
E02004786,New Forest 008,,4649
E02004858,Dacorum 003,,4650
E02004648,Gloucester 013,,4651
E02004806,Rushmoor 005,,4652
E02004960,Three Rivers 005,,4653
E02004727,Fareham 001,,4654
E02004787,New Forest 009,,4655
E02004859,Dacorum 004,,4656
E02004649,Gloucester 014,,4657
E02004807,Rushmoor 006,,4658
E02004961,Three Rivers 006,,4659
E02004728,Fareham 002,,4660
E02004788,New Forest 010,,4661
E02004860,Dacorum 005,,4662
E02004650,Gloucester 015,,4663
E02004808,Rushmoor 007,,4664
E02004962,Three Rivers 007,,4665
E02004729,Fareham 003,,4666
E02004789,New Forest 011,,4667
E02004861,Dacorum 006,,4668
E02004651,Stroud 001,,4669
E02004809,Rushmoor 008,,4670
E02004963,Three Rivers 008,,4671
E02004730,Fareham 004,,4672
E02004862,Dacorum 007,,4673
E02004652,Stroud 002,,4674
E02004810,Rushmoor 009,,4675
E02004964,Three Rivers 009,,4676
E02004731,Fareham 005,,4677
E02004863,Dacorum 008,,4678
E02004653,Stroud 003,,4679
E02004654,Stroud 004,,4680
E02004655,Stroud 005,,4681
E02004656,Stroud 006,,4682
E02004657,Stroud 007,,4683
E02004658,Stroud 008,,4684
E02004659,Stroud 009,,4685
E02004660,Stroud 010,,4686
E02004661,Stroud 011,,4687
E02004662,Stroud 012,,4688
E02004663,Stroud 013,,4689
E02004664,Stroud 014,,4690
E02004665,Stroud 015,,4691
E02004666,Tewkesbury 001,,4692
E02004667,Tewkesbury 002,,4693
E02004668,Tewkesbury 003,,4694
E02004669,Tewkesbury 004,,4695
E02004671,Tewkesbury 006,,4696
E02004672,Tewkesbury 007,,4697
E02004673,Tewkesbury 008,,4698
E02004674,Tewkesbury 009,,4699
E02004675,Basingstoke and Deane 001,,4700
E02004676,Basingstoke and Deane 002,,4701
E02004677,Basingstoke and Deane 003,,4702
E02004678,Basingstoke and Deane 004,,4703
E02004679,Basingstoke and Deane 005,,4704
E02004680,Basingstoke and Deane 006,,4705
E02004681,Basingstoke and Deane 007,,4706
E02004682,Basingstoke and Deane 008,,4707
E02004683,Basingstoke and Deane 009,,4708
E02004684,Basingstoke and Deane 010,,4709
E02004965,Three Rivers 010,,4710
E02004732,Fareham 006,,4711
E02004864,Dacorum 009,,4712
E02004966,Three Rivers 011,,4713
E02004733,Fareham 007,,4714
E02004811,Rushmoor 010,,4715
E02004865,Dacorum 010,,4716
E02004967,Three Rivers 012,,4717
E02004734,Fareham 008,,4718
E02004812,Rushmoor 011,,4719
E02004866,Dacorum 011,,4720
E02004968,Watford 001,,4721
E02004735,Fareham 009,,4722
E02004813,Rushmoor 012,,4723
E02004867,Dacorum 012,,4724
E02004969,Watford 002,,4725
E02004736,Fareham 010,,4726
E02004814,Test Valley 001,,4727
E02004868,Dacorum 013,,4728
E02004970,Watford 003,,4729
E02004815,Test Valley 002,,4730
E02004869,Dacorum 014,,4731
E02004971,Watford 004,,4732
E02004817,Test Valley 004,,4733
E02004870,Dacorum 015,,4734
E02004972,Watford 005,,4735
E02004818,Test Valley 005,,4736
E02004871,Dacorum 016,,4737
E02004973,Watford 006,,4738
E02004819,Test Valley 006,,4739
E02004872,Dacorum 017,,4740
E02004974,Watford 007,,4741
E02004820,Test Valley 007,,4742
E02004873,Dacorum 018,,4743
E02004975,Watford 008,,4744
E02004821,Test Valley 008,,4745
E02004874,Dacorum 019,,4746
E02004976,Watford 009,,4747
E02004822,Test Valley 009,,4748
E02004875,Dacorum 020,,4749
E02004977,Watford 010,,4750
E02004823,Test Valley 010,,4751
E02004876,Dacorum 021,,4752
E02004978,Watford 011,,4753
E02004824,Test Valley 011,,4754
E02004877,Dacorum 022,,4755
E02004979,Watford 012,,4756
E02004825,Test Valley 012,,4757
E02004878,East Hertfordshire 001,,4758
E02004980,Welwyn Hatfield 001,,4759
E02004826,Test Valley 013,,4760
E02004880,East Hertfordshire 003,,4761
E02004981,Welwyn Hatfield 002,,4762
E02004827,Test Valley 014,,4763
E02004881,East Hertfordshire 004,,4764
E02004982,Welwyn Hatfield 003,,4765
E02004828,Test Valley 015,,4766
E02004882,East Hertfordshire 005,,4767
E02004983,Welwyn Hatfield 004,,4768
E02004829,Winchester 001,,4769
E02004883,East Hertfordshire 006,,4770
E02004984,Welwyn Hatfield 005,,4771
E02004830,Winchester 002,,4772
E02004884,East Hertfordshire 007,,4773
E02004985,Welwyn Hatfield 006,,4774
E02004831,Winchester 003,,4775
E02004885,East Hertfordshire 008,,4776
E02004986,Welwyn Hatfield 007,,4777
E02004832,Winchester 004,,4778
E02004833,Winchester 005,,4779
E02004834,Winchester 006,,4780
E02004835,Winchester 007,,4781
E02004836,Winchester 008,,4782
E02004837,Winchester 009,,4783
E02004838,Winchester 010,,4784
E02004839,Winchester 011,,4785
E02004840,Winchester 012,,4786
E02004886,East Hertfordshire 009,,4787
E02004887,East Hertfordshire 010,,4788
E02004888,East Hertfordshire 011,,4789
E02004889,East Hertfordshire 012,,4790
E02004890,East Hertfordshire 013,,4791
E02004891,East Hertfordshire 014,,4792
E02004987,Welwyn Hatfield 008,,4793
E02004988,Welwyn Hatfield 009,,4794
E02004989,Welwyn Hatfield 010,,4795
E02004990,Welwyn Hatfield 011,,4796
E02004991,Welwyn Hatfield 012,,4797
E02004992,Welwyn Hatfield 013,,4798
E02004994,Welwyn Hatfield 015,,4799
E02004995,Welwyn Hatfield 016,,4800
E02004996,Ashford 001,,4801
E02004997,Ashford 002,,4802
E02004998,Ashford 003,,4803
E02005000,Ashford 005,,4804
E02005001,Ashford 006,,4805
E02005002,Ashford 007,,4806
E02005003,Ashford 008,,4807
E02005004,Ashford 009,,4808
E02005005,Ashford 010,,4809
E02005006,Ashford 011,,4810
E02005007,Ashford 012,,4811
E02005008,Ashford 013,,4812
E02005009,Ashford 014,,4813
E02005010,Canterbury 001,,4814
E02005011,Canterbury 002,,4815
E02005012,Canterbury 003,,4816
E02005013,Canterbury 004,,4817
E02005014,Canterbury 005,,4818
E02005015,Canterbury 006,,4819
E02005016,Canterbury 007,,4820
E02005017,Canterbury 008,,4821
E02005018,Canterbury 009,,4822
E02005019,Canterbury 010,,4823
E02005020,Canterbury 011,,4824
E02005021,Canterbury 012,,4825
E02005022,Canterbury 013,,4826
E02005023,Canterbury 014,,4827
E02005025,Canterbury 016,,4828
E02005026,Canterbury 017,,4829
E02005027,Canterbury 018,,4830
E02005028,Dartford 001,,4831
E02005029,Dartford 002,,4832
E02005030,Dartford 003,,4833
E02005031,Dartford 004,,4834
E02005032,Dartford 005,,4835
E02005033,Dartford 006,,4836
E02005034,Dartford 007,,4837
E02005035,Dartford 008,,4838
E02005036,Dartford 009,,4839
E02005037,Dartford 010,,4840
E02005038,Dartford 011,,4841
E02005039,Dartford 012,,4842
E02005040,Dartford 013,,4843
E02005041,Dover 001,,4844
E02005042,Dover 002,,4845
E02005043,Dover 003,,4846
E02005044,Dover 004,,4847
E02005045,Dover 005,,4848
E02005046,Dover 006,,4849
E02005047,Dover 007,,4850
E02005257,Preston 005,,4851
E02005258,Preston 006,,4852
E02005259,Preston 007,,4853
E02005260,Preston 008,,4854
E02005261,Preston 009,,4855
E02005262,Preston 010,,4856
E02005263,Preston 011,,4857
E02005264,Preston 012,,4858
E02005265,Preston 013,,4859
E02005266,Preston 014,,4860
E02005267,Preston 015,,4861
E02005268,Preston 016,,4862
E02005269,Preston 017,,4863
E02005270,Ribble Valley 001,,4864
E02005271,Ribble Valley 002,,4865
E02005272,Ribble Valley 003,,4866
E02005273,Ribble Valley 004,,4867
E02005274,Ribble Valley 005,,4868
E02005275,Ribble Valley 006,,4869
E02005276,Ribble Valley 007,,4870
E02005277,Ribble Valley 008,,4871
E02005278,Rossendale 001,,4872
E02005279,Rossendale 002,,4873
E02005280,Rossendale 003,,4874
E02005281,Rossendale 004,,4875
E02005284,Rossendale 007,,4876
E02005285,Rossendale 008,,4877
E02005309,West Lancashire 006,,4878
E02005360,Charnwood 016,,4879
E02005048,Dover 008,,4880
E02005286,Rossendale 009,,4881
E02005287,South Ribble 001,,4882
E02005288,South Ribble 002,,4883
E02005289,South Ribble 003,,4884
E02005290,South Ribble 004,,4885
E02005291,South Ribble 005,,4886
E02005292,South Ribble 006,,4887
E02005293,South Ribble 007,,4888
E02005294,South Ribble 008,,4889
E02005295,South Ribble 009,,4890
E02005296,South Ribble 010,,4891
E02005297,South Ribble 011,,4892
E02005298,South Ribble 012,,4893
E02005299,South Ribble 013,,4894
E02005300,South Ribble 014,,4895
E02005301,South Ribble 015,,4896
E02005302,South Ribble 016,,4897
E02005303,South Ribble 017,,4898
E02005304,West Lancashire 001,,4899
E02005305,West Lancashire 002,,4900
E02005306,West Lancashire 003,,4901
E02005307,West Lancashire 004,,4902
E02005308,West Lancashire 005,,4903
E02005099,Sevenoaks 013,,4904
E02005150,Tonbridge and Malling 002,,4905
E02005203,Fylde 001,,4906
E02005310,West Lancashire 007,,4907
E02005311,West Lancashire 008,,4908
E02005312,West Lancashire 009,,4909
E02005313,West Lancashire 010,,4910
E02005314,West Lancashire 011,,4911
E02005315,West Lancashire 012,,4912
E02005316,West Lancashire 013,,4913
E02005317,West Lancashire 014,,4914
E02005318,West Lancashire 015,,4915
E02005319,Wyre 001,,4916
E02005320,Wyre 002,,4917
E02005321,Wyre 003,,4918
E02005322,Wyre 004,,4919
E02005323,Wyre 005,,4920
E02005324,Wyre 006,,4921
E02005325,Wyre 007,,4922
E02005326,Wyre 008,,4923
E02005327,Wyre 009,,4924
E02005328,Wyre 010,,4925
E02005329,Wyre 011,,4926
E02005330,Wyre 012,,4927
E02005331,Wyre 013,,4928
E02005204,Fylde 002,,4929
E02005332,Wyre 014,,4930
E02005205,Fylde 003,,4931
E02005361,Charnwood 017,,4932
E02005151,Tonbridge and Malling 003,,4933
E02005334,Blaby 002,,4934
E02005100,Sevenoaks 014,,4935
E02005049,Dover 009,,4936
E02005206,Fylde 004,,4937
E02005362,Charnwood 018,,4938
E02005153,Tonbridge and Malling 005,,4939
E02005335,Blaby 003,,4940
E02005101,Sevenoaks 015,,4941
E02005050,Dover 010,,4942
E02005207,Fylde 005,,4943
E02005363,Charnwood 019,,4944
E02005154,Tonbridge and Malling 006,,4945
E02005336,Blaby 004,,4946
E02005102,Folkestone and Hythe 001,,4947
E02005051,Dover 011,,4948
E02005208,Fylde 006,,4949
E02005364,Charnwood 020,,4950
E02005155,Tonbridge and Malling 007,,4951
E02005337,Blaby 005,,4952
E02005103,Folkestone and Hythe 002,,4953
E02005052,Dover 012,,4954
E02005209,Fylde 007,,4955
E02005365,Charnwood 021,,4956
E02005156,Tonbridge and Malling 008,,4957
E02005338,Blaby 006,,4958
E02005104,Folkestone and Hythe 003,,4959
E02005053,Dover 013,,4960
E02005366,Charnwood 022,,4961
E02005210,Fylde 008,,4962
E02005157,Tonbridge and Malling 009,,4963
E02005339,Blaby 007,,4964
E02005105,Folkestone and Hythe 004,,4965
E02005054,Dover 014,,4966
E02005368,Harborough 002,,4967
E02005211,Fylde 009,,4968
E02005158,Tonbridge and Malling 010,,4969
E02005340,Blaby 008,,4970
E02005106,Folkestone and Hythe 005,,4971
E02005055,Gravesham 001,,4972
E02005369,Harborough 003,,4973
E02005212,Hyndburn 001,,4974
E02005159,Tonbridge and Malling 011,,4975
E02005341,Blaby 009,,4976
E02005107,Folkestone and Hythe 006,,4977
E02005056,Gravesham 002,,4978
E02005370,Harborough 004,,4979
E02005213,Hyndburn 002,,4980
E02005160,Tonbridge and Malling 012,,4981
E02005342,Blaby 010,,4982
E02005109,Folkestone and Hythe 008,,4983
E02005057,Gravesham 003,,4984
E02005058,Gravesham 004,,4985
E02005059,Gravesham 005,,4986
E02005060,Gravesham 006,,4987
E02005061,Gravesham 007,,4988
E02005062,Gravesham 008,,4989
E02005063,Gravesham 009,,4990
E02005064,Gravesham 010,,4991
E02005065,Gravesham 011,,4992
E02005066,Gravesham 012,,4993
E02005067,Gravesham 013,,4994
E02005068,Maidstone 001,,4995
E02005069,Maidstone 002,,4996
E02005070,Maidstone 003,,4997
E02005071,Maidstone 004,,4998
E02005072,Maidstone 005,,4999
E02005073,Maidstone 006,,5000
E02005074,Maidstone 007,,5001
E02005075,Maidstone 008,,5002
E02005076,Maidstone 009,,5003
E02005077,Maidstone 010,,5004
E02005078,Maidstone 011,,5005
E02005079,Maidstone 012,,5006
E02005080,Maidstone 013,,5007
E02005081,Maidstone 014,,5008
E02005082,Maidstone 015,,5009
E02005083,Maidstone 016,,5010
E02005084,Maidstone 017,,5011
E02005085,Maidstone 018,,5012
E02005086,Maidstone 019,,5013
E02005087,Sevenoaks 001,,5014
E02005088,Sevenoaks 002,,5015
E02005089,Sevenoaks 003,,5016
E02005090,Sevenoaks 004,,5017
E02005091,Sevenoaks 005,,5018
E02005093,Sevenoaks 007,,5019
E02005094,Sevenoaks 008,,5020
E02005095,Sevenoaks 009,,5021
E02005096,Sevenoaks 010,,5022
E02005097,Sevenoaks 011,,5023
E02005098,Sevenoaks 012,,5024
E02005110,Folkestone and Hythe 009,,5025
E02005111,Folkestone and Hythe 010,,5026
E02005112,Folkestone and Hythe 011,,5027
E02005113,Folkestone and Hythe 012,,5028
E02005114,Folkestone and Hythe 013,,5029
E02005115,Swale 001,,5030
E02005116,Swale 002,,5031
E02005117,Swale 003,,5032
E02005118,Swale 004,,5033
E02005119,Swale 005,,5034
E02005120,Swale 006,,5035
E02005121,Swale 007,,5036
E02005122,Swale 008,,5037
E02005123,Swale 009,,5038
E02005124,Swale 010,,5039
E02005125,Swale 011,,5040
E02005126,Swale 012,,5041
E02005127,Swale 013,,5042
E02005128,Swale 014,,5043
E02005129,Swale 015,,5044
E02005130,Swale 016,,5045
E02005131,Swale 017,,5046
E02005132,Thanet 001,,5047
E02005133,Thanet 002,,5048
E02005134,Thanet 003,,5049
E02005135,Thanet 004,,5050
E02005371,Harborough 005,,5051
E02005136,Thanet 005,,5052
E02005161,Tonbridge and Malling 013,,5053
E02005214,Hyndburn 003,,5054
E02005372,Harborough 006,,5055
E02005137,Thanet 006,,5056
E02005343,Blaby 011,,5057
E02005162,Tunbridge Wells 001,,5058
E02005215,Hyndburn 004,,5059
E02005373,Harborough 007,,5060
E02005138,Thanet 007,,5061
E02005344,Blaby 012,,5062
E02005163,Tunbridge Wells 002,,5063
E02005216,Hyndburn 005,,5064
E02005374,Harborough 008,,5065
E02005139,Thanet 008,,5066
E02005345,Charnwood 001,,5067
E02005164,Tunbridge Wells 003,,5068
E02005217,Hyndburn 006,,5069
E02005375,Harborough 009,,5070
E02005140,Thanet 009,,5071
E02005346,Charnwood 002,,5072
E02005165,Tunbridge Wells 004,,5073
E02005218,Hyndburn 007,,5074
E02005376,Harborough 010,,5075
E02005141,Thanet 010,,5076
E02005347,Charnwood 003,,5077
E02005166,Tunbridge Wells 005,,5078
E02005219,Hyndburn 008,,5079
E02005377,Hinckley and Bosworth 001,,5080
E02005142,Thanet 011,,5081
E02005348,Charnwood 004,,5082
E02005167,Tunbridge Wells 006,,5083
E02005220,Hyndburn 009,,5084
E02005378,Hinckley and Bosworth 002,,5085
E02005143,Thanet 012,,5086
E02005349,Charnwood 005,,5087
E02005350,Charnwood 006,,5088
E02005351,Charnwood 007,,5089
E02005352,Charnwood 008,,5090
E02005353,Charnwood 009,,5091
E02005354,Charnwood 010,,5092
E02005355,Charnwood 011,,5093
E02005356,Charnwood 012,,5094
E02005357,Charnwood 013,,5095
E02005358,Charnwood 014,,5096
E02005359,Charnwood 015,,5097
E02005144,Thanet 013,,5098
E02005145,Thanet 014,,5099
E02005146,Thanet 015,,5100
E02005147,Thanet 016,,5101
E02005148,Thanet 017,,5102
E02005149,Tonbridge and Malling 001,,5103
E02005221,Lancaster 001,,5104
E02005222,Lancaster 002,,5105
E02005223,Lancaster 003,,5106
E02005224,Lancaster 004,,5107
E02005225,Lancaster 005,,5108
E02005379,Hinckley and Bosworth 003,,5109
E02005226,Lancaster 006,,5110
E02005380,Hinckley and Bosworth 004,,5111
E02005168,Tunbridge Wells 007,,5112
E02005228,Lancaster 008,,5113
E02005381,Hinckley and Bosworth 005,,5114
E02005169,Tunbridge Wells 008,,5115
E02005229,Lancaster 009,,5116
E02005382,Hinckley and Bosworth 006,,5117
E02005170,Tunbridge Wells 009,,5118
E02005230,Lancaster 010,,5119
E02005383,Hinckley and Bosworth 007,,5120
E02005171,Tunbridge Wells 010,,5121
E02005231,Lancaster 011,,5122
E02005384,Hinckley and Bosworth 008,,5123
E02005172,Tunbridge Wells 011,,5124
E02005233,Lancaster 013,,5125
E02005385,Hinckley and Bosworth 009,,5126
E02005173,Tunbridge Wells 012,,5127
E02005234,Lancaster 014,,5128
E02005386,Hinckley and Bosworth 010,,5129
E02005174,Tunbridge Wells 013,,5130
E02005235,Lancaster 015,,5131
E02005387,Hinckley and Bosworth 011,,5132
E02005175,Tunbridge Wells 014,,5133
E02005236,Lancaster 016,,5134
E02005388,Hinckley and Bosworth 012,,5135
E02005176,Burnley 001,,5136
E02005237,Lancaster 017,,5137
E02005389,Hinckley and Bosworth 013,,5138
E02005177,Burnley 002,,5139
E02005238,Lancaster 018,,5140
E02005390,Hinckley and Bosworth 014,,5141
E02005178,Burnley 003,,5142
E02005239,Lancaster 019,,5143
E02005391,Melton 001,,5144
E02005179,Burnley 004,,5145
E02005240,Pendle 001,,5146
E02005392,Melton 002,,5147
E02005180,Burnley 005,,5148
E02005241,Pendle 002,,5149
E02005393,Melton 003,,5150
E02005181,Burnley 006,,5151
E02005242,Pendle 003,,5152
E02005394,Melton 004,,5153
E02005182,Burnley 007,,5154
E02005245,Pendle 006,,5155
E02005395,Melton 005,,5156
E02005183,Burnley 008,,5157
E02005246,Pendle 007,,5158
E02005396,Melton 006,,5159
E02005184,Burnley 009,,5160
E02005247,Pendle 008,,5161
E02005397,North West Leicestershire 001,,5162
E02005185,Burnley 010,,5163
E02005248,Pendle 009,,5164
E02005398,North West Leicestershire 002,,5165
E02005186,Burnley 011,,5166
E02005249,Pendle 010,,5167
E02005399,North West Leicestershire 003,,5168
E02005189,Chorley 001,,5169
E02005250,Pendle 011,,5170
E02005400,North West Leicestershire 004,,5171
E02005190,Chorley 002,,5172
E02005251,Pendle 012,,5173
E02005401,North West Leicestershire 005,,5174
E02005191,Chorley 003,,5175
E02005252,Pendle 013,,5176
E02005402,North West Leicestershire 006,,5177
E02005192,Chorley 004,,5178
E02005253,Preston 001,,5179
E02005403,North West Leicestershire 007,,5180
E02005193,Chorley 005,,5181
E02005254,Preston 002,,5182
E02005404,North West Leicestershire 008,,5183
E02005194,Chorley 006,,5184
E02005195,Chorley 007,,5185
E02005196,Chorley 008,,5186
E02005197,Chorley 009,,5187
E02005198,Chorley 010,,5188
E02005199,Chorley 011,,5189
E02005200,Chorley 012,,5190
E02005201,Chorley 013,,5191
E02005202,Chorley 014,,5192
E02005255,Preston 003,,5193
E02005256,Preston 004,,5194
E02005405,North West Leicestershire 009,,5195
E02005406,North West Leicestershire 010,,5196
E02005407,North West Leicestershire 011,,5197
E02005408,North West Leicestershire 012,,5198
E02005409,North West Leicestershire 013,,5199
E02005412,Oadby and Wigston 003,,5200
E02005466,South Holland 002,,5201
E02005621,West Northamptonshire 004,,5202
E02005467,South Holland 003,,5203
E02005516,Breckland 014,,5204
E02005414,Oadby and Wigston 005,,5205
E02005622,West Northamptonshire 005,,5206
E02005468,South Holland 004,,5207
E02005672,West Northamptonshire 031,,5208
E02005517,Breckland 015,,5209
E02005725,Northumberland 033,,5210
E02005415,Oadby and Wigston 006,,5211
E02005623,West Northamptonshire 003,,5212
E02005566,King's Lynn and West Norfolk 016,,5213
E02005781,Harrogate 021,,5214
E02005469,South Holland 005,,5215
E02005673,West Northamptonshire 033,,5216
E02005518,Breckland 016,,5217
E02005416,Oadby and Wigston 007,,5218
E02005726,Northumberland 034,,5219
E02005624,West Northamptonshire 010,,5220
E02005567,King's Lynn and West Norfolk 017,,5221
E02005470,South Holland 006,,5222
E02005782,Richmondshire 001,,5223
E02005674,West Northamptonshire 034,,5224
E02005519,Breckland 017,,5225
E02005417,Boston 001,,5226
E02005727,Northumberland 019,,5227
E02005625,West Northamptonshire 016,,5228
E02005568,King's Lynn and West Norfolk 018,,5229
E02005471,South Holland 007,,5230
E02005783,Richmondshire 002,,5231
E02005675,West Northamptonshire 036,,5232
E02005520,Broadland 001,,5233
E02005418,Boston 002,,5234
E02005728,Northumberland 037,,5235
E02005626,West Northamptonshire 022,,5236
E02005569,King's Lynn and West Norfolk 019,,5237
E02005472,South Holland 008,,5238
E02005784,Richmondshire 003,,5239
E02005676,West Northamptonshire 038,,5240
E02005521,Broadland 002,,5241
E02005419,Boston 003,,5242
E02005729,Northumberland 036,,5243
E02005627,West Northamptonshire 027,,5244
E02005570,North Norfolk 001,,5245
E02005473,South Holland 009,,5246
E02005785,Richmondshire 004,,5247
E02005677,West Northamptonshire 037,,5248
E02005522,Broadland 003,,5249
E02005420,Boston 004,,5250
E02005730,Northumberland 035,,5251
E02005628,West Northamptonshire 042,,5252
E02005571,North Norfolk 002,,5253
E02005474,South Holland 010,,5254
E02005786,Richmondshire 005,,5255
E02005679,West Northamptonshire 041,,5256
E02005523,Broadland 004,,5257
E02005422,Boston 006,,5258
E02005731,Northumberland 038,,5259
E02005629,North Northamptonshire 001,,5260
E02005572,North Norfolk 003,,5261
E02005475,South Holland 011,,5262
E02005787,Richmondshire 006,,5263
E02005680,West Northamptonshire 044,,5264
E02005524,Broadland 005,,5265
E02005423,Boston 007,,5266
E02005733,Northumberland 040,,5267
E02005630,North Northamptonshire 010,,5268
E02005573,North Norfolk 004,,5269
E02005476,South Kesteven 001,,5270
E02005788,Ryedale 001,,5271
E02005681,West Northamptonshire 040,,5272
E02005525,Broadland 006,,5273
E02005424,East Lindsey 001,,5274
E02005734,Northumberland 009,,5275
E02005631,North Northamptonshire 011,,5276
E02005574,North Norfolk 005,,5277
E02005477,South Kesteven 002,,5278
E02005789,Ryedale 002,,5279
E02005526,Broadland 007,,5280
E02005682,West Northamptonshire 043,,5281
E02005683,West Northamptonshire 046,,5282
E02005684,West Northamptonshire 045,,5283
E02005685,West Northamptonshire 047,,5284
E02005686,West Northamptonshire 048,,5285
E02005687,West Northamptonshire 049,,5286
E02005688,West Northamptonshire 050,,5287
E02005689,West Northamptonshire 051,,5288
E02005690,West Northamptonshire 053,,5289
E02005691,West Northamptonshire 052,,5290
E02005692,North Northamptonshire 026,,5291
E02005693,North Northamptonshire 028,,5292
E02005694,North Northamptonshire 029,,5293
E02005695,North Northamptonshire 030,,5294
E02005696,North Northamptonshire 031,,5295
E02005697,North Northamptonshire 032,,5296
E02005698,North Northamptonshire 033,,5297
E02005699,North Northamptonshire 036,,5298
E02005700,North Northamptonshire 038,,5299
E02005701,North Northamptonshire 040,,5300
E02005702,Northumberland 004,,5301
E02005703,Northumberland 005,,5302
E02005704,Northumberland 006,,5303
E02005705,Northumberland 007,,5304
E02005706,Northumberland 001,,5305
E02005707,Northumberland 002,,5306
E02005708,Northumberland 003,,5307
E02005709,Northumberland 022,,5308
E02005710,Northumberland 023,,5309
E02005711,Northumberland 024,,5310
E02005712,Northumberland 025,,5311
E02005713,Northumberland 026,,5312
E02005715,Northumberland 029,,5313
E02005717,Northumberland 030,,5314
E02005718,Northumberland 031,,5315
E02005719,Northumberland 032,,5316
E02005720,Northumberland 008,,5317
E02005721,Northumberland 011,,5318
E02005722,Northumberland 015,,5319
E02005723,Northumberland 016,,5320
E02005724,Northumberland 018,,5321
E02005527,Broadland 008,,5322
E02005790,Ryedale 003,,5323
E02005632,North Northamptonshire 024,,5324
E02005735,Northumberland 010,,5325
E02005633,North Northamptonshire 025,,5326
E02005791,Ryedale 004,,5327
E02005528,Broadland 009,,5328
E02005478,South Kesteven 003,,5329
E02005575,North Norfolk 006,,5330
E02005425,East Lindsey 002,,5331
E02005426,East Lindsey 003,,5332
E02005427,East Lindsey 004,,5333
E02005428,East Lindsey 005,,5334
E02005429,East Lindsey 006,,5335
E02005430,East Lindsey 007,,5336
E02005431,East Lindsey 008,,5337
E02005432,East Lindsey 009,,5338
E02005433,East Lindsey 010,,5339
E02005529,Broadland 010,,5340
E02005434,East Lindsey 011,,5341
E02005530,Broadland 011,,5342
E02005435,East Lindsey 012,,5343
E02005531,Broadland 012,,5344
E02005576,North Norfolk 007,,5345
E02005794,Ryedale 007,,5346
E02005436,East Lindsey 013,,5347
E02005479,South Kesteven 004,,5348
E02005634,North Northamptonshire 027,,5349
E02005532,Broadland 013,,5350
E02005736,Northumberland 013,,5351
E02005577,North Norfolk 008,,5352
E02005795,Scarborough 001,,5353
E02005437,East Lindsey 014,,5354
E02005480,South Kesteven 005,,5355
E02005635,North Northamptonshire 035,,5356
E02005533,Broadland 014,,5357
E02005739,Northumberland 017,,5358
E02005578,North Norfolk 009,,5359
E02005796,Scarborough 002,,5360
E02005438,East Lindsey 015,,5361
E02005481,South Kesteven 006,,5362
E02005636,North Northamptonshire 034,,5363
E02005534,Broadland 015,,5364
E02005740,Northumberland 020,,5365
E02005580,North Norfolk 011,,5366
E02005797,Scarborough 003,,5367
E02005439,East Lindsey 016,,5368
E02005482,South Kesteven 007,,5369
E02005483,South Kesteven 008,,5370
E02005484,South Kesteven 009,,5371
E02005485,South Kesteven 010,,5372
E02005486,South Kesteven 011,,5373
E02005487,South Kesteven 012,,5374
E02005488,South Kesteven 013,,5375
E02005489,South Kesteven 014,,5376
E02005490,South Kesteven 015,,5377
E02005491,South Kesteven 016,,5378
E02005492,West Lindsey 001,,5379
E02005493,West Lindsey 002,,5380
E02005494,West Lindsey 003,,5381
E02005495,West Lindsey 004,,5382
E02005496,West Lindsey 005,,5383
E02005497,West Lindsey 006,,5384
E02005498,West Lindsey 007,,5385
E02005499,West Lindsey 008,,5386
E02005500,West Lindsey 009,,5387
E02005501,West Lindsey 010,,5388
E02005502,West Lindsey 011,,5389
E02005503,Breckland 001,,5390
E02005504,Breckland 002,,5391
E02005505,Breckland 003,,5392
E02005506,Breckland 004,,5393
E02005507,Breckland 005,,5394
E02005508,Breckland 006,,5395
E02005509,Breckland 007,,5396
E02005510,Breckland 008,,5397
E02005511,Breckland 009,,5398
E02005512,Breckland 010,,5399
E02005513,Breckland 011,,5400
E02005514,Breckland 012,,5401
E02005515,Breckland 013,,5402
E02005535,Broadland 016,,5403
E02005536,Broadland 017,,5404
E02005537,Broadland 018,,5405
E02005538,Great Yarmouth 001,,5406
E02005539,Great Yarmouth 002,,5407
E02005540,Great Yarmouth 003,,5408
E02005541,Great Yarmouth 004,,5409
E02005542,Great Yarmouth 005,,5410
E02005543,Great Yarmouth 006,,5411
E02005544,Great Yarmouth 007,,5412
E02005545,Great Yarmouth 008,,5413
E02005546,Great Yarmouth 009,,5414
E02005547,Great Yarmouth 010,,5415
E02005548,Great Yarmouth 011,,5416
E02005549,Great Yarmouth 012,,5417
E02005550,Great Yarmouth 013,,5418
E02005551,King's Lynn and West Norfolk 001,,5419
E02005552,King's Lynn and West Norfolk 002,,5420
E02005553,King's Lynn and West Norfolk 003,,5421
E02005554,King's Lynn and West Norfolk 004,,5422
E02005555,King's Lynn and West Norfolk 005,,5423
E02005556,King's Lynn and West Norfolk 006,,5424
E02005557,King's Lynn and West Norfolk 007,,5425
E02005558,King's Lynn and West Norfolk 008,,5426
E02005559,King's Lynn and West Norfolk 009,,5427
E02005560,King's Lynn and West Norfolk 010,,5428
E02005561,King's Lynn and West Norfolk 011,,5429
E02005562,King's Lynn and West Norfolk 012,,5430
E02005563,King's Lynn and West Norfolk 013,,5431
E02005564,King's Lynn and West Norfolk 014,,5432
E02005565,King's Lynn and West Norfolk 015,,5433
E02005581,North Norfolk 012,,5434
E02005582,North Norfolk 013,,5435
E02005583,North Norfolk 014,,5436
E02005584,Norwich 001,,5437
E02005585,Norwich 002,,5438
E02005586,Norwich 003,,5439
E02005587,Norwich 004,,5440
E02005588,Norwich 005,,5441
E02005589,Norwich 006,,5442
E02005592,Norwich 009,,5443
E02005593,Norwich 010,,5444
E02005798,Scarborough 004,,5445
E02005594,Norwich 011,,5446
E02005799,Scarborough 005,,5447
E02005440,East Lindsey 017,,5448
E02005741,Northumberland 021,,5449
E02005637,North Northamptonshire 037,,5450
E02005595,Norwich 012,,5451
E02005800,Scarborough 006,,5452
E02005441,East Lindsey 018,,5453
E02005742,Craven 001,,5454
E02005638,North Northamptonshire 039,,5455
E02005596,Norwich 013,,5456
E02005801,Scarborough 007,,5457
E02005442,Lincoln 001,,5458
E02005744,Craven 003,,5459
E02005746,Craven 005,,5460
E02005747,Craven 006,,5461
E02005748,Craven 007,,5462
E02005749,Craven 008,,5463
E02005750,Hambleton 001,,5464
E02005751,Hambleton 002,,5465
E02005752,Hambleton 003,,5466
E02005754,Hambleton 005,,5467
E02005755,Hambleton 006,,5468
E02005756,Hambleton 007,,5469
E02005757,Hambleton 008,,5470
E02005758,Hambleton 009,,5471
E02005759,Hambleton 010,,5472
E02005760,Hambleton 011,,5473
E02005761,Harrogate 001,,5474
E02005762,Harrogate 002,,5475
E02005763,Harrogate 003,,5476
E02005764,Harrogate 004,,5477
E02005765,Harrogate 005,,5478
E02005766,Harrogate 006,,5479
E02005767,Harrogate 007,,5480
E02005768,Harrogate 008,,5481
E02005769,Harrogate 009,,5482
E02005770,Harrogate 010,,5483
E02005771,Harrogate 011,,5484
E02005772,Harrogate 012,,5485
E02005773,Harrogate 013,,5486
E02005774,Harrogate 014,,5487
E02005775,Harrogate 015,,5488
E02005776,Harrogate 016,,5489
E02005777,Harrogate 017,,5490
E02005778,Harrogate 018,,5491
E02005779,Harrogate 019,,5492
E02005780,Harrogate 020,,5493
E02005443,Lincoln 002,,5494
E02005444,Lincoln 003,,5495
E02005445,Lincoln 004,,5496
E02005446,Lincoln 005,,5497
E02005447,Lincoln 006,,5498
E02005448,Lincoln 007,,5499
E02005449,Lincoln 008,,5500
E02005450,Lincoln 009,,5501
E02005451,Lincoln 010,,5502
E02005452,Lincoln 011,,5503
E02005453,North Kesteven 001,,5504
E02005455,North Kesteven 003,,5505
E02005456,North Kesteven 004,,5506
E02005457,North Kesteven 005,,5507
E02005458,North Kesteven 006,,5508
E02005459,North Kesteven 007,,5509
E02005460,North Kesteven 008,,5510
E02005461,North Kesteven 009,,5511
E02005462,North Kesteven 010,,5512
E02005463,North Kesteven 011,,5513
E02005639,North Northamptonshire 012,,5514
E02005464,North Kesteven 012,,5515
E02005640,North Northamptonshire 013,,5516
E02005802,Scarborough 008,,5517
E02005598,South Norfolk 002,,5518
E02005465,South Holland 001,,5519
E02005641,North Northamptonshire 014,,5520
E02005803,Scarborough 009,,5521
E02005599,South Norfolk 003,,5522
E02005642,North Northamptonshire 015,,5523
E02005804,Scarborough 010,,5524
E02005600,South Norfolk 004,,5525
E02005643,North Northamptonshire 016,,5526
E02005805,Scarborough 011,,5527
E02005601,South Norfolk 005,,5528
E02005644,North Northamptonshire 017,,5529
E02005806,Scarborough 012,,5530
E02005602,South Norfolk 006,,5531
E02005645,North Northamptonshire 018,,5532
E02005807,Scarborough 013,,5533
E02005603,South Norfolk 007,,5534
E02005646,North Northamptonshire 019,,5535
E02005808,Scarborough 014,,5536
E02005604,South Norfolk 008,,5537
E02005647,North Northamptonshire 022,,5538
E02005809,Selby 001,,5539
E02005605,South Norfolk 009,,5540
E02005648,North Northamptonshire 021,,5541
E02005810,Selby 002,,5542
E02005606,South Norfolk 010,,5543
E02005650,West Northamptonshire 006,,5544
E02005811,Selby 003,,5545
E02005607,South Norfolk 011,,5546
E02005651,West Northamptonshire 007,,5547
E02005812,Selby 004,,5548
E02005608,South Norfolk 012,,5549
E02005652,West Northamptonshire 008,,5550
E02005813,Selby 005,,5551
E02005609,South Norfolk 013,,5552
E02005653,West Northamptonshire 011,,5553
E02005814,Selby 006,,5554
E02005815,Selby 007,,5555
E02005610,South Norfolk 014,,5556
E02005816,Selby 008,,5557
E02005654,West Northamptonshire 009,,5558
E02005655,West Northamptonshire 012,,5559
E02005656,West Northamptonshire 014,,5560
E02005611,South Norfolk 015,,5561
E02005657,West Northamptonshire 013,,5562
E02005817,Selby 009,,5563
E02005612,North Northamptonshire 002,,5564
E02005658,West Northamptonshire 015,,5565
E02005818,Selby 010,,5566
E02005613,North Northamptonshire 003,,5567
E02005659,West Northamptonshire 018,,5568
E02005819,Ashfield 001,,5569
E02005614,North Northamptonshire 006,,5570
E02005660,West Northamptonshire 026,,5571
E02005820,Ashfield 002,,5572
E02005615,North Northamptonshire 004,,5573
E02005661,West Northamptonshire 017,,5574
E02005821,Ashfield 003,,5575
E02005616,North Northamptonshire 005,,5576
E02005662,West Northamptonshire 019,,5577
E02005822,Ashfield 004,,5578
E02005617,North Northamptonshire 007,,5579
E02005663,West Northamptonshire 023,,5580
E02005823,Ashfield 005,,5581
E02005619,West Northamptonshire 001,,5582
E02005664,West Northamptonshire 025,,5583
E02005824,Ashfield 006,,5584
E02005620,West Northamptonshire 002,,5585
E02005665,West Northamptonshire 024,,5586
E02005825,Ashfield 007,,5587
E02005666,West Northamptonshire 021,,5588
E02005826,Ashfield 008,,5589
E02005667,West Northamptonshire 020,,5590
E02005827,Ashfield 009,,5591
E02005668,West Northamptonshire 028,,5592
E02005828,Ashfield 010,,5593
E02005669,West Northamptonshire 029,,5594
E02005829,Ashfield 011,,5595
E02005670,West Northamptonshire 032,,5596
E02005830,Ashfield 012,,5597
E02005671,West Northamptonshire 030,,5598
E02005831,Ashfield 013,,5599
E02005832,Ashfield 014,,5600
E02005833,Ashfield 015,,5601
E02006041,Shropshire 030,,5602
E02005834,Ashfield 016,,5603
E02006042,Shropshire 032,,5604
E02005835,Bassetlaw 001,,5605
E02005991,Vale of White Horse 014,,5606
E02006043,Shropshire 036,,5607
E02005836,Bassetlaw 002,,5608
E02005992,Vale of White Horse 015,,5609
E02006091,South Somerset 017,,5610
E02005938,Cherwell 018,,5611
E02006044,Shropshire 037,,5612
E02005837,Bassetlaw 003,,5613
E02005993,West Oxfordshire 001,,5614
E02005888,Mansfield 009,,5615
E02006092,South Somerset 018,,5616
E02005939,Cherwell 019,,5617
E02006045,Shropshire 038,,5618
E02005838,Bassetlaw 004,,5619
E02005994,West Oxfordshire 002,,5620
E02006193,Stafford 006,,5621
E02006093,South Somerset 019,,5622
E02005889,Mansfield 010,,5623
E02005940,Oxford 001,,5624
E02006141,East Staffordshire 011,,5625
E02006046,Shropshire 039,,5626
E02005839,Bassetlaw 005,,5627
E02005995,West Oxfordshire 003,,5628
E02006194,Stafford 007,,5629
E02006094,South Somerset 020,,5630
E02005890,Mansfield 011,,5631
E02005941,Oxford 002,,5632
E02006142,East Staffordshire 012,,5633
E02006047,Mendip 001,,5634
E02005840,Bassetlaw 006,,5635
E02005996,West Oxfordshire 004,,5636
E02006195,Stafford 008,,5637
E02006095,South Somerset 021,,5638
E02005891,Mansfield 012,,5639
E02005942,Oxford 003,,5640
E02006143,East Staffordshire 013,,5641
E02006048,Mendip 002,,5642
E02005842,Bassetlaw 008,,5643
E02005997,West Oxfordshire 005,,5644
E02006196,Stafford 009,,5645
E02006096,South Somerset 022,,5646
E02005892,Mansfield 013,,5647
E02005943,Oxford 004,,5648
E02006144,East Staffordshire 014,,5649
E02006049,Mendip 003,,5650
E02005843,Bassetlaw 009,,5651
E02005998,West Oxfordshire 006,,5652
E02006197,Stafford 010,,5653
E02006198,Stafford 011,,5654
E02006199,Stafford 012,,5655
E02006200,Stafford 013,,5656
E02006201,Stafford 014,,5657
E02006202,Stafford 015,,5658
E02006203,Stafford 016,,5659
E02006204,Staffordshire Moorlands 001,,5660
E02006205,Staffordshire Moorlands 002,,5661
E02006206,Staffordshire Moorlands 003,,5662
E02006207,Staffordshire Moorlands 004,,5663
E02006208,Staffordshire Moorlands 005,,5664
E02006209,Staffordshire Moorlands 006,,5665
E02006210,Staffordshire Moorlands 007,,5666
E02006211,Staffordshire Moorlands 008,,5667
E02006212,Staffordshire Moorlands 009,,5668
E02006213,Staffordshire Moorlands 010,,5669
E02006214,Staffordshire Moorlands 011,,5670
E02006215,Staffordshire Moorlands 012,,5671
E02006216,Staffordshire Moorlands 013,,5672
E02006217,Tamworth 001,,5673
E02006218,Tamworth 002,,5674
E02006219,Tamworth 003,,5675
E02006220,Tamworth 004,,5676
E02006221,Tamworth 005,,5677
E02006222,Tamworth 006,,5678
E02006223,Tamworth 007,,5679
E02006224,Tamworth 008,,5680
E02006225,Tamworth 009,,5681
E02006226,Tamworth 010,,5682
E02006227,Babergh 001,,5683
E02006228,Babergh 002,,5684
E02006229,Babergh 003,,5685
E02006230,Babergh 004,,5686
E02006231,Babergh 005,,5687
E02006232,Babergh 006,,5688
E02006233,Babergh 007,,5689
E02006234,Babergh 008,,5690
E02006235,Babergh 009,,5691
E02006236,Babergh 010,,5692
E02006237,Babergh 011,,5693
E02006238,West Suffolk 002,,5694
E02006239,West Suffolk 001,,5695
E02006240,West Suffolk 003,,5696
E02006241,West Suffolk 004,,5697
E02006242,West Suffolk 007,,5698
E02005999,West Oxfordshire 007,,5699
E02006000,West Oxfordshire 008,,5700
E02006001,West Oxfordshire 009,,5701
E02006002,West Oxfordshire 010,,5702
E02006003,West Oxfordshire 011,,5703
E02006004,West Oxfordshire 012,,5704
E02006005,West Oxfordshire 013,,5705
E02006006,West Oxfordshire 014,,5706
E02006007,West Oxfordshire 015,,5707
E02006008,Shropshire 025,,5708
E02006009,Shropshire 027,,5709
E02006010,Shropshire 029,,5710
E02006011,Shropshire 031,,5711
E02006012,Shropshire 033,,5712
E02006013,Shropshire 034,,5713
E02006014,Shropshire 035,,5714
E02006015,Shropshire 001,,5715
E02006016,Shropshire 002,,5716
E02006017,Shropshire 004,,5717
E02006018,Shropshire 005,,5718
E02006019,Shropshire 008,,5719
E02006020,Shropshire 009,,5720
E02005893,Newark and Sherwood 001,,5721
E02006021,Shropshire 010,,5722
E02005894,Newark and Sherwood 002,,5723
E02005844,Bassetlaw 010,,5724
E02006145,East Staffordshire 015,,5725
E02006050,Mendip 004,,5726
E02006022,Shropshire 013,,5727
E02005944,Oxford 005,,5728
E02005895,Newark and Sherwood 003,,5729
E02005846,Bassetlaw 012,,5730
E02006097,South Somerset 023,,5731
E02006146,Lichfield 001,,5732
E02006051,Mendip 005,,5733
E02006023,Shropshire 003,,5734
E02005945,Oxford 006,,5735
E02005896,Newark and Sherwood 004,,5736
E02005847,Bassetlaw 013,,5737
E02006098,South Somerset 024,,5738
E02006147,Lichfield 002,,5739
E02006052,Mendip 006,,5740
E02006024,Shropshire 006,,5741
E02005946,Oxford 007,,5742
E02005897,Newark and Sherwood 005,,5743
E02005848,Bassetlaw 014,,5744
E02006099,Somerset West and Taunton 006,,5745
E02006148,Lichfield 003,,5746
E02006053,Mendip 007,,5747
E02006025,Shropshire 007,,5748
E02005947,Oxford 008,,5749
E02005948,Oxford 009,,5750
E02005949,Oxford 010,,5751
E02005950,Oxford 011,,5752
E02005951,Oxford 012,,5753
E02005953,Oxford 014,,5754
E02005954,Oxford 015,,5755
E02005955,Oxford 016,,5756
E02005956,Oxford 017,,5757
E02005957,Oxford 018,,5758
E02005958,South Oxfordshire 001,,5759
E02005959,South Oxfordshire 002,,5760
E02005960,South Oxfordshire 003,,5761
E02005961,South Oxfordshire 004,,5762
E02005962,South Oxfordshire 005,,5763
E02005963,South Oxfordshire 006,,5764
E02005964,South Oxfordshire 007,,5765
E02005965,South Oxfordshire 008,,5766
E02005966,South Oxfordshire 009,,5767
E02005967,South Oxfordshire 010,,5768
E02005968,South Oxfordshire 011,,5769
E02005969,South Oxfordshire 012,,5770
E02005970,South Oxfordshire 013,,5771
E02005971,South Oxfordshire 014,,5772
E02005972,South Oxfordshire 015,,5773
E02005973,South Oxfordshire 016,,5774
E02005974,South Oxfordshire 017,,5775
E02005975,South Oxfordshire 018,,5776
E02005976,South Oxfordshire 019,,5777
E02005977,South Oxfordshire 020,,5778
E02005978,Vale of White Horse 001,,5779
E02005979,Vale of White Horse 002,,5780
E02005980,Vale of White Horse 003,,5781
E02005981,Vale of White Horse 004,,5782
E02005982,Vale of White Horse 005,,5783
E02005983,Vale of White Horse 006,,5784
E02005984,Vale of White Horse 007,,5785
E02005985,Vale of White Horse 008,,5786
E02005986,Vale of White Horse 009,,5787
E02005987,Vale of White Horse 010,,5788
E02005988,Vale of White Horse 011,,5789
E02006054,Mendip 008,,5790
E02006055,Mendip 009,,5791
E02006056,Mendip 010,,5792
E02006057,Mendip 011,,5793
E02006058,Mendip 012,,5794
E02006059,Mendip 013,,5795
E02006060,Mendip 014,,5796
E02006061,Sedgemoor 001,,5797
E02006062,Sedgemoor 002,,5798
E02006063,Sedgemoor 003,,5799
E02006064,Sedgemoor 004,,5800
E02006065,Sedgemoor 005,,5801
E02006066,Sedgemoor 006,,5802
E02006067,Sedgemoor 007,,5803
E02006068,Sedgemoor 008,,5804
E02006069,Sedgemoor 009,,5805
E02006070,Sedgemoor 010,,5806
E02006071,Sedgemoor 011,,5807
E02006072,Sedgemoor 012,,5808
E02006073,Sedgemoor 013,,5809
E02006074,Sedgemoor 014,,5810
E02006075,South Somerset 001,,5811
E02006076,South Somerset 002,,5812
E02006077,South Somerset 003,,5813
E02006078,South Somerset 004,,5814
E02006079,South Somerset 005,,5815
E02006080,South Somerset 006,,5816
E02005849,Bassetlaw 015,,5817
E02006081,South Somerset 007,,5818
E02005850,Broxtowe 001,,5819
E02006149,Lichfield 004,,5820
E02006100,Somerset West and Taunton 007,,5821
E02006082,South Somerset 008,,5822
E02005851,Broxtowe 002,,5823
E02005898,Newark and Sherwood 006,,5824
E02006026,Shropshire 011,,5825
E02006150,Lichfield 005,,5826
E02006101,Somerset West and Taunton 013,,5827
E02006083,South Somerset 009,,5828
E02005852,Broxtowe 003,,5829
E02005899,Newark and Sherwood 007,,5830
E02006027,Shropshire 012,,5831
E02006151,Lichfield 006,,5832
E02006102,Somerset West and Taunton 010,,5833
E02006084,South Somerset 010,,5834
E02005853,Broxtowe 004,,5835
E02005900,Newark and Sherwood 008,,5836
E02006028,Shropshire 014,,5837
E02006152,Lichfield 007,,5838
E02006103,Somerset West and Taunton 009,,5839
E02006085,South Somerset 011,,5840
E02005856,Broxtowe 007,,5841
E02005901,Newark and Sherwood 009,,5842
E02006029,Shropshire 015,,5843
E02006030,Shropshire 016,,5844
E02006031,Shropshire 017,,5845
E02006032,Shropshire 018,,5846
E02006033,Shropshire 019,,5847
E02006034,Shropshire 020,,5848
E02006035,Shropshire 021,,5849
E02006036,Shropshire 022,,5850
E02006037,Shropshire 023,,5851
E02006038,Shropshire 024,,5852
E02006039,Shropshire 026,,5853
E02006040,Shropshire 028,,5854
E02005902,Newark and Sherwood 010,,5855
E02005903,Newark and Sherwood 011,,5856
E02005904,Newark and Sherwood 012,,5857
E02005905,Newark and Sherwood 013,,5858
E02005906,Rushcliffe 001,,5859
E02005907,Rushcliffe 002,,5860
E02005908,Rushcliffe 003,,5861
E02005909,Rushcliffe 004,,5862
E02005910,Rushcliffe 005,,5863
E02005911,Rushcliffe 006,,5864
E02005912,Rushcliffe 007,,5865
E02005913,Rushcliffe 008,,5866
E02005914,Rushcliffe 009,,5867
E02005915,Rushcliffe 010,,5868
E02005916,Rushcliffe 011,,5869
E02005917,Rushcliffe 012,,5870
E02005918,Rushcliffe 013,,5871
E02005919,Rushcliffe 014,,5872
E02005920,Rushcliffe 015,,5873
E02005921,Cherwell 001,,5874
E02005922,Cherwell 002,,5875
E02005923,Cherwell 003,,5876
E02005924,Cherwell 004,,5877
E02005925,Cherwell 005,,5878
E02005926,Cherwell 006,,5879
E02005927,Cherwell 007,,5880
E02005928,Cherwell 008,,5881
E02005857,Broxtowe 008,,5882
E02005929,Cherwell 009,,5883
E02006086,South Somerset 012,,5884
E02006153,Lichfield 008,,5885
E02005858,Broxtowe 009,,5886
E02005930,Cherwell 010,,5887
E02006104,Somerset West and Taunton 008,,5888
E02006087,South Somerset 013,,5889
E02006154,Lichfield 009,,5890
E02005859,Broxtowe 010,,5891
E02005931,Cherwell 011,,5892
E02006105,Somerset West and Taunton 011,,5893
E02006088,South Somerset 014,,5894
E02006155,Lichfield 010,,5895
E02005860,Broxtowe 011,,5896
E02005932,Cherwell 012,,5897
E02006106,Somerset West and Taunton 012,,5898
E02006089,South Somerset 015,,5899
E02006156,Lichfield 011,,5900
E02005861,Broxtowe 012,,5901
E02005933,Cherwell 013,,5902
E02006107,Somerset West and Taunton 014,,5903
E02006090,South Somerset 016,,5904
E02006157,Lichfield 012,,5905
E02005862,Broxtowe 013,,5906
E02005934,Cherwell 014,,5907
E02006108,Somerset West and Taunton 015,,5908
E02006158,Newcastle-under-Lyme 001,,5909
E02005863,Broxtowe 014,,5910
E02005935,Cherwell 015,,5911
E02006109,Somerset West and Taunton 016,,5912
E02006159,Newcastle-under-Lyme 002,,5913
E02005864,Broxtowe 015,,5914
E02005936,Cherwell 016,,5915
E02006110,Somerset West and Taunton 018,,5916
E02006160,Newcastle-under-Lyme 003,,5917
E02005865,Gedling 001,,5918
E02005937,Cherwell 017,,5919
E02006111,Somerset West and Taunton 017,,5920
E02006161,Newcastle-under-Lyme 004,,5921
E02005866,Gedling 002,,5922
E02006112,Somerset West and Taunton 019,,5923
E02006162,Newcastle-under-Lyme 005,,5924
E02005868,Gedling 004,,5925
E02006113,Somerset West and Taunton 001,,5926
E02006163,Newcastle-under-Lyme 006,,5927
E02005869,Gedling 005,,5928
E02006114,Somerset West and Taunton 002,,5929
E02006164,Newcastle-under-Lyme 007,,5930
E02005870,Gedling 006,,5931
E02006115,Somerset West and Taunton 003,,5932
E02006165,Newcastle-under-Lyme 008,,5933
E02005871,Gedling 007,,5934
E02006166,Newcastle-under-Lyme 009,,5935
E02006116,Somerset West and Taunton 004,,5936
E02006167,Newcastle-under-Lyme 010,,5937
E02006117,Somerset West and Taunton 005,,5938
E02005872,Gedling 008,,5939
E02006168,Newcastle-under-Lyme 011,,5940
E02005873,Gedling 009,,5941
E02006118,Cannock Chase 001,,5942
E02006169,Newcastle-under-Lyme 012,,5943
E02005874,Gedling 010,,5944
E02006119,Cannock Chase 002,,5945
E02006170,Newcastle-under-Lyme 013,,5946
E02005875,Gedling 011,,5947
E02006120,Cannock Chase 003,,5948
E02006171,Newcastle-under-Lyme 014,,5949
E02005876,Gedling 012,,5950
E02006121,Cannock Chase 004,,5951
E02006172,Newcastle-under-Lyme 015,,5952
E02005877,Gedling 013,,5953
E02006122,Cannock Chase 005,,5954
E02006173,Newcastle-under-Lyme 016,,5955
E02005878,Gedling 014,,5956
E02006123,Cannock Chase 006,,5957
E02006174,South Staffordshire 001,,5958
E02005879,Gedling 015,,5959
E02006124,Cannock Chase 007,,5960
E02006175,South Staffordshire 002,,5961
E02005880,Mansfield 001,,5962
E02006125,Cannock Chase 008,,5963
E02006176,South Staffordshire 003,,5964
E02005881,Mansfield 002,,5965
E02006126,Cannock Chase 009,,5966
E02006177,South Staffordshire 004,,5967
E02005882,Mansfield 003,,5968
E02006127,Cannock Chase 010,,5969
E02006178,South Staffordshire 005,,5970
E02005883,Mansfield 004,,5971
E02006128,Cannock Chase 011,,5972
E02006179,South Staffordshire 006,,5973
E02005884,Mansfield 005,,5974
E02006129,Cannock Chase 012,,5975
E02006180,South Staffordshire 007,,5976
E02005885,Mansfield 006,,5977
E02006130,Cannock Chase 013,,5978
E02006181,South Staffordshire 008,,5979
E02005886,Mansfield 007,,5980
E02006131,East Staffordshire 001,,5981
E02006182,South Staffordshire 009,,5982
E02005887,Mansfield 008,,5983
E02006132,East Staffordshire 002,,5984
E02006185,South Staffordshire 012,,5985
E02006133,East Staffordshire 003,,5986
E02006186,South Staffordshire 013,,5987
E02006134,East Staffordshire 004,,5988
E02006187,South Staffordshire 014,,5989
E02006135,East Staffordshire 005,,5990
E02006188,Stafford 001,,5991
E02006136,East Staffordshire 006,,5992
E02006189,Stafford 002,,5993
E02006137,East Staffordshire 007,,5994
E02006190,Stafford 003,,5995
E02006138,East Staffordshire 008,,5996
E02006191,Stafford 004,,5997
E02006139,East Staffordshire 009,,5998
E02006192,Stafford 005,,5999
E02006140,East Staffordshire 010,,6000
E02006549,Arun 008,,6001
E02006550,Arun 009,,6002
E02006551,Arun 010,,6003
E02006552,Arun 011,,6004
E02006553,Arun 012,,6005
E02006554,Arun 013,,6006
E02006555,Arun 014,,6007
E02006556,Arun 015,,6008
E02006557,Arun 016,,6009
E02006558,Arun 017,,6010
E02006559,Arun 018,,6011
E02006560,Arun 019,,6012
E02006561,Chichester 001,,6013
E02006562,Chichester 002,,6014
E02006563,Chichester 003,,6015
E02006564,Chichester 004,,6016
E02006565,Chichester 005,,6017
E02006243,West Suffolk 008,,6018
E02006566,Chichester 006,,6019
E02006567,Chichester 007,,6020
E02006568,Chichester 008,,6021
E02006245,Ipswich 001,,6022
E02006569,Chichester 009,,6023
E02006246,Ipswich 002,,6024
E02006599,Horsham 012,,6025
E02006395,Runnymede 003,,6026
E02006345,Guildford 002,,6027
E02006570,Chichester 010,,6028
E02006247,Ipswich 003,,6029
E02006600,Horsham 013,,6030
E02006446,Waverley 008,,6031
E02006396,Runnymede 004,,6032
E02006294,East Suffolk 022,,6033
E02006499,Rugby 008,,6034
E02006346,Guildford 003,,6035
E02006347,Guildford 004,,6036
E02006348,Guildford 005,,6037
E02006349,Guildford 006,,6038
E02006350,Guildford 007,,6039
E02006351,Guildford 008,,6040
E02006352,Guildford 009,,6041
E02006353,Guildford 010,,6042
E02006354,Guildford 011,,6043
E02006355,Guildford 012,,6044
E02006356,Guildford 013,,6045
E02006357,Guildford 014,,6046
E02006358,Guildford 015,,6047
E02006359,Guildford 016,,6048
E02006360,Guildford 017,,6049
E02006361,Guildford 018,,6050
E02006362,Mole Valley 001,,6051
E02006363,Mole Valley 002,,6052
E02006364,Mole Valley 003,,6053
E02006365,Mole Valley 004,,6054
E02006366,Mole Valley 005,,6055
E02006367,Mole Valley 006,,6056
E02006368,Mole Valley 007,,6057
E02006369,Mole Valley 008,,6058
E02006370,Mole Valley 009,,6059
E02006371,Mole Valley 010,,6060
E02006372,Mole Valley 011,,6061
E02006373,Mole Valley 012,,6062
E02006374,Mole Valley 013,,6063
E02006375,Reigate and Banstead 001,,6064
E02006376,Reigate and Banstead 002,,6065
E02006377,Reigate and Banstead 003,,6066
E02006378,Reigate and Banstead 004,,6067
E02006379,Reigate and Banstead 005,,6068
E02006380,Reigate and Banstead 006,,6069
E02006381,Reigate and Banstead 007,,6070
E02006382,Reigate and Banstead 008,,6071
E02006383,Reigate and Banstead 009,,6072
E02006384,Reigate and Banstead 010,,6073
E02006385,Reigate and Banstead 011,,6074
E02006386,Reigate and Banstead 012,,6075
E02006387,Reigate and Banstead 013,,6076
E02006388,Reigate and Banstead 014,,6077
E02006389,Reigate and Banstead 015,,6078
E02006390,Reigate and Banstead 016,,6079
E02006391,Reigate and Banstead 017,,6080
E02006392,Reigate and Banstead 018,,6081
E02006393,Runnymede 001,,6082
E02006394,Runnymede 002,,6083
E02006447,Waverley 009,,6084
E02006448,Waverley 010,,6085
E02006449,Waverley 011,,6086
E02006450,Waverley 012,,6087
E02006451,Waverley 013,,6088
E02006453,Waverley 015,,6089
E02006454,Waverley 016,,6090
E02006455,Waverley 017,,6091
E02006456,Woking 001,,6092
E02006457,Woking 002,,6093
E02006458,Woking 003,,6094
E02006459,Woking 004,,6095
E02006460,Woking 005,,6096
E02006461,Woking 006,,6097
E02006462,Woking 007,,6098
E02006463,Woking 008,,6099
E02006464,Woking 009,,6100
E02006465,Woking 010,,6101
E02006466,Woking 011,,6102
E02006467,Woking 012,,6103
E02006468,North Warwickshire 001,,6104
E02006469,North Warwickshire 002,,6105
E02006470,North Warwickshire 003,,6106
E02006471,North Warwickshire 004,,6107
E02006472,North Warwickshire 005,,6108
E02006473,North Warwickshire 006,,6109
E02006474,North Warwickshire 007,,6110
E02006248,Ipswich 004,,6111
E02006475,Nuneaton and Bedworth 001,,6112
E02006249,Ipswich 005,,6113
E02006571,Chichester 011,,6114
E02006601,Horsham 014,,6115
E02006397,Runnymede 005,,6116
E02006476,Nuneaton and Bedworth 002,,6117
E02006500,Rugby 009,,6118
E02006295,East Suffolk 024,,6119
E02006250,Ipswich 006,,6120
E02006572,Chichester 012,,6121
E02006602,Horsham 015,,6122
E02006398,Runnymede 006,,6123
E02006477,Nuneaton and Bedworth 003,,6124
E02006501,Rugby 010,,6125
E02006296,East Suffolk 025,,6126
E02006251,Ipswich 007,,6127
E02006573,Chichester 013,,6128
E02006603,Horsham 016,,6129
E02006399,Runnymede 007,,6130
E02006478,Nuneaton and Bedworth 004,,6131
E02006502,Rugby 011,,6132
E02006503,Rugby 012,,6133
E02006504,Stratford-on-Avon 001,,6134
E02006505,Stratford-on-Avon 002,,6135
E02006506,Stratford-on-Avon 003,,6136
E02006507,Stratford-on-Avon 004,,6137
E02006508,Stratford-on-Avon 005,,6138
E02006509,Stratford-on-Avon 006,,6139
E02006510,Stratford-on-Avon 007,,6140
E02006511,Stratford-on-Avon 008,,6141
E02006512,Stratford-on-Avon 009,,6142
E02006513,Stratford-on-Avon 010,,6143
E02006514,Stratford-on-Avon 011,,6144
E02006515,Stratford-on-Avon 012,,6145
E02006516,Stratford-on-Avon 013,,6146
E02006517,Stratford-on-Avon 014,,6147
E02006518,Stratford-on-Avon 015,,6148
E02006519,Warwick 001,,6149
E02006520,Warwick 002,,6150
E02006521,Warwick 003,,6151
E02006522,Warwick 004,,6152
E02006523,Warwick 005,,6153
E02006524,Warwick 006,,6154
E02006525,Warwick 007,,6155
E02006526,Warwick 008,,6156
E02006527,Warwick 009,,6157
E02006528,Warwick 010,,6158
E02006529,Warwick 011,,6159
E02006530,Warwick 012,,6160
E02006531,Warwick 013,,6161
E02006532,Warwick 014,,6162
E02006533,Warwick 015,,6163
E02006534,Adur 001,,6164
E02006535,Adur 002,,6165
E02006536,Adur 003,,6166
E02006537,Adur 004,,6167
E02006538,Adur 005,,6168
E02006539,Adur 006,,6169
E02006540,Adur 007,,6170
E02006541,Adur 008,,6171
E02006542,Arun 001,,6172
E02006543,Arun 002,,6173
E02006544,Arun 003,,6174
E02006545,Arun 004,,6175
E02006546,Arun 005,,6176
E02006547,Arun 006,,6177
E02006548,Arun 007,,6178
E02006400,Runnymede 008,,6179
E02006401,Runnymede 009,,6180
E02006402,Runnymede 010,,6181
E02006403,Spelthorne 001,,6182
E02006404,Spelthorne 002,,6183
E02006405,Spelthorne 003,,6184
E02006406,Spelthorne 004,,6185
E02006407,Spelthorne 005,,6186
E02006408,Spelthorne 006,,6187
E02006409,Spelthorne 007,,6188
E02006410,Spelthorne 008,,6189
E02006411,Spelthorne 009,,6190
E02006412,Spelthorne 010,,6191
E02006413,Spelthorne 011,,6192
E02006414,Spelthorne 012,,6193
E02006415,Spelthorne 013,,6194
E02006416,Surrey Heath 001,,6195
E02006417,Surrey Heath 002,,6196
E02006418,Surrey Heath 003,,6197
E02006419,Surrey Heath 004,,6198
E02006420,Surrey Heath 005,,6199
E02006421,Surrey Heath 006,,6200
E02006422,Surrey Heath 007,,6201
E02006423,Surrey Heath 008,,6202
E02006424,Surrey Heath 009,,6203
E02006425,Surrey Heath 010,,6204
E02006297,East Suffolk 026,,6205
E02006426,Surrey Heath 011,,6206
E02006604,Mid Sussex 001,,6207
E02006427,Surrey Heath 012,,6208
E02006298,East Suffolk 027,,6209
E02006605,Mid Sussex 002,,6210
E02006574,Chichester 014,,6211
E02006479,Nuneaton and Bedworth 005,,6212
E02006429,Tandridge 002,,6213
E02006252,Ipswich 008,,6214
E02006299,East Suffolk 028,,6215
E02006606,Mid Sussex 003,,6216
E02006575,Crawley 001,,6217
E02006480,Nuneaton and Bedworth 006,,6218
E02006430,Tandridge 003,,6219
E02006253,Ipswich 009,,6220
E02006300,East Suffolk 029,,6221
E02006607,Mid Sussex 004,,6222
E02006576,Crawley 002,,6223
E02006481,Nuneaton and Bedworth 007,,6224
E02006431,Tandridge 004,,6225
E02006254,Ipswich 010,,6226
E02006301,East Suffolk 030,,6227
E02006608,Mid Sussex 005,,6228
E02006577,Crawley 003,,6229
E02006482,Nuneaton and Bedworth 008,,6230
E02006432,Tandridge 005,,6231
E02006255,Ipswich 011,,6232
E02006302,East Suffolk 001,,6233
E02006303,East Suffolk 002,,6234
E02006304,East Suffolk 003,,6235
E02006305,East Suffolk 004,,6236
E02006306,East Suffolk 005,,6237
E02006307,East Suffolk 007,,6238
E02006308,East Suffolk 006,,6239
E02006309,East Suffolk 009,,6240
E02006310,East Suffolk 008,,6241
E02006311,East Suffolk 010,,6242
E02006312,East Suffolk 011,,6243
E02006313,East Suffolk 012,,6244
E02006314,East Suffolk 013,,6245
E02006315,East Suffolk 014,,6246
E02006316,East Suffolk 015,,6247
E02006317,Elmbridge 001,,6248
E02006318,Elmbridge 002,,6249
E02006319,Elmbridge 003,,6250
E02006320,Elmbridge 004,,6251
E02006321,Elmbridge 005,,6252
E02006322,Elmbridge 006,,6253
E02006323,Elmbridge 007,,6254
E02006324,Elmbridge 008,,6255
E02006325,Elmbridge 009,,6256
E02006326,Elmbridge 010,,6257
E02006327,Elmbridge 011,,6258
E02006328,Elmbridge 012,,6259
E02006329,Elmbridge 013,,6260
E02006330,Elmbridge 014,,6261
E02006331,Elmbridge 015,,6262
E02006332,Elmbridge 016,,6263
E02006333,Elmbridge 017,,6264
E02006334,Elmbridge 018,,6265
E02006335,Epsom and Ewell 001,,6266
E02006336,Epsom and Ewell 002,,6267
E02006337,Epsom and Ewell 003,,6268
E02006338,Epsom and Ewell 004,,6269
E02006339,Epsom and Ewell 005,,6270
E02006341,Epsom and Ewell 007,,6271
E02006342,Epsom and Ewell 008,,6272
E02006343,Epsom and Ewell 009,,6273
E02006344,Guildford 001,,6274
E02006256,Ipswich 012,,6275
E02006257,Ipswich 013,,6276
E02006258,Ipswich 014,,6277
E02006259,Ipswich 015,,6278
E02006260,Ipswich 016,,6279
E02006261,Mid Suffolk 001,,6280
E02006262,Mid Suffolk 002,,6281
E02006263,Mid Suffolk 003,,6282
E02006264,Mid Suffolk 004,,6283
E02006265,Mid Suffolk 005,,6284
E02006266,Mid Suffolk 006,,6285
E02006267,Mid Suffolk 007,,6286
E02006268,Mid Suffolk 008,,6287
E02006269,Mid Suffolk 009,,6288
E02006270,Mid Suffolk 010,,6289
E02006271,Mid Suffolk 011,,6290
E02006272,Mid Suffolk 012,,6291
E02006273,West Suffolk 005,,6292
E02006274,West Suffolk 006,,6293
E02006275,West Suffolk 009,,6294
E02006276,West Suffolk 016,,6295
E02006277,West Suffolk 012,,6296
E02006278,West Suffolk 011,,6297
E02006279,West Suffolk 014,,6298
E02006280,West Suffolk 010,,6299
E02006281,West Suffolk 013,,6300
E02006282,West Suffolk 017,,6301
E02006578,Crawley 004,,6302
E02006483,Nuneaton and Bedworth 009,,6303
E02006283,West Suffolk 018,,6304
E02006433,Tandridge 006,,6305
E02006609,Mid Sussex 006,,6306
E02006579,Crawley 005,,6307
E02006484,Nuneaton and Bedworth 010,,6308
E02006284,West Suffolk 019,,6309
E02006434,Tandridge 007,,6310
E02006610,Mid Sussex 007,,6311
E02006580,Crawley 006,,6312
E02006485,Nuneaton and Bedworth 011,,6313
E02006285,West Suffolk 021,,6314
E02006435,Tandridge 008,,6315
E02006611,Mid Sussex 008,,6316
E02006581,Crawley 007,,6317
E02006486,Nuneaton and Bedworth 012,,6318
E02006286,West Suffolk 020,,6319
E02006436,Tandridge 009,,6320
E02006612,Mid Sussex 009,,6321
E02006582,Crawley 008,,6322
E02006487,Nuneaton and Bedworth 013,,6323
E02006287,East Suffolk 016,,6324
E02006437,Tandridge 010,,6325
E02006613,Mid Sussex 010,,6326
E02006583,Crawley 009,,6327
E02006488,Nuneaton and Bedworth 014,,6328
E02006288,East Suffolk 017,,6329
E02006438,Tandridge 011,,6330
E02006614,Mid Sussex 011,,6331
E02006615,Mid Sussex 012,,6332
E02006616,Mid Sussex 013,,6333
E02006617,Mid Sussex 014,,6334
E02006618,Mid Sussex 015,,6335
E02006619,Mid Sussex 016,,6336
E02006620,Mid Sussex 017,,6337
E02006621,Worthing 001,,6338
E02006622,Worthing 002,,6339
E02006623,Worthing 003,,6340
E02006624,Worthing 004,,6341
E02006625,Worthing 005,,6342
E02006626,Worthing 006,,6343
E02006627,Worthing 007,,6344
E02006628,Worthing 008,,6345
E02006629,Worthing 009,,6346
E02006630,Worthing 010,,6347
E02006631,Worthing 011,,6348
E02006632,Worthing 012,,6349
E02006633,Worthing 013,,6350
E02006634,Wiltshire 012,,6351
E02006635,Wiltshire 019,,6352
E02006636,Wiltshire 024,,6353
E02006637,Wiltshire 025,,6354
E02006638,Wiltshire 026,,6355
E02006639,Wiltshire 028,,6356
E02006640,Wiltshire 029,,6357
E02006641,Wiltshire 034,,6358
E02006642,Wiltshire 038,,6359
E02006644,Wiltshire 001,,6360
E02006645,Wiltshire 002,,6361
E02006646,Wiltshire 003,,6362
E02006647,Wiltshire 004,,6363
E02006648,Wiltshire 005,,6364
E02006649,Wiltshire 006,,6365
E02006489,Nuneaton and Bedworth 015,,6366
E02006490,Nuneaton and Bedworth 016,,6367
E02006493,Rugby 002,,6368
E02006494,Rugby 003,,6369
E02006495,Rugby 004,,6370
E02006496,Rugby 005,,6371
E02006497,Rugby 006,,6372
E02006498,Rugby 007,,6373
E02006584,Crawley 010,,6374
E02006585,Crawley 011,,6375
E02006586,Crawley 012,,6376
E02006587,Crawley 013,,6377
E02006289,East Suffolk 018,,6378
E02006588,Horsham 001,,6379
E02006290,East Suffolk 019,,6380
E02006439,Waverley 001,,6381
E02006589,Horsham 002,,6382
E02006291,East Suffolk 020,,6383
E02006440,Waverley 002,,6384
E02006590,Horsham 003,,6385
E02006292,East Suffolk 021,,6386
E02006441,Waverley 003,,6387
E02006591,Horsham 004,,6388
E02006293,East Suffolk 023,,6389
E02006442,Waverley 004,,6390
E02006592,Horsham 005,,6391
E02006443,Waverley 005,,6392
E02006593,Horsham 006,,6393
E02006444,Waverley 006,,6394
E02006594,Horsham 007,,6395
E02006445,Waverley 007,,6396
E02006595,Horsham 008,,6397
E02006596,Horsham 009,,6398
E02006597,Horsham 010,,6399
E02006598,Horsham 011,,6400
E02006650,Wiltshire 007,,6401
E02006651,Wiltshire 008,,6402
E02006652,Wiltshire 009,,6403
E02006653,Wiltshire 010,,6404
E02006654,Wiltshire 011,,6405
E02006655,Wiltshire 013,,6406
E02006656,Wiltshire 014,,6407
E02006657,Wiltshire 015,,6408
E02006658,Wiltshire 016,,6409
E02006659,Wiltshire 017,,6410
E02006660,Wiltshire 018,,6411
E02006661,Wiltshire 045,,6412
E02006662,Wiltshire 046,,6413
E02006663,Wiltshire 048,,6414
E02006664,Wiltshire 049,,6415
E02006665,Wiltshire 050,,6416
E02006666,Wiltshire 051,,6417
E02006667,Wiltshire 052,,6418
E02006668,Wiltshire 053,,6419
E02006669,Wiltshire 054,,6420
E02006670,Wiltshire 055,,6421
E02006671,Wiltshire 056,,6422
E02006672,Wiltshire 057,,6423
E02006673,Wiltshire 058,,6424
E02006674,Wiltshire 059,,6425
E02006675,Wiltshire 060,,6426
E02006676,Wiltshire 061,,6427
E02006677,Wiltshire 062,,6428
E02006678,Wiltshire 020,,6429
E02006679,Wiltshire 021,,6430
E02006680,Wiltshire 022,,6431
E02006681,Wiltshire 023,,6432
E02006682,Wiltshire 027,,6433
E02006683,Wiltshire 030,,6434
E02006684,Wiltshire 031,,6435
E02006685,Wiltshire 032,,6436
E02006686,Wiltshire 033,,6437
E02006687,Wiltshire 035,,6438
E02006688,Wiltshire 036,,6439
E02006689,Wiltshire 037,,6440
E02006690,Wiltshire 039,,6441
E02006692,Wiltshire 042,,6442
E02006693,Wiltshire 043,,6443
E02006694,Wiltshire 044,,6444
E02006695,Wiltshire 047,,6445
E02006696,Bromsgrove 001,,6446
E02006697,Bromsgrove 002,,6447
E02006698,Bromsgrove 003,,6448
E02006699,Bromsgrove 004,,6449
E02006700,Bromsgrove 005,,6450
E02006751,Wychavon 004,,6451
E02006852,Leeds 109,,6452
E02007009,Lewisham 041,,6453
E02006701,Bromsgrove 006,,6454
E02006702,Bromsgrove 007,,6455
E02006703,Bromsgrove 008,,6456
E02006704,Bromsgrove 009,,6457
E02006705,Bromsgrove 010,,6458
E02006706,Bromsgrove 011,,6459
E02006707,Bromsgrove 012,,6460
E02006708,Bromsgrove 013,,6461
E02006709,Bromsgrove 014,,6462
E02006710,Malvern Hills 001,,6463
E02006711,Malvern Hills 002,,6464
E02006712,Malvern Hills 003,,6465
E02006713,Malvern Hills 004,,6466
E02006714,Malvern Hills 005,,6467
E02006715,Malvern Hills 006,,6468
E02006716,Malvern Hills 007,,6469
E02006717,Malvern Hills 008,,6470
E02006718,Malvern Hills 009,,6471
E02006719,Malvern Hills 010,,6472
E02006720,Malvern Hills 011,,6473
E02006721,Redditch 001,,6474
E02006722,Redditch 002,,6475
E02006723,Redditch 003,,6476
E02006724,Redditch 004,,6477
E02006725,Redditch 005,,6478
E02006726,Redditch 006,,6479
E02006727,Redditch 007,,6480
E02006728,Redditch 008,,6481
E02006729,Redditch 009,,6482
E02006730,Redditch 010,,6483
E02006731,Redditch 011,,6484
E02006732,Redditch 012,,6485
E02006733,Redditch 013,,6486
E02006734,Worcester 001,,6487
E02006735,Worcester 002,,6488
E02006736,Worcester 003,,6489
E02006905,Nottingham 040,,6490
E02006737,Worcester 004,,6491
E02006738,Worcester 005,,6492
E02006739,Worcester 006,,6493
E02006906,Broxtowe 016,,6494
E02006740,Worcester 007,,6495
E02006802,Southwark 034,,6496
E02006907,Norwich 014,,6497
E02006741,Worcester 008,,6498
E02006958,Salford 032,,6499
E02007010,Bedford 021,,6500
E02006853,Tower Hamlets 032,,6501
E02006752,Wychavon 005,,6502
E02006803,Sheffield 072,,6503
E02006908,Norwich 015,,6504
E02006742,Worcester 009,,6505
E02007011,Bedford 022,,6506
E02006959,Salford 033,,6507
E02006854,Tower Hamlets 033,,6508
E02006753,Wychavon 006,,6509
E02006804,North East Derbyshire 014,,6510
E02006909,Hartlepool 014,,6511
E02006743,Worcester 010,,6512
E02007012,Milton Keynes 033,,6513
E02006960,Salford 034,,6514
E02006855,Canterbury 019,,6515
E02006754,Wychavon 007,,6516
E02006805,Coventry 043,,6517
E02006910,Redcar and Cleveland 022,,6518
E02006744,Worcester 011,,6519
E02007013,Milton Keynes 034,,6520
E02006961,Salford 035,,6521
E02006856,Canterbury 020,,6522
E02006755,Wychavon 008,,6523
E02006806,Nuneaton and Bedworth 018,,6524
E02006912,Manchester 055,,6525
E02006745,Worcester 012,,6526
E02007014,Milton Keynes 035,,6527
E02006962,Salford 036,,6528
E02006857,Eastbourne 013,,6529
E02006756,Wychavon 009,,6530
E02006807,Birmingham 132,,6531
E02006913,Manchester 056,,6532
E02006746,Worcester 013,,6533
E02007015,Milton Keynes 036,,6534
E02006963,Salford 037,,6535
E02006858,Eastbourne 014,,6536
E02006757,Wychavon 010,,6537
E02006808,Solihull 030,,6538
E02006914,Manchester 057,,6539
E02006747,Worcester 014,,6540
E02007016,Milton Keynes 037,,6541
E02007017,Redbridge 037,,6542
E02007018,Redbridge 038,,6543
E02007019,Redbridge 039,,6544
E02007020,Redbridge 040,,6545
E02007021,Oxford 020,,6546
E02007022,County Durham 067,,6547
E02007023,Wiltshire 063,,6548
E02007024,Wiltshire 064,,6549
E02007025,Wiltshire 065,,6550
E02007026,Wiltshire 066,,6551
E02007027,East Devon 021,,6552
E02007028,East Devon 022,,6553
E02007029,Derbyshire Dales 011,,6554
E02007030,Cheshire East 052,,6555
E02007031,Cheshire East 053,,6556
E02007032,North Norfolk 015,,6557
E02007033,North Norfolk 016,,6558
E02007034,Tewkesbury 010,,6559
E02007035,Tewkesbury 011,,6560
E02007038,Birmingham 141,,6561
E02007039,Birmingham 142,,6562
E02007040,Birmingham 143,,6563
E02007041,Craven 009,,6564
E02007042,Hambleton 012,,6565
E02007043,Hambleton 013,,6566
E02007044,Ryedale 009,,6567
E02007045,Ryedale 010,,6568
E02007046,Ashford 015,,6569
E02007047,Ashford 016,,6570
E02007048,Rugby 013,,6571
E02007049,Rugby 014,,6572
E02007050,Telford and Wrekin 024,,6573
E02007051,Telford and Wrekin 025,,6574
E02007052,Norwich 016,,6575
E02007053,Norwich 017,,6576
E02007054,South Norfolk 016,,6577
E02007055,South Norfolk 017,,6578
E02007056,Colchester 023,,6579
E02007057,Colchester 024,,6580
E02007058,Darlington 016,,6581
E02007059,Hartlepool 015,,6582
E02007060,Stockton-on-Tees 025,,6583
E02006915,Manchester 058,,6584
E02006916,Manchester 059,,6585
E02006917,Manchester 060,,6586
E02006918,Hackney 028,,6587
E02006919,South Derbyshire 012,,6588
E02006920,South Derbyshire 013,,6589
E02006921,Hackney 029,,6590
E02006922,Colchester 022,,6591
E02006924,Redbridge 035,,6592
E02006925,Redbridge 036,,6593
E02006926,Thurrock 020,,6594
E02006859,Thurrock 019,,6595
E02006927,Greenwich 034,,6596
E02006809,Birmingham 133,,6597
E02006861,Leeds 110,,6598
E02006758,Wychavon 011,,6599
E02006928,Greenwich 035,,6600
E02006810,Sandwell 039,,6601
E02006748,Wychavon 001,,6602
E02006964,Leicester 042,,6603
E02006862,North Northamptonshire 009,,6604
E02006759,Wychavon 012,,6605
E02006930,Greenwich 037,,6606
E02006811,Middlesbrough 020,,6607
E02006749,Wychavon 002,,6608
E02006965,Leicester 043,,6609
E02006863,North Northamptonshire 008,,6610
E02006760,Wychavon 013,,6611
E02006931,Greenwich 038,,6612
E02006812,Redcar and Cleveland 021,,6613
E02006750,Wychavon 003,,6614
E02006966,Oadby and Wigston 010,,6615
E02006864,Boston 008,,6616
E02006761,Wychavon 014,,6617
E02006932,Liverpool 060,,6618
E02006813,Kingston upon Hull 033,,6619
E02006967,Oadby and Wigston 011,,6620
E02006865,Boston 009,,6621
E02006762,Wychavon 015,,6622
E02006933,Liverpool 061,,6623
E02006814,East Riding of Yorkshire 043,,6624
E02006968,Ealing 041,,6625
E02006866,North Kesteven 013,,6626
E02006763,Wychavon 016,,6627
E02006934,Liverpool 062,,6628
E02006815,Leicester 037,,6629
E02006969,Ealing 042,,6630
E02006867,North Kesteven 014,,6631
E02006764,Wychavon 017,,6632
E02006935,St. Helens 024,,6633
E02006816,Harborough 011,,6634
E02006970,Ealing 043,,6635
E02006868,Sheffield 075,,6636
E02006765,Wychavon 018,,6637
E02006936,St. Helens 025,,6638
E02006817,Leicester 038,,6639
E02006971,Ealing 044,,6640
E02006972,Hounslow 030,,6641
E02006973,Hounslow 031,,6642
E02006974,Stoke-on-Trent 035,,6643
E02006975,Portsmouth 027,,6644
E02006976,Portsmouth 028,,6645
E02006978,Chelmsford 022,,6646
E02006979,Chelmsford 023,,6647
E02006980,Rochford 011,,6648
E02006981,Rochford 012,,6649
E02006982,South Staffordshire 015,,6650
E02006983,Manchester 061,,6651
E02006984,Manchester 062,,6652
E02006985,Manchester 063,,6653
E02006986,Manchester 064,,6654
E02006987,Croydon 046,,6655
E02006988,Croydon 047,,6656
E02006989,Plymouth 033,,6657
E02006990,Plymouth 034,,6658
E02006991,Greenwich 039,,6659
E02006992,Greenwich 040,,6660
E02006993,Greenwich 041,,6661
E02006994,Greenwich 042,,6662
E02006995,Newham 038,,6663
E02006996,Newham 039,,6664
E02006997,Newham 040,,6665
E02006998,Newham 041,,6666
E02006999,Newham 042,,6667
E02007000,Oldham 036,,6668
E02007001,Oldham 037,,6669
E02007002,Rotherham 034,,6670
E02007003,Pendle 014,,6671
E02007004,Thurrock 021,,6672
E02007005,Thurrock 022,,6673
E02007006,Dorset 031,,6674
E02007007,Dorset 032,,6675
E02007008,Lewisham 040,,6676
E02006766,Wychavon 019,,6677
E02006767,Wyre Forest 001,,6678
E02006768,Wyre Forest 002,,6679
E02006769,Wyre Forest 003,,6680
E02006770,Wyre Forest 004,,6681
E02006771,Wyre Forest 005,,6682
E02006772,Wyre Forest 006,,6683
E02006773,Wyre Forest 007,,6684
E02006774,Wyre Forest 008,,6685
E02006775,Wyre Forest 009,,6686
E02006776,Wyre Forest 010,,6687
E02006777,Wyre Forest 011,,6688
E02006778,Wyre Forest 012,,6689
E02006779,Wyre Forest 013,,6690
E02006780,Wyre Forest 014,,6691
E02006781,Isles of Scilly 001,,6692
E02006782,Bromley 040,,6693
E02006783,Lewisham 037,,6694
E02006784,Lewisham 038,,6695
E02006785,Bexley 029,,6696
E02006786,Greenwich 033,,6697
E02006787,Bromley 041,,6698
E02006788,Croydon 045,,6699
E02006789,Bromley 042,,6700
E02006790,Tandridge 012,,6701
E02006791,Ealing 040,,6702
E02006792,Hounslow 029,,6703
E02006793,Enfield 037,,6704
E02006937,Luton 022,,6705
E02006794,Haringey 037,,6706
E02006938,Luton 023,,6707
E02006869,Sheffield 076,,6708
E02006795,Harrow 032,,6709
E02006818,Oadby and Wigston 008,,6710
E02006939,Reading 019,,6711
E02006871,Lancaster 020,,6712
E02006796,Hillingdon 033,,6713
E02006819,Leicester 039,,6714
E02006940,Reading 020,,6715
E02006872,High Peak 013,,6716
E02006798,Lewisham 039,,6717
E02006820,Blaby 013,,6718
E02006941,Southwark 035,,6719
E02006873,South Cambridgeshire 020,,6720
E02006799,Barking and Dagenham 023,,6721
E02006821,Portsmouth 026,,6722
E02006942,Southwark 036,,6723
E02006874,South Cambridgeshire 021,,6724
E02006800,Redbridge 034,,6725
E02006822,Havant 018,,6726
E02006943,Sandwell 040,,6727
E02006875,Leeds 111,,6728
E02006801,Lambeth 036,,6729
E02006823,Buckinghamshire 039,,6730
E02006944,Sandwell 041,,6731
E02006876,Leeds 112,,6732
E02006824,Buckinghamshire 036,,6733
E02006945,Bradford 062,,6734
E02006877,Peterborough 022,,6735
E02006825,East Cambridgeshire 011,,6736
E02006946,Bradford 063,,6737
E02006878,Peterborough 023,,6738
E02006826,West Suffolk 015,,6739
E02006947,Bradford 064,,6740
E02006879,Folkestone and Hythe 014,,6741
E02006827,Amber Valley 017,,6742
E02006828,Erewash 016,,6743
E02006829,East Hampshire 016,,6744
E02006830,Havant 019,,6745
E02006831,Havant 020,,6746
E02006832,Sevenoaks 016,,6747
E02006833,Tonbridge and Malling 014,,6748
E02006834,Nottingham 038,,6749
E02006835,Gedling 016,,6750
E02006836,Sutton 025,,6751
E02006837,Epsom and Ewell 010,,6752
E02006838,East Hampshire 017,,6753
E02006839,Waverley 018,,6754
E02006840,Torbay 019,,6755
E02006841,Gateshead 027,,6756
E02006842,Gateshead 028,,6757
E02006843,Sheffield 073,,6758
E02006844,Sheffield 074,,6759
E02006845,North Somerset 026,,6760
E02006846,North Somerset 027,,6761
E02006847,Swindon 026,,6762
E02006848,Swindon 027,,6763
E02006849,Swindon 028,,6764
E02006850,Leicester 040,,6765
E02006851,Leicester 041,,6766
E02006880,Folkestone and Hythe 015,,6767
E02006881,Burnley 014,,6768
E02006882,Harrow 033,,6769
E02006883,"Bournemouth, Christchurch and Poole 040",,6770
E02006884,Rossendale 010,,6771
E02006885,"Bournemouth, Christchurch and Poole 045",,6772
E02006886,Vale of White Horse 016,,6773
E02006887,Bristol 054,,6774
E02006888,Bristol 055,,6775
E02006889,Bristol 056,,6776
E02006890,Bristol 057,,6777
E02006891,East Riding of Yorkshire 044,,6778
E02006892,East Riding of Yorkshire 045,,6779
E02006893,Newcastle upon Tyne 031,,6780
E02006894,Wolverhampton 035,,6781
E02006895,Birmingham 134,,6782
E02006896,Birmingham 135,,6783
E02006897,Birmingham 136,,6784
E02006898,Birmingham 137,,6785
E02006899,Birmingham 138,,6786
E02006900,Birmingham 139,,6787
E02006902,Manchester 054,,6788
E02006903,Bassetlaw 016,,6789
E02006904,Nottingham 039,,6790
E02006948,Bradford 065,,6791
E02006949,Bristol 058,,6792
E02006950,Bristol 059,,6793
E02006951,Bristol 060,,6794
E02006952,Bristol 061,,6795
E02006953,Barnet 042,,6796
E02006954,Barnet 043,,6797
E02006955,Brent 035,,6798
E02006956,Brent 036,,6799
E02006957,Salford 031,,6800
W02000157,Carmarthenshire 016,Sir Gaerfyrddin 016,6801
W02000158,Carmarthenshire 017,Sir Gaerfyrddin 017,6802
W02000159,Carmarthenshire 018,Sir Gaerfyrddin 018,6803
W02000160,Carmarthenshire 019,Sir Gaerfyrddin 019,6804
W02000161,Carmarthenshire 020,Sir Gaerfyrddin 020,6805
W02000162,Carmarthenshire 021,Sir Gaerfyrddin 021,6806
W02000163,Carmarthenshire 022,Sir Gaerfyrddin 022,6807
W02000164,Carmarthenshire 023,Sir Gaerfyrddin 023,6808
W02000165,Carmarthenshire 024,Sir Gaerfyrddin 024,6809
W02000166,Carmarthenshire 025,Sir Gaerfyrddin 025,6810
W02000167,Carmarthenshire 026,Sir Gaerfyrddin 026,6811
W02000168,Swansea 001,Abertawe 001,6812
W02000169,Swansea 002,Abertawe 002,6813
W02000170,Swansea 003,Abertawe 003,6814
W02000171,Swansea 004,Abertawe 004,6815
W02000172,Swansea 005,Abertawe 005,6816
W02000173,Swansea 006,Abertawe 006,6817
W02000174,Swansea 007,Abertawe 007,6818
W02000175,Swansea 008,Abertawe 008,6819
W02000176,Swansea 009,Abertawe 009,6820
W02000177,Swansea 010,Abertawe 010,6821
W02000178,Swansea 011,Abertawe 011,6822
W02000179,Swansea 012,Abertawe 012,6823
W02000180,Swansea 013,Abertawe 013,6824
W02000181,Swansea 014,Abertawe 014,6825
W02000182,Swansea 015,Abertawe 015,6826
W02000183,Swansea 016,Abertawe 016,6827
W02000184,Swansea 017,Abertawe 017,6828
W02000185,Swansea 018,Abertawe 018,6829
W02000186,Swansea 019,Abertawe 019,6830
W02000188,Swansea 021,Abertawe 021,6831
W02000189,Swansea 022,Abertawe 022,6832
W02000191,Swansea 024,Abertawe 024,6833
W02000192,Swansea 025,Abertawe 025,6834
W02000193,Swansea 026,Abertawe 026,6835
W02000194,Swansea 027,Abertawe 027,6836
W02000195,Swansea 028,Abertawe 028,6837
W02000196,Swansea 029,Abertawe 029,6838
W02000197,Swansea 030,Abertawe 030,6839
W02000198,Swansea 031,Abertawe 031,6840
W02000200,Neath Port Talbot 002,Castell-nedd Port Talbot 002,6841
W02000201,Neath Port Talbot 003,Castell-nedd Port Talbot 003,6842
W02000202,Neath Port Talbot 004,Castell-nedd Port Talbot 004,6843
W02000204,Neath Port Talbot 006,Castell-nedd Port Talbot 006,6844
W02000205,Neath Port Talbot 007,Castell-nedd Port Talbot 007,6845
W02000206,Neath Port Talbot 008,Castell-nedd Port Talbot 008,6846
W02000207,Neath Port Talbot 009,Castell-nedd Port Talbot 009,6847
W02000208,Neath Port Talbot 010,Castell-nedd Port Talbot 010,6848
W02000210,Neath Port Talbot 012,Castell-nedd Port Talbot 012,6849
W02000211,Neath Port Talbot 013,Castell-nedd Port Talbot 013,6850
E02007061,Stockton-on-Tees 026,,6851
W02000045,Denbighshire 004,Sir Ddinbych 004,6852
W02000047,Denbighshire 006,Sir Ddinbych 006,6853
W02000049,Denbighshire 008,Sir Ddinbych 008,6854
W02000050,Denbighshire 009,Sir Ddinbych 009,6855
W02000051,Denbighshire 010,Sir Ddinbych 010,6856
W02000052,Denbighshire 011,Sir Ddinbych 011,6857
W02000053,Denbighshire 012,Sir Ddinbych 012,6858
W02000054,Denbighshire 013,Sir Ddinbych 013,6859
W02000055,Denbighshire 014,Sir Ddinbych 014,6860
W02000056,Denbighshire 015,Sir Ddinbych 015,6861
W02000057,Denbighshire 016,Sir Ddinbych 016,6862
W02000058,Flintshire 001,Sir y Fflint 001,6863
W02000059,Flintshire 002,Sir y Fflint 002,6864
W02000060,Flintshire 003,Sir y Fflint 003,6865
W02000061,Flintshire 004,Sir y Fflint 004,6866
W02000062,Flintshire 005,Sir y Fflint 005,6867
W02000063,Flintshire 006,Sir y Fflint 006,6868
W02000064,Flintshire 007,Sir y Fflint 007,6869
W02000065,Flintshire 008,Sir y Fflint 008,6870
W02000066,Flintshire 009,Sir y Fflint 009,6871
W02000067,Flintshire 010,Sir y Fflint 010,6872
W02000068,Flintshire 011,Sir y Fflint 011,6873
W02000069,Flintshire 012,Sir y Fflint 012,6874
W02000070,Flintshire 013,Sir y Fflint 013,6875
W02000071,Flintshire 014,Sir y Fflint 014,6876
W02000072,Flintshire 015,Sir y Fflint 015,6877
W02000073,Flintshire 016,Sir y Fflint 016,6878
W02000074,Flintshire 017,Sir y Fflint 017,6879
W02000075,Flintshire 018,Sir y Fflint 018,6880
W02000076,Flintshire 019,Sir y Fflint 019,6881
W02000077,Flintshire 020,Sir y Fflint 020,6882
W02000080,Wrexham 003,Wrecsam 003,6883
W02000081,Wrexham 004,Wrecsam 004,6884
W02000082,Wrexham 005,Wrecsam 005,6885
W02000083,Wrexham 006,Wrecsam 006,6886
W02000085,Wrexham 008,Wrecsam 008,6887
W02000087,Wrexham 010,Wrecsam 010,6888
W02000088,Wrexham 011,Wrecsam 011,6889
W02000089,Wrexham 012,Wrecsam 012,6890
W02000090,Wrexham 013,Wrecsam 013,6891
W02000091,Wrexham 014,Wrecsam 014,6892
W02000092,Wrexham 015,Wrecsam 015,6893
W02000093,Wrexham 016,Wrecsam 016,6894
W02000094,Wrexham 017,Wrecsam 017,6895
W02000095,Wrexham 018,Wrecsam 018,6896
W02000096,Wrexham 019,Wrecsam 019,6897
W02000097,Powys 001,Powys 001,6898
W02000098,Powys 002,Powys 002,6899
W02000099,Powys 003,Powys 003,6900
W02000100,Powys 004,Powys 004,6901
W02000262,Rhondda Cynon Taf 011,Rhondda Cynon Taf 011,6902
W02000212,Neath Port Talbot 014,Castell-nedd Port Talbot 014,6903
E02007111,Hackney 033,,6904
E02007062,Stockton-on-Tees 027,,6905
W02000263,Rhondda Cynon Taf 012,Rhondda Cynon Taf 012,6906
W02000264,Rhondda Cynon Taf 013,Rhondda Cynon Taf 013,6907
W02000265,Rhondda Cynon Taf 014,Rhondda Cynon Taf 014,6908
W02000266,Rhondda Cynon Taf 015,Rhondda Cynon Taf 015,6909
W02000267,Rhondda Cynon Taf 016,Rhondda Cynon Taf 016,6910
W02000268,Rhondda Cynon Taf 017,Rhondda Cynon Taf 017,6911
W02000269,Rhondda Cynon Taf 018,Rhondda Cynon Taf 018,6912
W02000270,Rhondda Cynon Taf 019,Rhondda Cynon Taf 019,6913
W02000271,Rhondda Cynon Taf 020,Rhondda Cynon Taf 020,6914
W02000272,Rhondda Cynon Taf 021,Rhondda Cynon Taf 021,6915
W02000273,Rhondda Cynon Taf 022,Rhondda Cynon Taf 022,6916
W02000274,Rhondda Cynon Taf 023,Rhondda Cynon Taf 023,6917
W02000275,Rhondda Cynon Taf 024,Rhondda Cynon Taf 024,6918
W02000276,Rhondda Cynon Taf 025,Rhondda Cynon Taf 025,6919
W02000277,Rhondda Cynon Taf 026,Rhondda Cynon Taf 026,6920
W02000278,Rhondda Cynon Taf 027,Rhondda Cynon Taf 027,6921
W02000279,Rhondda Cynon Taf 028,Rhondda Cynon Taf 028,6922
W02000280,Rhondda Cynon Taf 029,Rhondda Cynon Taf 029,6923
W02000281,Rhondda Cynon Taf 030,Rhondda Cynon Taf 030,6924
W02000282,Rhondda Cynon Taf 031,Rhondda Cynon Taf 031,6925
W02000284,Merthyr Tydfil 002,Merthyr Tudful 002,6926
W02000285,Merthyr Tydfil 003,Merthyr Tudful 003,6927
W02000286,Merthyr Tydfil 004,Merthyr Tudful 004,6928
W02000287,Merthyr Tydfil 005,Merthyr Tudful 005,6929
W02000288,Merthyr Tydfil 006,Merthyr Tudful 006,6930
W02000289,Merthyr Tydfil 007,Merthyr Tudful 007,6931
W02000290,Caerphilly 001,Caerffili 001,6932
W02000291,Caerphilly 002,Caerffili 002,6933
W02000292,Caerphilly 003,Caerffili 003,6934
W02000293,Caerphilly 004,Caerffili 004,6935
W02000294,Caerphilly 005,Caerffili 005,6936
W02000295,Caerphilly 006,Caerffili 006,6937
W02000296,Caerphilly 007,Caerffili 007,6938
W02000297,Caerphilly 008,Caerffili 008,6939
W02000298,Caerphilly 009,Caerffili 009,6940
W02000299,Caerphilly 010,Caerffili 010,6941
W02000101,Powys 005,Powys 005,6942
W02000300,Caerphilly 011,Caerffili 011,6943
W02000301,Caerphilly 012,Caerffili 012,6944
W02000302,Caerphilly 013,Caerffili 013,6945
W02000102,Powys 006,Powys 006,6946
W02000303,Caerphilly 014,Caerffili 014,6947
W02000313,Caerphilly 024,Caerffili 024,6948
W02000103,Powys 007,Powys 007,6949
W02000213,Neath Port Talbot 015,Castell-nedd Port Talbot 015,6950
W02000304,Caerphilly 015,Caerffili 015,6951
W02000314,Blaenau Gwent 001,Blaenau Gwent 001,6952
E02007112,Tower Hamlets 034,,6953
W02000104,Powys 008,Powys 008,6954
W02000214,Neath Port Talbot 016,Castell-nedd Port Talbot 016,6955
W02000305,Caerphilly 016,Caerffili 016,6956
E02007063,Stockton-on-Tees 028,,6957
W02000315,Blaenau Gwent 002,Blaenau Gwent 002,6958
E02007113,Tower Hamlets 035,,6959
W02000105,Powys 009,Powys 009,6960
W02000215,Neath Port Talbot 017,Castell-nedd Port Talbot 017,6961
W02000306,Caerphilly 017,Caerffili 017,6962
E02007064,South Gloucestershire 033,,6963
W02000316,Blaenau Gwent 003,Blaenau Gwent 003,6964
E02007114,Tower Hamlets 036,,6965
W02000106,Powys 010,Powys 010,6966
W02000216,Neath Port Talbot 018,Castell-nedd Port Talbot 018,6967
W02000307,Caerphilly 018,Caerffili 018,6968
E02007065,South Gloucestershire 034,,6969
W02000317,Blaenau Gwent 004,Blaenau Gwent 004,6970
E02007115,Camden 029,,6971
W02000107,Powys 011,Powys 011,6972
W02000217,Neath Port Talbot 019,Castell-nedd Port Talbot 019,6973
W02000308,Caerphilly 019,Caerffili 019,6974
E02007116,Oxford 019,,6975
E02007066,South Gloucestershire 035,,6976
W02000001,Isle of Anglesey 001,Ynys Môn 001,6977
W02000318,Blaenau Gwent 005,Blaenau Gwent 005,6978
E02007067,South Gloucestershire 036,,6979
W02000108,Powys 012,Powys 012,6980
W02000309,Caerphilly 020,Caerffili 020,6981
W02000218,Bridgend 001,Pen-y-bont ar Ogwr 001,6982
W02000109,Powys 013,Powys 013,6983
W02000219,Bridgend 002,Pen-y-bont ar Ogwr 002,6984
W02000110,Powys 014,Powys 014,6985
W02000220,Bridgend 003,Pen-y-bont ar Ogwr 003,6986
W02000111,Powys 015,Powys 015,6987
W02000310,Caerphilly 021,Caerffili 021,6988
W02000319,Blaenau Gwent 006,Blaenau Gwent 006,6989
W02000221,Bridgend 004,Pen-y-bont ar Ogwr 004,6990
E02007068,Slough 015,,6991
W02000113,Powys 017,Powys 017,6992
W02000311,Caerphilly 022,Caerffili 022,6993
W02000002,Isle of Anglesey 002,Ynys Môn 002,6994
W02000320,Blaenau Gwent 007,Blaenau Gwent 007,6995
W02000222,Bridgend 005,Pen-y-bont ar Ogwr 005,6996
E02007069,Slough 016,,6997
W02000114,Powys 018,Powys 018,6998
W02000312,Caerphilly 023,Caerffili 023,6999
W02000003,Isle of Anglesey 003,Ynys Môn 003,7000
W02000321,Blaenau Gwent 008,Blaenau Gwent 008,7001
W02000223,Bridgend 006,Pen-y-bont ar Ogwr 006,7002
E02007070,North Northamptonshire 020,,7003
W02000116,Ceredigion 001,Ceredigion 001,7004
W02000004,Isle of Anglesey 004,Ynys Môn 004,7005
W02000322,Blaenau Gwent 009,Blaenau Gwent 009,7006
W02000224,Bridgend 007,Pen-y-bont ar Ogwr 007,7007
E02007071,North Northamptonshire 023,,7008
W02000117,Ceredigion 002,Ceredigion 002,7009
W02000005,Isle of Anglesey 005,Ynys Môn 005,7010
W02000323,Torfaen 001,Tor-faen 001,7011
W02000225,Bridgend 008,Pen-y-bont ar Ogwr 008,7012
E02007072,West Northamptonshire 035,,7013
W02000118,Ceredigion 003,Ceredigion 003,7014
W02000006,Isle of Anglesey 006,Ynys Môn 006,7015
W02000324,Torfaen 002,Tor-faen 002,7016
W02000226,Bridgend 009,Pen-y-bont ar Ogwr 009,7017
E02007073,West Northamptonshire 039,,7018
W02000120,Ceredigion 005,Ceredigion 005,7019
W02000007,Isle of Anglesey 007,Ynys Môn 007,7020
W02000325,Torfaen 003,Tor-faen 003,7021
W02000227,Bridgend 010,Pen-y-bont ar Ogwr 010,7022
E02007074,Southampton 033,,7023
W02000122,Ceredigion 007,Ceredigion 007,7024
W02000008,Isle of Anglesey 008,Ynys Môn 008,7025
W02000326,Torfaen 004,Tor-faen 004,7026
W02000228,Bridgend 011,Pen-y-bont ar Ogwr 011,7027
E02007075,Southampton 034,,7028
W02000123,Ceredigion 008,Ceredigion 008,7029
W02000009,Isle of Anglesey 009,Ynys Môn 009,7030
W02000327,Torfaen 005,Tor-faen 005,7031
W02000229,Bridgend 012,Pen-y-bont ar Ogwr 012,7032
E02007076,Test Valley 016,,7033
W02000124,Ceredigion 009,Ceredigion 009,7034
W02000010,Gwynedd 001,Gwynedd 001,7035
W02000328,Torfaen 006,Tor-faen 006,7036
W02000230,Bridgend 013,Pen-y-bont ar Ogwr 013,7037
E02007077,Test Valley 017,,7038
W02000125,Ceredigion 010,Ceredigion 010,7039
W02000011,Gwynedd 002,Gwynedd 002,7040
W02000329,Torfaen 007,Tor-faen 007,7041
W02000231,Bridgend 014,Pen-y-bont ar Ogwr 014,7042
E02007078,Test Valley 018,,7043
W02000126,Pembrokeshire 001,Sir Benfro 001,7044
W02000012,Gwynedd 003,Gwynedd 003,7045
W02000330,Torfaen 008,Tor-faen 008,7046
W02000232,Bridgend 015,Pen-y-bont ar Ogwr 015,7047
E02007079,Kingston upon Hull 034,,7048
W02000127,Pembrokeshire 002,Sir Benfro 002,7049
W02000128,Pembrokeshire 003,Sir Benfro 003,7050
W02000129,Pembrokeshire 004,Sir Benfro 004,7051
W02000130,Pembrokeshire 005,Sir Benfro 005,7052
W02000131,Pembrokeshire 006,Sir Benfro 006,7053
W02000132,Pembrokeshire 007,Sir Benfro 007,7054
W02000133,Pembrokeshire 008,Sir Benfro 008,7055
W02000134,Pembrokeshire 009,Sir Benfro 009,7056
W02000135,Pembrokeshire 010,Sir Benfro 010,7057
W02000136,Pembrokeshire 011,Sir Benfro 011,7058
W02000137,Pembrokeshire 012,Sir Benfro 012,7059
W02000138,Pembrokeshire 013,Sir Benfro 013,7060
W02000139,Pembrokeshire 014,Sir Benfro 014,7061
W02000140,Pembrokeshire 015,Sir Benfro 015,7062
W02000141,Pembrokeshire 016,Sir Benfro 016,7063
W02000142,Carmarthenshire 001,Sir Gaerfyrddin 001,7064
W02000143,Carmarthenshire 002,Sir Gaerfyrddin 002,7065
W02000144,Carmarthenshire 003,Sir Gaerfyrddin 003,7066
W02000145,Carmarthenshire 004,Sir Gaerfyrddin 004,7067
W02000146,Carmarthenshire 005,Sir Gaerfyrddin 005,7068
W02000147,Carmarthenshire 006,Sir Gaerfyrddin 006,7069
W02000148,Carmarthenshire 007,Sir Gaerfyrddin 007,7070
W02000149,Carmarthenshire 008,Sir Gaerfyrddin 008,7071
W02000151,Carmarthenshire 010,Sir Gaerfyrddin 010,7072
W02000152,Carmarthenshire 011,Sir Gaerfyrddin 011,7073
W02000153,Carmarthenshire 012,Sir Gaerfyrddin 012,7074
W02000154,Carmarthenshire 013,Sir Gaerfyrddin 013,7075
W02000156,Carmarthenshire 015,Sir Gaerfyrddin 015,7076
E02007080,Kingston upon Hull 035,,7077
E02007081,North East Lincolnshire 024,,7078
E02007082,Nottingham 041,,7079
E02007083,Wandsworth 038,,7080
E02007084,Wandsworth 039,,7081
E02007085,South Cambridgeshire 022,,7082
E02007086,Cambridge 015,,7083
E02007087,Cambridge 014,,7084
E02007088,North Hertfordshire 016,,7085
E02007089,North Hertfordshire 017,,7086
E02007090,St Albans 021,,7087
E02007091,Stevenage 013,,7088
E02007092,Welwyn Hatfield 017,,7089
E02007093,East Hertfordshire 019,,7090
E02007094,Gateshead 029,,7091
E02007095,Newcastle upon Tyne 032,,7092
E02007096,Newcastle upon Tyne 033,,7093
E02007097,Newcastle upon Tyne 034,,7094
E02007098,Newcastle upon Tyne 035,,7095
E02007099,Newcastle upon Tyne 036,,7096
E02007100,Newcastle upon Tyne 037,,7097
E02007101,Newcastle upon Tyne 038,,7098
E02007102,Newcastle upon Tyne 039,,7099
E02007103,Newcastle upon Tyne 040,,7100
E02007104,Newcastle upon Tyne 041,,7101
E02007105,Northumberland 041,,7102
W02000331,Torfaen 009,Tor-faen 009,7103
E02007106,Northumberland 042,,7104
W02000332,Torfaen 010,Tor-faen 010,7105
W02000233,Bridgend 016,Pen-y-bont ar Ogwr 016,7106
E02007107,Northumberland 043,,7107
W02000013,Gwynedd 004,Gwynedd 004,7108
W02000333,Torfaen 011,Tor-faen 011,7109
W02000234,Bridgend 017,Pen-y-bont ar Ogwr 017,7110
E02007108,Hackney 030,,7111
W02000014,Gwynedd 005,Gwynedd 005,7112
W02000334,Torfaen 012,Tor-faen 012,7113
W02000235,Bridgend 018,Pen-y-bont ar Ogwr 018,7114
E02007109,Hackney 031,,7115
W02000015,Gwynedd 006,Gwynedd 006,7116
W02000335,Torfaen 013,Tor-faen 013,7117
W02000236,Bridgend 019,Pen-y-bont ar Ogwr 019,7118
E02007110,Hackney 032,,7119
W02000016,Gwynedd 007,Gwynedd 007,7120
W02000336,Monmouthshire 001,Sir Fynwy 001,7121
W02000237,Vale of Glamorgan 001,Bro Morgannwg 001,7122
W02000017,Gwynedd 008,Gwynedd 008,7123
W02000337,Monmouthshire 002,Sir Fynwy 002,7124
W02000338,Monmouthshire 003,Sir Fynwy 003,7125
W02000339,Monmouthshire 004,Sir Fynwy 004,7126
W02000340,Monmouthshire 005,Sir Fynwy 005,7127
W02000341,Monmouthshire 006,Sir Fynwy 006,7128
W02000342,Monmouthshire 007,Sir Fynwy 007,7129
W02000343,Monmouthshire 008,Sir Fynwy 008,7130
W02000344,Monmouthshire 009,Sir Fynwy 009,7131
W02000345,Monmouthshire 010,Sir Fynwy 010,7132
W02000346,Monmouthshire 011,Sir Fynwy 011,7133
W02000347,Newport 001,Casnewydd 001,7134
W02000348,Newport 002,Casnewydd 002,7135
W02000349,Newport 003,Casnewydd 003,7136
W02000350,Newport 004,Casnewydd 004,7137
W02000351,Newport 005,Casnewydd 005,7138
W02000352,Newport 006,Casnewydd 006,7139
W02000353,Newport 007,Casnewydd 007,7140
W02000354,Newport 008,Casnewydd 008,7141
W02000355,Newport 009,Casnewydd 009,7142
W02000356,Newport 010,Casnewydd 010,7143
W02000357,Newport 011,Casnewydd 011,7144
W02000358,Newport 012,Casnewydd 012,7145
W02000359,Newport 013,Casnewydd 013,7146
W02000360,Newport 014,Casnewydd 014,7147
W02000361,Newport 015,Casnewydd 015,7148
W02000362,Newport 016,Casnewydd 016,7149
W02000018,Gwynedd 009,Gwynedd 009,7150
W02000019,Gwynedd 010,Gwynedd 010,7151
W02000020,Gwynedd 011,Gwynedd 011,7152
W02000021,Gwynedd 012,Gwynedd 012,7153
W02000022,Gwynedd 013,Gwynedd 013,7154
W02000023,Gwynedd 014,Gwynedd 014,7155
W02000024,Gwynedd 015,Gwynedd 015,7156
W02000025,Gwynedd 016,Gwynedd 016,7157
W02000026,Gwynedd 017,Gwynedd 017,7158
W02000027,Conwy 001,Conwy 001,7159
W02000028,Conwy 002,Conwy 002,7160
W02000029,Conwy 003,Conwy 003,7161
W02000030,Conwy 004,Conwy 004,7162
W02000031,Conwy 005,Conwy 005,7163
W02000032,Conwy 006,Conwy 006,7164
W02000033,Conwy 007,Conwy 007,7165
W02000034,Conwy 008,Conwy 008,7166
W02000035,Conwy 009,Conwy 009,7167
W02000036,Conwy 010,Conwy 010,7168
W02000037,Conwy 011,Conwy 011,7169
W02000038,Conwy 012,Conwy 012,7170
W02000039,Conwy 013,Conwy 013,7171
W02000040,Conwy 014,Conwy 014,7172
W02000041,Conwy 015,Conwy 015,7173
W02000042,Denbighshire 001,Sir Ddinbych 001,7174
W02000043,Denbighshire 002,Sir Ddinbych 002,7175
W02000044,Denbighshire 003,Sir Ddinbych 003,7176
W02000238,Vale of Glamorgan 002,Bro Morgannwg 002,7177
W02000239,Vale of Glamorgan 003,Bro Morgannwg 003,7178
W02000240,Vale of Glamorgan 004,Bro Morgannwg 004,7179
W02000241,Vale of Glamorgan 005,Bro Morgannwg 005,7180
W02000242,Vale of Glamorgan 006,Bro Morgannwg 006,7181
W02000243,Vale of Glamorgan 007,Bro Morgannwg 007,7182
W02000244,Vale of Glamorgan 008,Bro Morgannwg 008,7183
W02000245,Vale of Glamorgan 009,Bro Morgannwg 009,7184
W02000246,Vale of Glamorgan 010,Bro Morgannwg 010,7185
W02000247,Vale of Glamorgan 011,Bro Morgannwg 011,7186
W02000248,Vale of Glamorgan 012,Bro Morgannwg 012,7187
W02000249,Vale of Glamorgan 013,Bro Morgannwg 013,7188
W02000250,Vale of Glamorgan 014,Bro Morgannwg 014,7189
W02000251,Vale of Glamorgan 015,Bro Morgannwg 015,7190
W02000252,Rhondda Cynon Taf 001,Rhondda Cynon Taf 001,7191
W02000253,Rhondda Cynon Taf 002,Rhondda Cynon Taf 002,7192
W02000254,Rhondda Cynon Taf 003,Rhondda Cynon Taf 003,7193
W02000255,Rhondda Cynon Taf 004,Rhondda Cynon Taf 004,7194
W02000256,Rhondda Cynon Taf 005,Rhondda Cynon Taf 005,7195
W02000257,Rhondda Cynon Taf 006,Rhondda Cynon Taf 006,7196
W02000258,Rhondda Cynon Taf 007,Rhondda Cynon Taf 007,7197
W02000259,Rhondda Cynon Taf 008,Rhondda Cynon Taf 008,7198
W02000260,Rhondda Cynon Taf 009,Rhondda Cynon Taf 009,7199
W02000261,Rhondda Cynon Taf 010,Rhondda Cynon Taf 010,7200
W02000363,Newport 017,Casnewydd 017,7201
W02000364,Newport 018,Casnewydd 018,7202
W02000365,Newport 019,Casnewydd 019,7203
W02000366,Newport 020,Casnewydd 020,7204
W02000367,Cardiff 001,Caerdydd 001,7205
W02000368,Cardiff 002,Caerdydd 002,7206
W02000369,Cardiff 003,Caerdydd 003,7207
W02000370,Cardiff 004,Caerdydd 004,7208
W02000371,Cardiff 005,Caerdydd 005,7209
W02000372,Cardiff 006,Caerdydd 006,7210
W02000373,Cardiff 007,Caerdydd 007,7211
W02000374,Cardiff 008,Caerdydd 008,7212
W02000375,Cardiff 009,Caerdydd 009,7213
W02000376,Cardiff 010,Caerdydd 010,7214
W02000377,Cardiff 011,Caerdydd 011,7215
W02000378,Cardiff 012,Caerdydd 012,7216
W02000379,Cardiff 013,Caerdydd 013,7217
W02000380,Cardiff 014,Caerdydd 014,7218
W02000381,Cardiff 015,Caerdydd 015,7219
W02000382,Cardiff 016,Caerdydd 016,7220
W02000383,Cardiff 017,Caerdydd 017,7221
W02000384,Cardiff 018,Caerdydd 018,7222
W02000385,Cardiff 019,Caerdydd 019,7223
W02000386,Cardiff 020,Caerdydd 020,7224
W02000387,Cardiff 021,Caerdydd 021,7225
W02000388,Cardiff 022,Caerdydd 022,7226
W02000389,Cardiff 023,Caerdydd 023,7227
W02000390,Cardiff 024,Caerdydd 024,7228
W02000391,Cardiff 025,Caerdydd 025,7229
W02000392,Cardiff 026,Caerdydd 026,7230
W02000393,Cardiff 027,Caerdydd 027,7231
W02000394,Cardiff 028,Caerdydd 028,7232
W02000395,Cardiff 029,Caerdydd 029,7233
W02000396,Cardiff 030,Caerdydd 030,7234
W02000397,Cardiff 031,Caerdydd 031,7235
W02000398,Cardiff 032,Caerdydd 032,7236
W02000399,Cardiff 033,Caerdydd 033,7237
W02000400,Cardiff 034,Caerdydd 034,7238
W02000401,Cardiff 035,Caerdydd 035,7239
W02000402,Cardiff 036,Caerdydd 036,7240
W02000403,Cardiff 037,Caerdydd 037,7241
W02000404,Cardiff 038,Caerdydd 038,7242
W02000405,Cardiff 039,Caerdydd 039,7243
W02000406,Cardiff 040,Caerdydd 040,7244
W02000407,Cardiff 041,Caerdydd 041,7245
W02000408,Cardiff 042,Caerdydd 042,7246
W02000409,Cardiff 043,Caerdydd 043,7247
W02000410,Cardiff 044,Caerdydd 044,7248
W02000411,Cardiff 045,Caerdydd 045,7249
W02000412,Cardiff 046,Caerdydd 046,7250
W02000414,Powys 020,Powys 020,7251
W02000415,Merthyr Tydfil 008,Merthyr Tudful 008,7252
W02000416,Powys 021,Powys 021,7253
W02000417,Neath Port Talbot 020,Castell-nedd Port Talbot 020,7254
W02000418,Carmarthenshire 027,Sir Gaerfyrddin 027,7255
W02000419,Denbighshire 017,Sir Ddinbych 017,7256
W02000421,Ceredigion 011,Ceredigion 011,7257
W02000422,Cardiff 048,Caerdydd 048,7258
W02000423,Cardiff 049,Caerdydd 049,7259
W02000424,Wrexham 021,Wrecsam 021,7260
W02000425,Wrexham 022,Wrecsam 022,7261
W02000426,Wrexham 023,Wrecsam 023,7262
W02000427,Neath Port Talbot 021,Castell-nedd Port Talbot 021,7263
W02000428,Swansea 032,Abertawe 032,7264
